pdb_id,chain,protein,is_actin
8iai,8iai_1,Adducin 1,False
8iai,8iai_2,Adducin 1,False
8iai,8iai_3,Beta-adducin,False
8iai,8iai_4,Beta-adducin,False
8iai,8iai_9,Adducin 1,False
8iai,8iai_I,"Actin, cytoplasmic 1",True
8iai,8iai_K,"Actin, cytoplasmic 1",True
8iai,8iai_S,Spectrin beta chain,False
8iai,8iai_U,Tropomyosin-1.9,False
8iai,8iai_J,"Actin, cytoplasmic 1",True
8iai,8iai_T,Spectrin beta chain,False
8iai,8iai_V,Tropomyosin 3,False
8iai,8iai_5,Dematin actin binding protein,False
8iai,8iai_C,"Actin, cytoplasmic 1",True
8iai,8iai_D,"Actin, cytoplasmic 1",True
8iai,8iai_E,"Actin, cytoplasmic 1",True
8iai,8iai_M,Spectrin beta chain,False
8iai,8iai_N,Spectrin beta chain,False
8iai,8iai_O,Spectrin beta chain,False
8iai,8iai_P,Spectrin beta chain,False
8iai,8iai_6,Dematin actin binding protein,False
8iai,8iai_F,"Actin, cytoplasmic 1",True
8iai,8iai_G,"Actin, cytoplasmic 1",True
8iai,8iai_Q,Spectrin beta chain,False
8iai,8iai_R,Spectrin beta chain,False
8iai,8iai_7,Dematin actin binding protein,False
8iai,8iai_H,"Actin, cytoplasmic 1",True
8iai,8iai_A,"Actin, cytoplasmic 1",True
8iai,8iai_B,"Actin, cytoplasmic 1",True
8iai,8iai_Y,Tropomodulin-1,False
8iai,8iai_Z,SH3 domain-binding glutamic acid-rich-like protein,False
8efi,8efi_M,Myosin-7,False
8efi,8efi_B,"Actin, alpha cardiac muscle 1",True
8efi,8efi_F,"Actin, alpha cardiac muscle 1",True
8efi,8efi_D,"Actin, alpha cardiac muscle 1",True
8efi,8efi_P,Tropomyosin alpha-1 chain,False
8efi,8efi_C,"Actin, alpha cardiac muscle 1",True
8efi,8efi_E,"Actin, alpha cardiac muscle 1",True
8efi,8efi_O,Tropomyosin alpha-1 chain,False
6c1d,6c1d_P,Unconventional myosin-Ib,False
6c1d,6c1d_R,Calmodulin,False
6c1d,6c1d_D,"Actin, alpha skeletal muscle",True
6c1d,6c1d_B,"Actin, alpha skeletal muscle",True
6c1d,6c1d_E,"Actin, alpha skeletal muscle",True
6c1d,6c1d_C,"Actin, alpha skeletal muscle",True
6c1d,6c1d_A,"Actin, alpha skeletal muscle",True
8c4e,8c4e_A,"Actin, alpha skeletal muscle",True
8c4e,8c4e_B,"Actin, alpha skeletal muscle",True
8c4e,8c4e_C,"Actin, alpha skeletal muscle",True
8c4e,8c4e_M,Cell invasion protein SipA,False
8c4e,8c4e_N,Cell invasion protein SipA,False
8c4e,8c4e_D,"Actin, alpha skeletal muscle",True
8c4e,8c4e_E,"Actin, alpha skeletal muscle",True
8c4e,8c4e_K,Cell invasion protein SipA,False
8c4e,8c4e_F,"Actin, alpha skeletal muscle",True
8c4e,8c4e_L,Cell invasion protein SipA,False
8c4e,8c4e_G,"Actin, alpha skeletal muscle",True
8c4e,8c4e_H,"Actin, alpha skeletal muscle",True
9ug2,9ug2_A,Gelsolin,False
9ug2,9ug2_C,"Actin, alpha skeletal muscle",True
9ug2,9ug2_E,"Actin, alpha skeletal muscle",True
9ug2,9ug2_B,Gelsolin,False
9ug2,9ug2_D,"Actin, alpha skeletal muscle",True
9ug2,9ug2_F,"Actin, alpha skeletal muscle",True
5jlf,5jlf_A,"Actin, alpha skeletal muscle",True
5jlf,5jlf_B,"Actin, alpha skeletal muscle",True
5jlf,5jlf_C,"Actin, alpha skeletal muscle",True
5jlf,5jlf_D,"Actin, alpha skeletal muscle",True
5jlf,5jlf_E,"Actin, alpha skeletal muscle",True
7jh7,7jh7_A,"Actin, alpha cardiac muscle 1",True
7jh7,7jh7_F,Myosin-7,False
7jh7,7jh7_B,"Actin, alpha cardiac muscle 1",True
7jh7,7jh7_C,"Actin, alpha cardiac muscle 1",True
7jh7,7jh7_H,Myosin-7,False
7jh7,7jh7_E,"Actin, alpha cardiac muscle 1",True
7jh7,7jh7_D,"Actin, alpha cardiac muscle 1",True
7jh7,7jh7_G,Myosin-7,False
9kbx,9kbx_A,Growth arrest-specific protein 2,False
9kbx,9kbx_K,"Actin, alpha skeletal muscle",True
9kbx,9kbx_L,"Actin, alpha skeletal muscle",True
9kbx,9kbx_B,Growth arrest-specific protein 2,False
9kbx,9kbx_H,"Actin, alpha skeletal muscle",True
9kbx,9kbx_J,"Actin, alpha skeletal muscle",True
9bph,9bph_A,"Actin, alpha cardiac muscle 1",True
9bph,9bph_B,"Actin, alpha cardiac muscle 1",True
9bph,9bph_C,"Actin, alpha cardiac muscle 1",True
9bph,9bph_D,"Actin, alpha cardiac muscle 1",True
8c4c,8c4c_A,"Actin, alpha skeletal muscle",True
8c4c,8c4c_B,"Actin, alpha skeletal muscle",True
8c4c,8c4c_C,"Actin, alpha skeletal muscle",True
8c4c,8c4c_M,Cell invasion protein SipA,False
8c4c,8c4c_N,Cell invasion protein SipA,False
8c4c,8c4c_D,"Actin, alpha skeletal muscle",True
8c4c,8c4c_E,"Actin, alpha skeletal muscle",True
8c4c,8c4c_F,"Actin, alpha skeletal muscle",True
8c4c,8c4c_K,Cell invasion protein SipA,False
8c4c,8c4c_G,"Actin, alpha skeletal muscle",True
8c4c,8c4c_L,Cell invasion protein SipA,False
8c4c,8c4c_H,"Actin, alpha skeletal muscle",True
8iah,8iah_0,Adducin 1,False
8iah,8iah_4,Beta-adducin,False
8iah,8iah_L,"Actin, cytoplasmic 1",True
8iah,8iah_W,Tropomyosin 3,False
8iah,8iah_X,Tropomyosin 3,False
8iah,8iah_1,Adducin 1,False
8iah,8iah_2,Adducin 1,False
8iah,8iah_3,Beta-adducin,False
8iah,8iah_9,Beta-adducin,False
8iah,8iah_I,"Actin, cytoplasmic 1",True
8iah,8iah_K,"Actin, cytoplasmic 1",True
8iah,8iah_S,Spectrin beta chain,False
8iah,8iah_U,Tropomyosin-1.9,False
8iah,8iah_J,"Actin, cytoplasmic 1",True
8iah,8iah_T,Spectrin beta chain,False
8iah,8iah_V,Tropomyosin 3,False
8iah,8iah_5,Dematin actin binding protein,False
8iah,8iah_C,"Actin, cytoplasmic 1",True
8iah,8iah_D,"Actin, cytoplasmic 1",True
8iah,8iah_E,"Actin, cytoplasmic 1",True
8iah,8iah_M,Spectrin beta chain,False
8iah,8iah_N,Spectrin beta chain,False
8iah,8iah_O,Spectrin beta chain,False
8iah,8iah_P,Spectrin beta chain,False
8iah,8iah_6,Dematin actin binding protein,False
8iah,8iah_F,"Actin, cytoplasmic 1",True
8iah,8iah_G,"Actin, cytoplasmic 1",True
8iah,8iah_Q,Spectrin beta chain,False
8iah,8iah_R,Spectrin beta chain,False
8iah,8iah_7,Dematin actin binding protein,False
8iah,8iah_H,"Actin, cytoplasmic 1",True
8iah,8iah_8,"Spectrin alpha, erythrocytic 1",False
8iah,8iah_A,"Actin, cytoplasmic 1",True
8iah,8iah_B,"Actin, cytoplasmic 1",True
8iah,8iah_Y,Tropomodulin-1,False
8iah,8iah_Z,SH3 domain-binding glutamic acid-rich-like protein,False
8vaa,8vaa_A,"Actin, alpha skeletal muscle",True
8vaa,8vaa_B,"Actin, alpha skeletal muscle",True
8vaa,8vaa_C,"Actin, alpha skeletal muscle",True
8vaa,8vaa_K,F-actin-binding Coiled-Coil domain of LFAT1,False
8vaa,8vaa_D,"Actin, alpha skeletal muscle",True
8vaa,8vaa_L,F-actin-binding Coiled-Coil domain of LFAT1,False
8vaa,8vaa_E,"Actin, alpha skeletal muscle",True
8vaa,8vaa_M,F-actin-binding Coiled-Coil domain of LFAT1,False
8vaa,8vaa_F,"Actin, alpha skeletal muscle",True
8vaa,8vaa_N,F-actin-binding Coiled-Coil domain of LFAT1,False
8vaa,8vaa_G,"Actin, alpha skeletal muscle",True
8vaa,8vaa_O,F-actin-binding Coiled-Coil domain of LFAT1,False
8vaa,8vaa_H,"Actin, alpha skeletal muscle",True
8vaa,8vaa_P,F-actin-binding Coiled-Coil domain of LFAT1,False
8vaa,8vaa_I,"Actin, alpha skeletal muscle",True
8vaa,8vaa_Q,F-actin-binding Coiled-Coil domain of LFAT1,False
8vaa,8vaa_J,"Actin, alpha skeletal muscle",True
8vaa,8vaa_R,F-actin-binding Coiled-Coil domain of LFAT1,False
8vaa,8vaa_S,F-actin-binding Coiled-Coil domain of LFAT1,False
8vaa,8vaa_T,F-actin-binding Coiled-Coil domain of LFAT1,False
6vao,6vao_C,"Actin, alpha skeletal muscle",True
6vao,6vao_A,"Actin, alpha skeletal muscle",True
6vao,6vao_D,"Actin, alpha skeletal muscle",True
6vao,6vao_J,Cofilin-1,False
6vao,6vao_B,"Actin, alpha skeletal muscle",True
6vao,6vao_G,Cofilin-1,False
6vao,6vao_E,"Actin, alpha skeletal muscle",True
6vao,6vao_F,Cofilin-1,False
6vao,6vao_I,Cofilin-1,False
6vao,6vao_H,Cofilin-1,False
9hm9,9hm9_C,"Actin, alpha skeletal muscle",True
9hm9,9hm9_F,Inositol-trisphosphate 3-kinase A,False
9hm9,9hm9_A,"Actin, alpha skeletal muscle",True
9hm9,9hm9_E,"Actin, alpha skeletal muscle",True
9hm9,9hm9_B,"Actin, alpha skeletal muscle",True
9hm9,9hm9_D,"Actin, alpha skeletal muscle",True
8f8t,8f8t_A,"Actin, alpha skeletal muscle",True
8f8t,8f8t_B,"Actin, alpha skeletal muscle",True
8f8t,8f8t_C,"Actin, alpha skeletal muscle",True
8f8t,8f8t_T,Tropomodulin-1,False
8f8t,8f8t_D,"Actin, alpha skeletal muscle",True
8f8t,8f8t_E,"Actin, alpha skeletal muscle",True
8f8t,8f8t_F,"Actin, alpha skeletal muscle",True
8f8t,8f8t_G,"Actin, alpha skeletal muscle",True
6vau,6vau_E,"Actin, alpha skeletal muscle",True
6vau,6vau_A,"Actin, alpha skeletal muscle",True
6vau,6vau_B,"Actin, alpha skeletal muscle",True
6vau,6vau_D,"Actin, alpha skeletal muscle",True
6vau,6vau_C,"Actin, alpha skeletal muscle",True
9gob,9gob_C,"Actin, alpha skeletal muscle",True
9gob,9gob_F,Inositol-trisphosphate 3-kinase A,False
9gob,9gob_A,"Actin, alpha skeletal muscle",True
9gob,9gob_E,"Actin, alpha skeletal muscle",True
9gob,9gob_B,"Actin, alpha skeletal muscle",True
9gob,9gob_D,"Actin, alpha skeletal muscle",True
8ib2,8ib2_5,Dematin actin binding protein,False
8ib2,8ib2_D,"Actin, cytoplasmic 1, N-terminally processed",True
8ib2,8ib2_E,"Actin, cytoplasmic 1, N-terminally processed",True
8ib2,8ib2_B,"Actin, cytoplasmic 1, N-terminally processed",True
8ib2,8ib2_C,"Actin, cytoplasmic 1, N-terminally processed",True
8ib2,8ib2_F,"Actin, cytoplasmic 1, N-terminally processed",True
8f8s,8f8s_A,"Actin, alpha skeletal muscle",True
8f8s,8f8s_B,"Actin, alpha skeletal muscle",True
8f8s,8f8s_C,"Actin, alpha skeletal muscle",True
8f8s,8f8s_D,"Actin, alpha skeletal muscle",True
8f8s,8f8s_E,"Actin, alpha skeletal muscle",True
8f8s,8f8s_F,"Actin, alpha skeletal muscle",True
8f8s,8f8s_G,"Actin, alpha skeletal muscle",True
3tpq,3tpq_M,MAL,False
3tpq,3tpq_E,"Actin, alpha skeletal muscle",True
3tpq,3tpq_D,"Actin, alpha skeletal muscle",True
3tpq,3tpq_C,"Actin, alpha skeletal muscle",True
3tpq,3tpq_B,"Actin, alpha skeletal muscle",True
3tpq,3tpq_A,"Actin, alpha skeletal muscle",True
8ord,8ord_A,"Actin, alpha 1b, skeletal muscle",True
8ord,8ord_B,"Actin, alpha 1b, skeletal muscle",True
8ord,8ord_C,"Actin, alpha 1b, skeletal muscle",True
8ord,8ord_D,"Actin, alpha 1b, skeletal muscle",True
8ord,8ord_E,"Actin, alpha 1b, skeletal muscle",True
7ztc,7ztc_A,"actin, cytoplasmic 1",True
7ztc,7ztc_B,"actin, cytoplasmic 1",True
7ztc,7ztc_C,"actin, cytoplasmic 1",True
7ztc,7ztc_D,"actin, cytoplasmic 1",True
7ztc,7ztc_E,"actin, cytoplasmic 1",True
7ztc,7ztc_F,"actin, cytoplasmic 1",True
7ztc,7ztc_G,"actin, cytoplasmic 1",True
7ztc,7ztc_H,"actin, cytoplasmic 1",True
8f8r,8f8r_A,"Actin, alpha skeletal muscle",True
8f8r,8f8r_B,"Actin, alpha skeletal muscle",True
8f8r,8f8r_C,"Actin, alpha skeletal muscle",True
8f8r,8f8r_D,"Actin, alpha skeletal muscle",True
8f8r,8f8r_E,"Actin, alpha skeletal muscle",True
8f8r,8f8r_F,"Actin, alpha skeletal muscle",True
8f8r,8f8r_G,"Actin, alpha skeletal muscle",True
7pdz,7pdz_E,Isoform 2 of F-actin-capping protein subunit beta,False
7pdz,7pdz_F,F-actin-capping protein subunit alpha-1,False
7pdz,7pdz_I,"Actin, cytoplasmic 1",True
7pdz,7pdz_J,"Actin, cytoplasmic 1",True
7pdz,7pdz_K,"Actin, cytoplasmic 1",True
7pdz,7pdz_L,"Actin, cytoplasmic 1",True
7pdz,7pdz_N,"Actin, cytoplasmic 1",True
7pdz,7pdz_O,"Actin, cytoplasmic 1",True
9az6,9az6_A,"Actin, alpha skeletal muscle",True
9az6,9az6_B,"Actin, alpha skeletal muscle",True
9az6,9az6_C,"Actin, alpha skeletal muscle",True
9az6,9az6_H,Talin-1,False
9az6,9az6_I,Talin-1,False
9az6,9az6_D,"Actin, alpha skeletal muscle",True
9az6,9az6_F,Talin-1,False
9az6,9az6_J,Talin-1,False
9az6,9az6_K,Talin-1,False
9az6,9az6_E,"Actin, alpha skeletal muscle",True
9az6,9az6_L,Talin-1,False
9az6,9az6_M,Talin-1,False
9az6,9az6_G,Talin-1,False
8f8q,8f8q_A,"Actin, alpha skeletal muscle",True
8f8q,8f8q_B,"Actin, alpha skeletal muscle",True
8f8q,8f8q_C,"Actin, alpha skeletal muscle",True
8f8q,8f8q_D,"Actin, alpha skeletal muscle",True
8f8q,8f8q_E,"Actin, alpha skeletal muscle",True
8f8q,8f8q_F,"Actin, alpha skeletal muscle",True
8f8q,8f8q_G,F-actin-capping protein subunit alpha-1,False
8f8q,8f8q_H,F-actin-capping protein subunit beta,False
9go5,9go5_A,Actin,True
9go5,9go5_B,Actin,True
9go5,9go5_C,Actin,True
9go5,9go5_D,Actin,True
9go5,9go5_E,Actin,True
9dva,9dva_A,"Actin, alpha skeletal muscle",True
9dva,9dva_B,"Actin, alpha skeletal muscle",True
9dva,9dva_D,"Actin, alpha skeletal muscle",True
9dva,9dva_H,Catenin alpha-1,False
9dva,9dva_C,"Actin, alpha skeletal muscle",True
9dva,9dva_E,"Actin, alpha skeletal muscle",True
9dva,9dva_F,Catenin alpha-1,False
9dva,9dva_G,Afadin,False
8f8p,8f8p_A,"Actin, alpha skeletal muscle",True
8f8p,8f8p_B,"Actin, alpha skeletal muscle",True
8f8p,8f8p_C,"Actin, alpha skeletal muscle",True
8f8p,8f8p_D,"Actin, alpha skeletal muscle",True
8f8p,8f8p_E,"Actin, alpha skeletal muscle",True
9duu,9duu_A,"Actin, alpha skeletal muscle",True
9duu,9duu_B,"Actin, alpha skeletal muscle",True
9duu,9duu_C,"Actin, alpha skeletal muscle",True
9duu,9duu_D,"Actin, alpha skeletal muscle",True
9duu,9duu_E,"Actin, alpha skeletal muscle",True
9duu,9duu_F,"Actin, alpha skeletal muscle",True
7uxf,7uxf_A,"Actin, alpha skeletal muscle",True
7uxf,7uxf_B,"Actin, alpha skeletal muscle",True
7uxf,7uxf_C,"Actin, alpha skeletal muscle",True
7uxf,7uxf_D,"Actin, alpha skeletal muscle",True
7uxf,7uxf_E,"Actin, alpha skeletal muscle",True
7uxf,7uxf_F,"Actin, alpha skeletal muscle",True
9fjy,9fjy_A,"Actin, cytoplasmic 1, N-terminally processed",True
9fjy,9fjy_B,"Actin, cytoplasmic 1, N-terminally processed",True
9fjy,9fjy_C,"Actin, cytoplasmic 1, N-terminally processed",True
9fjy,9fjy_D,"Actin, cytoplasmic 1, N-terminally processed",True
9fjy,9fjy_E,Deoxyribonuclease-1,False
9fjy,9fjy_F,Deoxyribonuclease-1,False
4b1z,4b1z_M,PHOSPHATASE AND ACTIN REGULATOR 1,False
4b1z,4b1z_F,"ACTIN, ALPHA SKELETAL MUSCLE",True
4b1z,4b1z_A,"ACTIN, ALPHA SKELETAL MUSCLE",True
4b1z,4b1z_B,"ACTIN, ALPHA SKELETAL MUSCLE",True
4b1z,4b1z_C,"ACTIN, ALPHA SKELETAL MUSCLE",True
4b1z,4b1z_N,PHOSPHATASE AND ACTIN REGULATOR 1,False
4b1z,4b1z_D,"ACTIN, ALPHA SKELETAL MUSCLE",True
4b1z,4b1z_E,"ACTIN, ALPHA SKELETAL MUSCLE",True
8vkh,8vkh_A,"Actin, alpha skeletal muscle",True
8vkh,8vkh_B,"Actin, alpha skeletal muscle",True
8vkh,8vkh_C,"Actin, alpha skeletal muscle",True
8vkh,8vkh_D,"Actin, alpha skeletal muscle",True
8vkh,8vkh_E,"Actin, alpha skeletal muscle",True
8vkh,8vkh_H,Gelsolin,False
8vkh,8vkh_F,"Actin, alpha skeletal muscle",True
8vkh,8vkh_G,Gelsolin,False
9fju,9fju_A,"Actin, cytoplasmic 1, N-terminally processed",True
9fju,9fju_B,"Actin, cytoplasmic 1, N-terminally processed",True
9fju,9fju_C,"Actin, cytoplasmic 1, N-terminally processed",True
9fju,9fju_D,"Actin, cytoplasmic 1, N-terminally processed",True
9fju,9fju_E,Deoxyribonuclease-1,False
9fju,9fju_F,Deoxyribonuclease-1,False
3j8a,3j8a_E,"Actin, alpha skeletal muscle",True
3j8a,3j8a_D,"Actin, alpha skeletal muscle",True
3j8a,3j8a_A,"Actin, alpha skeletal muscle",True
3j8a,3j8a_C,"Actin, alpha skeletal muscle",True
3j8a,3j8a_B,"Actin, alpha skeletal muscle",True
7utj,7utj_A,"Actin, alpha skeletal muscle",True
7utj,7utj_B,"Actin, alpha skeletal muscle",True
7utj,7utj_C,"Actin, alpha skeletal muscle",True
7utj,7utj_H,Catenin alpha-1,False
7utj,7utj_D,"Actin, alpha skeletal muscle",True
7utj,7utj_G,Catenin alpha-1,False
7utj,7utj_I,Catenin alpha-1,False
7utj,7utj_E,"Actin, alpha skeletal muscle",True
7utj,7utj_Z,Catenin alpha-1,False
7utj,7utj_F,"Actin, alpha skeletal muscle",True
7utj,7utj_K,Catenin alpha-1,False
7utj,7utj_L,Catenin alpha-1,False
8dnh,8dnh_A,"Actin, cytoplasmic 1, N-terminally processed",True
8dnh,8dnh_B,"Actin, cytoplasmic 1, N-terminally processed",True
8dnh,8dnh_C,"Actin, cytoplasmic 1, N-terminally processed",True
8dnh,8dnh_D,"Actin, cytoplasmic 1, N-terminally processed",True
6iug,6iug_A,pollen F-actin,True
6iug,6iug_B,pollen F-actin,True
6iug,6iug_C,pollen F-actin,True
6iug,6iug_D,pollen F-actin,True
6iug,6iug_E,pollen F-actin,True
8viz,8viz_A,"Actin, alpha skeletal muscle",True
8viz,8viz_B,"Actin, alpha skeletal muscle",True
8viz,8viz_C,"Actin, alpha skeletal muscle",True
8viz,8viz_D,"Actin, alpha skeletal muscle",True
8viz,8viz_E,"Actin, alpha skeletal muscle",True
8viz,8viz_F,"Actin, alpha skeletal muscle",True
8viz,8viz_G,Gelsolin,False
7uuw,7uuw_A,"Actin, alpha skeletal muscle",True
7uuw,7uuw_B,"Actin, alpha skeletal muscle",True
7uuw,7uuw_C,"Actin, alpha skeletal muscle",True
7uuw,7uuw_H,Alpha-catenin-like protein hmp-1,False
7uuw,7uuw_D,"Actin, alpha skeletal muscle",True
7uuw,7uuw_G,Alpha-catenin-like protein hmp-1,False
7uuw,7uuw_I,Alpha-catenin-like protein hmp-1,False
7uuw,7uuw_E,"Actin, alpha skeletal muscle",True
7uuw,7uuw_Z,Alpha-catenin-like protein hmp-1,False
7uuw,7uuw_F,"Actin, alpha skeletal muscle",True
7uuw,7uuw_K,Alpha-catenin-like protein hmp-1,False
7uuw,7uuw_L,Alpha-catenin-like protein hmp-1,False
8thy,8thy_A,Actin,True
8thy,8thy_B,Actin,True
8thy,8thy_C,Actin,True
8thy,8thy_D,Actin,True
8thy,8thy_E,Actin,True
9fjo,9fjo_A,"Actin, alpha skeletal muscle",True
9fjo,9fjo_B,"Actin, alpha skeletal muscle",True
9fjo,9fjo_C,"Actin, alpha skeletal muscle",True
9fjo,9fjo_D,"Actin, alpha skeletal muscle",True
8rtt,8rtt_A,"Actin, cytoplasmic 1, N-terminally processed",True
8rtt,8rtt_B,"Actin, cytoplasmic 1, N-terminally processed",True
8rtt,8rtt_C,"Actin, cytoplasmic 1, N-terminally processed",True
8rtt,8rtt_D,"Actin, cytoplasmic 1, N-terminally processed",True
8rtt,8rtt_E,Cell division control protein 12,False
8rtt,8rtt_F,Cell division control protein 12,False
8rv2,8rv2_A,"Actin, alpha skeletal muscle",True
8rv2,8rv2_B,"Actin, alpha skeletal muscle",True
8rv2,8rv2_C,"Actin, alpha skeletal muscle",True
8rv2,8rv2_D,"Actin, alpha skeletal muscle",True
8rv2,8rv2_E,Isoform 2 of Inverted formin-2,False
8rv2,8rv2_F,Isoform 2 of Inverted formin-2,False
8thx,8thx_A,Actin,True
8thx,8thx_B,Actin,True
8thx,8thx_C,Actin,True
8thx,8thx_D,Actin,True
8thx,8thx_E,Actin,True
9qfw,9qfw_A,"Actin, cytoplasmic 1, N-terminally processed",True
9qfw,9qfw_B,"Actin, cytoplasmic 1, N-terminally processed",True
9qfw,9qfw_C,"Actin, cytoplasmic 1, N-terminally processed",True
9qfw,9qfw_F,Cofilin-1,False
9qfw,9qfw_D,"Actin, cytoplasmic 1, N-terminally processed",True
9qfw,9qfw_G,Cofilin-1,False
9qfw,9qfw_E,"Actin, cytoplasmic 1, N-terminally processed",True
9qfw,9qfw_H,Cofilin-1,False
9qfw,9qfw_I,Cofilin-1,False
9qfw,9qfw_P,"WD repeat-containing protein 1,Methylated-DNA--protein-cysteine methyltransferase",False
9qfw,9qfw_J,Cofilin-1,False
9qfw,9qfw_Q,"WD repeat-containing protein 1,Methylated-DNA--protein-cysteine methyltransferase",False
8ru0,8ru0_B,"Actin, alpha skeletal muscle",True
8ru0,8ru0_A,"Actin, alpha skeletal muscle",True
8ru0,8ru0_C,"Actin, alpha skeletal muscle",True
8ru0,8ru0_D,"Actin, alpha skeletal muscle",True
9qfq,9qfq_F,Cofilin-1,False
9qfq,9qfq_A,"Actin, cytoplasmic 1, N-terminally processed",True
9qfq,9qfq_C,"Actin, cytoplasmic 1, N-terminally processed",True
9qfq,9qfq_G,Cofilin-1,False
9qfq,9qfq_B,"Actin, cytoplasmic 1, N-terminally processed",True
9qfq,9qfq_D,"Actin, cytoplasmic 1, N-terminally processed",True
9qfq,9qfq_H,Cofilin-1,False
9qfq,9qfq_E,"Actin, cytoplasmic 1, N-terminally processed",True
9qfq,9qfq_I,Cofilin-1,False
9qfq,9qfq_P,"WD repeat-containing protein 1,Methylated-DNA--protein-cysteine methyltransferase",False
9qfq,9qfq_J,Cofilin-1,False
8uee,8uee_F,"Actin, alpha skeletal muscle",True
8uee,8uee_H,"Actin, alpha skeletal muscle",True
8uee,8uee_J,"Actin, alpha skeletal muscle",True
8uee,8uee_C,Cell invasion protein SipA,False
8uee,8uee_D,Cell invasion protein SipA,False
8uee,8uee_I,"Actin, alpha skeletal muscle",True
8uee,8uee_K,"Actin, alpha skeletal muscle",True
8uee,8uee_M,"Actin, alpha skeletal muscle",True
8uee,8uee_A,Cell invasion protein SipA,False
8uee,8uee_L,"Actin, alpha skeletal muscle",True
8uee,8uee_B,Cell invasion protein SipA,False
9qfo,9qfo_G,Cofilin-1,False
9qfo,9qfo_A,"Actin, cytoplasmic 1, N-terminally processed",True
9qfo,9qfo_C,"Actin, cytoplasmic 1, N-terminally processed",True
9qfo,9qfo_H,Cofilin-1,False
9qfo,9qfo_B,"Actin, cytoplasmic 1, N-terminally processed",True
9qfo,9qfo_D,"Actin, cytoplasmic 1, N-terminally processed",True
9qfo,9qfo_I,Cofilin-1,False
9qfo,9qfo_E,"Actin, cytoplasmic 1, N-terminally processed",True
9qfo,9qfo_J,Cofilin-1,False
9qfo,9qfo_F,"Actin, cytoplasmic 1, N-terminally processed",True
8d18,8d18_A,"Actin, alpha skeletal muscle",True
8d18,8d18_B,"Actin, alpha skeletal muscle",True
8d18,8d18_C,"Actin, alpha skeletal muscle",True
8d18,8d18_D,"Actin, alpha skeletal muscle",True
8d18,8d18_E,"Actin, alpha skeletal muscle",True
8d18,8d18_F,"Actin, alpha skeletal muscle",True
8d18,8d18_G,"Actin, alpha skeletal muscle",True
9sgk,9sgk_F,"Actin, alpha skeletal muscle",True
9sgk,9sgk_H,"Actin, alpha skeletal muscle",True
9sgk,9sgk_I,"Actin, alpha skeletal muscle",True
9sgk,9sgk_J,"Actin, alpha skeletal muscle",True
9sgk,9sgk_G,"Actin, alpha skeletal muscle",True
9qfk,9qfk_A,"Actin, cytoplasmic 1, N-terminally processed",True
9qfk,9qfk_B,"Actin, cytoplasmic 1, N-terminally processed",True
9qfk,9qfk_C,"Actin, cytoplasmic 1, N-terminally processed",True
9qfk,9qfk_H,"Coronin-1B,Methylated-DNA--protein-cysteine methyltransferase",False
9qfk,9qfk_I,"Coronin-1B,Methylated-DNA--protein-cysteine methyltransferase",False
9qfk,9qfk_J,Cofilin-1,False
9qfk,9qfk_D,"Actin, cytoplasmic 1, N-terminally processed",True
9qfk,9qfk_K,"Coronin-1B,Methylated-DNA--protein-cysteine methyltransferase",False
9qfk,9qfk_E,"Actin, cytoplasmic 1, N-terminally processed",True
9qfk,9qfk_L,"Coronin-1B,Methylated-DNA--protein-cysteine methyltransferase",False
9qfk,9qfk_F,"Actin, cytoplasmic 1, N-terminally processed",True
9qfk,9qfk_M,"Coronin-1B,Methylated-DNA--protein-cysteine methyltransferase",False
9qfk,9qfk_G,"Actin, cytoplasmic 1, N-terminally processed",True
9qfk,9qfk_N,"Coronin-1B,Methylated-DNA--protein-cysteine methyltransferase",False
8d17,8d17_A,"Actin, alpha skeletal muscle",True
8d17,8d17_B,"Actin, alpha skeletal muscle",True
8d17,8d17_C,"Actin, alpha skeletal muscle",True
8d17,8d17_D,"Actin, alpha skeletal muscle",True
8d17,8d17_E,"Actin, alpha skeletal muscle",True
8d17,8d17_F,"Actin, alpha skeletal muscle",True
8d17,8d17_G,"Actin, alpha skeletal muscle",True
9qgk,9qgk_A,Inositol-trisphosphate 3-kinase A,False
9qgk,9qgk_H,"Actin, alpha skeletal muscle",True
9qgk,9qgk_I,"Actin, alpha skeletal muscle",True
9qgk,9qgk_B,Inositol-trisphosphate 3-kinase A,False
9qgk,9qgk_F,"Actin, alpha skeletal muscle",True
9qgk,9qgk_J,"Actin, alpha skeletal muscle",True
9qgk,9qgk_C,Inositol-trisphosphate 3-kinase A,False
9qgk,9qgk_G,"Actin, alpha skeletal muscle",True
9qgk,9qgk_D,Inositol-trisphosphate 3-kinase A,False
9qgk,9qgk_E,Inositol-trisphosphate 3-kinase A,False
9bpm,9bpm_A,"Actin, alpha cardiac muscle 1",True
9bpm,9bpm_B,"Actin, alpha cardiac muscle 1",True
9bpm,9bpm_C,"Actin, alpha cardiac muscle 1",True
9bpm,9bpm_D,"Actin, alpha cardiac muscle 1",True
5ogw,5ogw_A,Actin-1,True
5ogw,5ogw_B,Actin-1,True
5ogw,5ogw_C,Actin-1,True
5ogw,5ogw_D,Actin-1,True
5ogw,5ogw_E,Actin-1,True
9qfj,9qfj_G,Cofilin-1,False
9qfj,9qfj_A,"Actin, cytoplasmic 1, N-terminally processed",True
9qfj,9qfj_C,"Actin, cytoplasmic 1, N-terminally processed",True
9qfj,9qfj_F,Cofilin-1,False
9qfj,9qfj_B,"Actin, cytoplasmic 1, N-terminally processed",True
9qfj,9qfj_H,Cofilin-1,False
9qfj,9qfj_D,"Actin, cytoplasmic 1, N-terminally processed",True
9qfj,9qfj_I,Cofilin-1,False
9qfj,9qfj_E,"Actin, cytoplasmic 1, N-terminally processed",True
9qfj,9qfj_J,Cofilin-1,False
8dmx,8dmx_A,"Actin, alpha skeletal muscle",True
8dmx,8dmx_B,"Actin, alpha skeletal muscle",True
8dmx,8dmx_C,"Actin, alpha skeletal muscle",True
8dmx,8dmx_D,"Actin, alpha skeletal muscle",True
9y9p,9y9p_A,"Actin, alpha skeletal muscle",True
9y9p,9y9p_B,"Actin, alpha skeletal muscle",True
9y9p,9y9p_C,"Actin, alpha skeletal muscle",True
9y9p,9y9p_a,Cofilin-2,False
9y9p,9y9p_D,"Actin, alpha skeletal muscle",True
9y9p,9y9p_b,Cofilin-2,False
9y9p,9y9p_E,"Actin, alpha skeletal muscle",True
9y9p,9y9p_c,Cofilin-2,False
9y9p,9y9p_d,Cofilin-2,False
9y9p,9y9p_e,Cofilin-2,False
8d15,8d15_A,"Actin, alpha skeletal muscle",True
8d15,8d15_B,"Actin, alpha skeletal muscle",True
8d15,8d15_C,"Actin, alpha skeletal muscle",True
8d15,8d15_D,"Actin, alpha skeletal muscle",True
8d15,8d15_E,"Actin, alpha skeletal muscle",True
8d15,8d15_F,"Actin, alpha skeletal muscle",True
8d15,8d15_G,"Actin, alpha skeletal muscle",True
6tu4,6tu4_A,Actin-1,True
6tu4,6tu4_B,Actin-1,True
6tu4,6tu4_C,Actin-1,True
6tu4,6tu4_D,Actin-1,True
6tu4,6tu4_F,Actin-1,True
9qfg,9qfg_H,Cofilin-1,False
9qfg,9qfg_A,"Actin, cytoplasmic 1, N-terminally processed",True
9qfg,9qfg_I,Cofilin-1,False
9qfg,9qfg_C,"Actin, cytoplasmic 1, N-terminally processed",True
9qfg,9qfg_L,"Coronin-1B,Methylated-DNA--protein-cysteine methyltransferase",False
9qfg,9qfg_B,"Actin, cytoplasmic 1, N-terminally processed",True
9qfg,9qfg_M,"Coronin-1B,Methylated-DNA--protein-cysteine methyltransferase",False
9qfg,9qfg_D,"Actin, cytoplasmic 1, N-terminally processed",True
9qfg,9qfg_E,"Actin, cytoplasmic 1, N-terminally processed",True
9qfg,9qfg_N,"Coronin-1B,Methylated-DNA--protein-cysteine methyltransferase",False
9qfg,9qfg_F,"Actin, cytoplasmic 1, N-terminally processed",True
9qfg,9qfg_G,"Actin, cytoplasmic 1, N-terminally processed",True
9qfg,9qfg_J,"Coronin-1B,Methylated-DNA--protein-cysteine methyltransferase",False
9qfg,9qfg_K,"Coronin-1B,Methylated-DNA--protein-cysteine methyltransferase",False
8e9b,8e9b_A,Actin-related protein 3,False
8e9b,8e9b_B,Actin-related protein 2,False
8e9b,8e9b_D,Actin-related protein 2/3 complex subunit 2,False
8e9b,8e9b_E,Actin-related protein 2/3 complex subunit 3,False
8e9b,8e9b_F,Actin-related protein 2/3 complex subunit 4,False
8e9b,8e9b_O,"Actin, alpha skeletal muscle",True
8e9b,8e9b_P,"Actin, alpha skeletal muscle",True
8e9b,8e9b_H,"Actin, alpha skeletal muscle",True
8e9b,8e9b_C,Actin-related protein 2/3 complex subunit 1,False
8e9b,8e9b_G,Actin-related protein 2/3 complex subunit 5,False
8e9b,8e9b_I,"Actin, alpha skeletal muscle",True
8e9b,8e9b_Q,"Actin, alpha skeletal muscle",True
8e9b,8e9b_R,"Actin, alpha skeletal muscle",True
8e9b,8e9b_M,"Actin, alpha skeletal muscle",True
8e9b,8e9b_N,"Actin, alpha skeletal muscle",True
8v2o,8v2o_A,"Actin, gamma-enteric smooth muscle",True
8v2o,8v2o_B,"Actin, gamma-enteric smooth muscle",True
8v2o,8v2o_C,"Actin, gamma-enteric smooth muscle",True
8v2o,8v2o_D,"Actin, gamma-enteric smooth muscle",True
8v2o,8v2o_E,"Actin, gamma-enteric smooth muscle",True
9y9m,9y9m_A,"Actin, alpha skeletal muscle",True
9y9m,9y9m_B,"Actin, alpha skeletal muscle",True
9y9m,9y9m_C,"Actin, alpha skeletal muscle",True
9y9m,9y9m_a,Cofilin-2,False
9y9m,9y9m_D,"Actin, alpha skeletal muscle",True
9y9m,9y9m_b,Cofilin-2,False
9y9m,9y9m_E,"Actin, alpha skeletal muscle",True
9y9m,9y9m_c,Cofilin-2,False
9y9m,9y9m_Y,F-actin-capping protein subunit alpha-1,False
9y9m,9y9m_Z,F-actin-capping protein subunit beta,False
6tu7,6tu7_AP1,Myosin-A,False
6tu7,6tu7_CP1,Actin-1,True
6tu7,6tu7_EP1,Actin-1,True
6tu7,6tu7_BP1,Actin-1,True
6tu7,6tu7_DP1,Actin-1,True
6tu7,6tu7_GP1,Myosin-A,False
9y9l,9y9l_A,"Actin, alpha skeletal muscle",True
9y9l,9y9l_B,"Actin, alpha skeletal muscle",True
9y9l,9y9l_C,"Actin, alpha skeletal muscle",True
9y9l,9y9l_a,Cofilin-2,False
9y9l,9y9l_D,"Actin, alpha skeletal muscle",True
9y9l,9y9l_b,Cofilin-2,False
9y9l,9y9l_E,"Actin, alpha skeletal muscle",True
9y9l,9y9l_c,Cofilin-2,False
9y9l,9y9l_Y,F-actin-capping protein subunit alpha-1,False
9y9l,9y9l_d,Cofilin-2,False
9y9l,9y9l_Z,F-actin-capping protein subunit beta,False
9zbp,9zbp_A,"Actin, alpha cardiac muscle 1",True
9zbp,9zbp_B,"Actin, alpha cardiac muscle 1",True
9zbp,9zbp_C,"Actin, alpha cardiac muscle 1",True
9zbp,9zbp_D,"Actin, alpha cardiac muscle 1",True
9zbp,9zbp_E,"Actin, alpha cardiac muscle 1",True
9zbp,9zbp_F,"Actin, alpha cardiac muscle 1",True
9zbp,9zbp_M,Tropomyosin alpha-1 chain,False
9zbp,9zbp_N,Tropomyosin alpha-1 chain,False
9zbp,9zbp_O,Tropomyosin alpha-1 chain,False
9zbp,9zbp_P,Tropomyosin alpha-1 chain,False
9qfe,9qfe_A,"Actin, cytoplasmic 1, N-terminally processed",True
9qfe,9qfe_B,"Actin, cytoplasmic 1, N-terminally processed",True
9qfe,9qfe_C,"Actin, cytoplasmic 1, N-terminally processed",True
9qfe,9qfe_H,Cofilin-1,False
9qfe,9qfe_I,Cofilin-1,False
9qfe,9qfe_L,"Coronin-1B,Methylated-DNA--protein-cysteine methyltransferase",False
9qfe,9qfe_D,"Actin, cytoplasmic 1, N-terminally processed",True
9qfe,9qfe_M,"Coronin-1B,Methylated-DNA--protein-cysteine methyltransferase",False
9qfe,9qfe_E,"Actin, cytoplasmic 1, N-terminally processed",True
9qfe,9qfe_J,Cofilin-1,False
9qfe,9qfe_F,"Actin, cytoplasmic 1, N-terminally processed",True
9qfe,9qfe_N,"Coronin-1B,Methylated-DNA--protein-cysteine methyltransferase",False
9qfe,9qfe_G,"Actin, cytoplasmic 1, N-terminally processed",True
9qfe,9qfe_K,Cofilin-1,False
7aln,7aln_A,Actin-1,True
7aln,7aln_B,Actin-1,True
7aln,7aln_C,Actin-1,True
7aln,7aln_D,Actin-1,True
7aln,7aln_E,Actin-1,True
7aln,7aln_F,Myosin-A,False
8a2z,8a2z_C,"Actin, alpha skeletal muscle",True
8a2z,8a2z_A,"Actin, alpha skeletal muscle",True
8a2z,8a2z_B,"Actin, alpha skeletal muscle",True
8a2z,8a2z_D,"Actin, alpha skeletal muscle",True
8a2z,8a2z_E,"Actin, alpha skeletal muscle",True
9y9j,9y9j_A,"Actin, alpha skeletal muscle",True
9y9j,9y9j_B,"Actin, alpha skeletal muscle",True
9y9j,9y9j_C,"Actin, alpha skeletal muscle",True
9y9j,9y9j_W,Adenylyl cyclase-associated protein 1,False
9y9j,9y9j_X,Adenylyl cyclase-associated protein 1,False
9y9j,9y9j_a,Cofilin-2,False
9y9j,9y9j_D,"Actin, alpha skeletal muscle",True
9y9j,9y9j_b,Cofilin-2,False
9y9j,9y9j_E,"Actin, alpha skeletal muscle",True
9y9j,9y9j_c,Cofilin-2,False
9y9j,9y9j_d,Cofilin-2,False
9y9j,9y9j_e,Cofilin-2,False
7r94,7r94_C,"Actin, alpha skeletal muscle",True
7r94,7r94_B,"Actin, alpha skeletal muscle",True
7r94,7r94_A,"Actin, alpha skeletal muscle",True
7r94,7r94_D,"Actin, alpha skeletal muscle",True
7r94,7r94_E,"Actin, alpha skeletal muscle",True
7r94,7r94_F,Plastin-3,False
7r94,7r94_G,Plastin-3,False
7r94,7r94_H,Plastin-3,False
8a2y,8a2y_C,"Actin, alpha skeletal muscle",True
8a2y,8a2y_A,"Actin, alpha skeletal muscle",True
8a2y,8a2y_B,"Actin, alpha skeletal muscle",True
8a2y,8a2y_D,"Actin, alpha skeletal muscle",True
8a2y,8a2y_E,"Actin, alpha skeletal muscle",True
9qfd,9qfd_A,"Actin, cytoplasmic 1, N-terminally processed",True
9qfd,9qfd_B,"Actin, cytoplasmic 1, N-terminally processed",True
9qfd,9qfd_C,"Actin, cytoplasmic 1, N-terminally processed",True
9qfd,9qfd_H,Cofilin-1,False
9qfd,9qfd_J,Cofilin-1,False
9qfd,9qfd_D,"Actin, cytoplasmic 1, N-terminally processed",True
9qfd,9qfd_I,Cofilin-1,False
9qfd,9qfd_K,Cofilin-1,False
9qfd,9qfd_E,"Actin, cytoplasmic 1, N-terminally processed",True
9qfd,9qfd_L,Cofilin-1,False
9qfd,9qfd_F,"Actin, cytoplasmic 1, N-terminally processed",True
9qfd,9qfd_M,Cofilin-1,False
9qfd,9qfd_G,"Actin, cytoplasmic 1, N-terminally processed",True
9qfd,9qfd_N,Cofilin-1,False
9yim,9yim_A,"Actin, alpha skeletal muscle",True
9yim,9yim_B,"Actin, alpha skeletal muscle",True
9yim,9yim_C,"Actin, alpha skeletal muscle",True
9yim,9yim_D,"Actin, alpha skeletal muscle",True
9yim,9yim_E,"Actin, alpha skeletal muscle",True
9yim,9yim_Y,F-actin-capping protein subunit alpha-1,False
9yim,9yim_Z,F-actin-capping protein subunit beta,False
9y52,9y52_A,"Actin, alpha skeletal muscle",True
9y52,9y52_B,"Actin, alpha skeletal muscle",True
9y52,9y52_C,"Actin, alpha skeletal muscle",True
9y52,9y52_W,Adenylyl cyclase-associated protein 1,False
9y52,9y52_a,Cofilin-2,False
9y52,9y52_D,"Actin, alpha skeletal muscle",True
9y52,9y52_b,Cofilin-2,False
9y52,9y52_E,"Actin, alpha skeletal muscle",True
9y52,9y52_c,Cofilin-2,False
9y52,9y52_d,Cofilin-2,False
9y52,9y52_e,Cofilin-2,False
7z7i,7z7i_D,"Actin, alpha skeletal muscle",True
7z7i,7z7i_B,"Actin, alpha skeletal muscle",True
7z7i,7z7i_E,"Actin, alpha skeletal muscle",True
7z7i,7z7i_C,"Actin, alpha skeletal muscle",True
7z7i,7z7i_A,"Actin, alpha skeletal muscle",True
8a2u,8a2u_C,"Actin, alpha skeletal muscle",True
8a2u,8a2u_A,"Actin, alpha skeletal muscle",True
8a2u,8a2u_B,"Actin, alpha skeletal muscle",True
8a2u,8a2u_D,"Actin, alpha skeletal muscle",True
8a2u,8a2u_E,"Actin, alpha skeletal muscle",True
8w36,8w36_D,"Actin, alpha skeletal muscle",True
8w36,8w36_C,"Actin, alpha skeletal muscle",True
8w36,8w36_B,"Actin, alpha skeletal muscle",True
8w36,8w36_E,"Actin, alpha skeletal muscle",True
8w36,8w36_A,"Actin, alpha skeletal muscle",True
8cco,8cco_A,Actin-2,True
8cco,8cco_B,Actin-2,True
8cco,8cco_C,Actin-2,True
8cco,8cco_D,Actin-2,True
8cco,8cco_E,Actin-2,True
8cco,8cco_F,Actin-2,True
9qfb,9qfb_A,"Actin, cytoplasmic 1, N-terminally processed",True
9qfb,9qfb_B,"Actin, cytoplasmic 1, N-terminally processed",True
9qfb,9qfb_C,"Actin, cytoplasmic 1, N-terminally processed",True
9qfb,9qfb_H,"Coronin-1B,Methylated-DNA--protein-cysteine methyltransferase",False
9qfb,9qfb_I,"Coronin-1B,Methylated-DNA--protein-cysteine methyltransferase",False
9qfb,9qfb_J,"Coronin-1B,Methylated-DNA--protein-cysteine methyltransferase",False
9qfb,9qfb_D,"Actin, cytoplasmic 1, N-terminally processed",True
9qfb,9qfb_K,"Coronin-1B,Methylated-DNA--protein-cysteine methyltransferase",False
9qfb,9qfb_E,"Actin, cytoplasmic 1, N-terminally processed",True
9qfb,9qfb_L,"Coronin-1B,Methylated-DNA--protein-cysteine methyltransferase",False
9qfb,9qfb_F,"Actin, cytoplasmic 1, N-terminally processed",True
9qfb,9qfb_M,"Coronin-1B,Methylated-DNA--protein-cysteine methyltransferase",False
9qfb,9qfb_G,"Actin, cytoplasmic 1, N-terminally processed",True
9qfb,9qfb_N,"Coronin-1B,Methylated-DNA--protein-cysteine methyltransferase",False
9xye,9xye_A,"Actin, alpha skeletal muscle",True
9xye,9xye_B,"Actin, alpha skeletal muscle",True
9xye,9xye_C,"Actin, alpha skeletal muscle",True
9xye,9xye_W,Adenylyl cyclase-associated protein 1,False
9xye,9xye_X,Adenylyl cyclase-associated protein 1,False
9xye,9xye_D,"Actin, alpha skeletal muscle",True
9xye,9xye_E,"Actin, alpha skeletal muscle",True
7z7h,7z7h_D,"Actin, alpha skeletal muscle",True
7z7h,7z7h_F,"Maltose/maltodextrin-binding periplasmic protein,TccC3",False
7z7h,7z7h_B,"Actin, alpha skeletal muscle",True
7z7h,7z7h_E,"Actin, alpha skeletal muscle",True
7z7h,7z7h_C,"Actin, alpha skeletal muscle",True
7z7h,7z7h_A,"Actin, alpha skeletal muscle",True
8a2t,8a2t_C,"Actin, alpha skeletal muscle",True
8a2t,8a2t_A,"Actin, alpha skeletal muscle",True
8a2t,8a2t_B,"Actin, alpha skeletal muscle",True
8a2t,8a2t_D,"Actin, alpha skeletal muscle",True
8a2t,8a2t_E,"Actin, alpha skeletal muscle",True
8zix,8zix_P,"Actin, alpha skeletal muscle",True
8zix,8zix_R,"Actin, alpha skeletal muscle",True
8zix,8zix_A,"Actin, alpha skeletal muscle",True
8zix,8zix_E,"Actin, alpha skeletal muscle",True
8zix,8zix_B,"Actin, alpha skeletal muscle",True
8zix,8zix_F,"Actin, alpha skeletal muscle",True
8ccn,8ccn_A,Actin-2,True
8ccn,8ccn_B,Actin-2,True
8ccn,8ccn_C,Actin-2,True
8ccn,8ccn_D,Actin-2,True
8ccn,8ccn_E,Actin-2,True
8ccn,8ccn_F,Actin-2,True
9q7o,9q7o_A,"Actin, alpha skeletal muscle",True
9q7o,9q7o_B,"Actin, alpha skeletal muscle",True
9q7o,9q7o_C,"Actin, alpha skeletal muscle",True
9q7o,9q7o_W,Adenylyl cyclase-associated protein 1,False
9q7o,9q7o_D,"Actin, alpha skeletal muscle",True
9q7o,9q7o_E,"Actin, alpha skeletal muscle",True
7tpt,7tpt_A,Actin-related protein 3,False
7tpt,7tpt_B,Actin-related protein 2,False
7tpt,7tpt_D,Actin-related protein 2/3 complex subunit 2,False
7tpt,7tpt_E,Actin-related protein 2/3 complex subunit 3,False
7tpt,7tpt_F,Actin-related protein 2/3 complex subunit 4,False
7tpt,7tpt_H,"Actin, alpha skeletal muscle",True
7tpt,7tpt_P,"Actin, alpha skeletal muscle",True
7tpt,7tpt_Q,"Actin, alpha skeletal muscle",True
7tpt,7tpt_R,"Actin, alpha skeletal muscle",True
7tpt,7tpt_C,Actin-related protein 2/3 complex subunit 1B,False
7tpt,7tpt_G,Actin-related protein 2/3 complex subunit 5,False
7tpt,7tpt_I,"Actin, alpha skeletal muscle",True
7tpt,7tpt_S,"Actin, alpha skeletal muscle",True
7tpt,7tpt_N,"Actin, alpha skeletal muscle",True
7tpt,7tpt_J,"Actin, alpha skeletal muscle",True
7tpt,7tpt_K,"Actin, alpha skeletal muscle",True
7tpt,7tpt_L,"Actin, alpha skeletal muscle",True
7tpt,7tpt_M,"Actin, alpha skeletal muscle",True
7tpt,7tpt_O,"Actin, alpha skeletal muscle",True
7tpt,7tpt_T,"Actin, alpha skeletal muscle",True
7tpt,7tpt_U,"Actin, alpha skeletal muscle",True
9qf2,9qf2_C,"Actin, cytoplasmic 1, N-terminally processed",True
9qf2,9qf2_H,"Coronin-1B,Methylated-DNA--protein-cysteine methyltransferase",False
9qf2,9qf2_A,"Actin, cytoplasmic 1, N-terminally processed",True
9qf2,9qf2_B,"Actin, cytoplasmic 1, N-terminally processed",True
9qf2,9qf2_D,"Actin, cytoplasmic 1, N-terminally processed",True
9qf2,9qf2_E,"Actin, cytoplasmic 1, N-terminally processed",True
9qf2,9qf2_G,"Coronin-1B,Methylated-DNA--protein-cysteine methyltransferase",False
9qf2,9qf2_I,"Coronin-1B,Methylated-DNA--protein-cysteine methyltransferase",False
9qf2,9qf2_J,"Coronin-1B,Methylated-DNA--protein-cysteine methyltransferase",False
9qf2,9qf2_F,"Coronin-1B,Methylated-DNA--protein-cysteine methyltransferase",False
8a2s,8a2s_C,"Actin, alpha skeletal muscle",True
8a2s,8a2s_A,"Actin, alpha skeletal muscle",True
8a2s,8a2s_B,"Actin, alpha skeletal muscle",True
8a2s,8a2s_D,"Actin, alpha skeletal muscle",True
8a2s,8a2s_E,"Actin, alpha skeletal muscle",True
8zbm,8zbm_E,"Actin, alpha skeletal muscle",True
8zbm,8zbm_H,"Actin, alpha skeletal muscle",True
8zbm,8zbm_O,"Actin, alpha skeletal muscle",True
8zbm,8zbm_Q,"Actin, alpha skeletal muscle",True
8zbm,8zbm_A,Myosin heavy chain 4,False
8zbm,8zbm_D,Myosin heavy chain 4,False
8zbm,8zbm_G,Tropomyosin beta chain,False
8zbm,8zbm_P,"Actin, alpha skeletal muscle",True
8zbm,8zbm_R,"Actin, alpha skeletal muscle",True
8zbm,8zbm_B,Tropomyosin beta chain,False
8zbm,8zbm_J,Myosin heavy chain 4,False
8zbm,8zbm_F,Tropomyosin beta chain,False
8zbm,8zbm_L,Myosin heavy chain 4,False
8zbm,8zbm_C,Tropomyosin beta chain,False
8zbm,8zbm_K,Myosin heavy chain 4,False
8zbm,8zbm_N,Myosin heavy chain 4,False
9q7n,9q7n_A,"Actin, alpha skeletal muscle",True
9q7n,9q7n_B,"Actin, alpha skeletal muscle",True
9q7n,9q7n_C,"Actin, alpha skeletal muscle",True
9q7n,9q7n_a,Cofilin-2,False
9q7n,9q7n_D,"Actin, alpha skeletal muscle",True
9q7n,9q7n_b,Cofilin-2,False
9q7n,9q7n_E,"Actin, alpha skeletal muscle",True
9q7n,9q7n_c,Cofilin-2,False
9q7n,9q7n_d,Cofilin-2,False
9q7n,9q7n_e,Cofilin-2,False
9qey,9qey_A,"Actin, cytoplasmic 1, N-terminally processed",True
9qey,9qey_B,"Actin, cytoplasmic 1, N-terminally processed",True
9qey,9qey_C,"Actin, cytoplasmic 1, N-terminally processed",True
9qey,9qey_H,"Coronin-1B,Methylated-DNA--protein-cysteine methyltransferase",False
9qey,9qey_D,"Actin, cytoplasmic 1, N-terminally processed",True
9qey,9qey_E,"Actin, cytoplasmic 1, N-terminally processed",True
8a2r,8a2r_C,"Actin, alpha skeletal muscle",True
8a2r,8a2r_A,"Actin, alpha skeletal muscle",True
8a2r,8a2r_B,"Actin, alpha skeletal muscle",True
8a2r,8a2r_D,"Actin, alpha skeletal muscle",True
8a2r,8a2r_E,"Actin, alpha skeletal muscle",True
7q8s,7q8s_A,Actin,True
7q8s,7q8s_B,ADF/Cofilin,False
7q8s,7q8s_C,Actin,True
7q8s,7q8s_G,ADF/Cofilin,False
7q8s,7q8s_D,Actin,True
7q8s,7q8s_E,Actin,True
7q8s,7q8s_F,Actin,True
7q8s,7q8s_H,ADF/Cofilin,False
7q8s,7q8s_I,ADF/Cofilin,False
7q8s,7q8s_J,ADF/Cofilin,False
9q7m,9q7m_A,"Actin, alpha skeletal muscle",True
9q7m,9q7m_B,"Actin, alpha skeletal muscle",True
9q7m,9q7m_C,"Actin, alpha skeletal muscle",True
9q7m,9q7m_a,Cofilin-2,False
9q7m,9q7m_D,"Actin, alpha skeletal muscle",True
9q7m,9q7m_b,Cofilin-2,False
9q7m,9q7m_E,"Actin, alpha skeletal muscle",True
9q7m,9q7m_c,Cofilin-2,False
9q7m,9q7m_d,Cofilin-2,False
9duv,9duv_A,"Actin, alpha skeletal muscle",True
9duv,9duv_B,"Actin, alpha skeletal muscle",True
9duv,9duv_C,"Actin, alpha skeletal muscle",True
9duv,9duv_D,"Actin, alpha skeletal muscle",True
9duv,9duv_E,"Actin, alpha skeletal muscle",True
9duv,9duv_F,"Actin, alpha skeletal muscle",True
9qew,9qew_C,"Actin, cytoplasmic 1, N-terminally processed",True
9qew,9qew_A,"Actin, cytoplasmic 1, N-terminally processed",True
9qew,9qew_B,"Actin, cytoplasmic 1, N-terminally processed",True
9qew,9qew_D,"Actin, cytoplasmic 1, N-terminally processed",True
9qew,9qew_E,"Actin, cytoplasmic 1, N-terminally processed",True
7q8c,7q8c_A,Actin,True
7q8c,7q8c_B,Actin,True
7q8c,7q8c_C,Actin,True
7q8c,7q8c_D,Actin,True
7q8c,7q8c_E,Actin,True
6djm,6djm_A,"Actin, alpha skeletal muscle",True
6djm,6djm_B,"Actin, alpha skeletal muscle",True
6djm,6djm_C,"Actin, alpha skeletal muscle",True
6djm,6djm_D,"Actin, alpha skeletal muscle",True
9q7l,9q7l_A,"Actin, alpha skeletal muscle",True
9q7l,9q7l_B,"Actin, alpha skeletal muscle",True
9q7l,9q7l_C,"Actin, alpha skeletal muscle",True
9q7l,9q7l_a,Cofilin-2,False
9q7l,9q7l_D,"Actin, alpha skeletal muscle",True
9q7l,9q7l_b,Cofilin-2,False
9q7l,9q7l_E,"Actin, alpha skeletal muscle",True
9q7l,9q7l_c,Cofilin-2,False
9b3d,9b3d_A,"Actin, alpha skeletal muscle",True
9b3d,9b3d_B,"Actin, alpha skeletal muscle",True
9b3d,9b3d_C,"Actin, alpha skeletal muscle",True
9b3d,9b3d_D,"Actin, alpha skeletal muscle",True
9b3d,9b3d_H,Protein diaphanous homolog 1,False
9b3d,9b3d_E,"Actin, alpha skeletal muscle",True
9b3d,9b3d_G,Protein diaphanous homolog 1,False
9b3d,9b3d_F,"Actin, alpha skeletal muscle",True
7q8b,7q8b_A,Actin,True
7q8b,7q8b_B,Actin,True
7q8b,7q8b_C,Actin,True
7q8b,7q8b_D,Actin,True
7q8b,7q8b_E,Actin,True
6djn,6djn_A,"Actin, alpha skeletal muscle",True
6djn,6djn_B,"Actin, alpha skeletal muscle",True
6djn,6djn_C,"Actin, alpha skeletal muscle",True
6djn,6djn_D,"Actin, alpha skeletal muscle",True
9q7k,9q7k_A,"Actin, alpha skeletal muscle",True
9q7k,9q7k_B,"Actin, alpha skeletal muscle",True
9q7k,9q7k_C,"Actin, alpha skeletal muscle",True
9q7k,9q7k_a,Cofilin-2,False
9q7k,9q7k_D,"Actin, alpha skeletal muscle",True
9q7k,9q7k_b,Cofilin-2,False
9q7k,9q7k_E,"Actin, alpha skeletal muscle",True
9q7k,9q7k_c,Cofilin-2,False
9q7k,9q7k_d,Cofilin-2,False
9q7k,9q7k_e,Cofilin-2,False
9b27,9b27_A,"Actin, alpha skeletal muscle",True
9b27,9b27_B,"Actin, alpha skeletal muscle",True
9b27,9b27_C,"Actin, alpha skeletal muscle",True
9b27,9b27_D,"Actin, alpha skeletal muscle",True
9b27,9b27_E,"Actin, alpha skeletal muscle",True
9b27,9b27_F,"Actin, alpha skeletal muscle",True
9b27,9b27_G,Protein diaphanous homolog 1,False
9b27,9b27_H,Protein diaphanous homolog 1,False
6djo,6djo_A,"Actin, alpha skeletal muscle",True
6djo,6djo_B,"Actin, alpha skeletal muscle",True
6djo,6djo_C,"Actin, alpha skeletal muscle",True
6djo,6djo_D,"Actin, alpha skeletal muscle",True
9fjm,9fjm_A,"Actin, cytoplasmic 1, N-terminally processed",True
9fjm,9fjm_B,"Actin, cytoplasmic 1, N-terminally processed",True
9fjm,9fjm_C,"Actin, cytoplasmic 1, N-terminally processed",True
9fjm,9fjm_D,"Actin, cytoplasmic 1, N-terminally processed",True
7k20,7k20_A,"Actin, alpha skeletal muscle",True
7k20,7k20_B,"Actin, alpha skeletal muscle",True
7k20,7k20_C,"Actin, alpha skeletal muscle",True
7k20,7k20_D,"Actin, alpha skeletal muscle",True
9b0k,9b0k_A,"Actin, alpha skeletal muscle",True
9b0k,9b0k_B,"Actin, alpha skeletal muscle",True
9b0k,9b0k_C,"Actin, alpha skeletal muscle",True
9b0k,9b0k_H,Inverted formin-2,False
9b0k,9b0k_D,"Actin, alpha skeletal muscle",True
9b0k,9b0k_G,Inverted formin-2,False
9b0k,9b0k_E,"Actin, alpha skeletal muscle",True
9b0k,9b0k_F,"Actin, alpha skeletal muscle",True
7k21,7k21_A,"Actin, alpha skeletal muscle",True
7k21,7k21_B,"Actin, alpha skeletal muscle",True
7k21,7k21_C,"Actin, alpha skeletal muscle",True
7k21,7k21_D,"Actin, alpha skeletal muscle",True
9m64,9m64_A,Actin-related protein 3,False
9m64,9m64_B,Actin-related protein 2,False
9m64,9m64_D,Actin-related protein 2/3 complex subunit 2,False
9m64,9m64_E,Actin-related protein 2/3 complex subunit 3,False
9m64,9m64_F,Actin-related protein 2/3 complex subunit 4,False
9m64,9m64_I,"Actin, alpha skeletal muscle",True
9m64,9m64_h,NCK-interacting protein with SH3 domain,False
9m64,9m64_C,Actin-related protein 2/3 complex subunit 1B,False
9m64,9m64_G,Actin-related protein 2/3 complex subunit 5,False
9m64,9m64_J,"Actin, alpha skeletal muscle",True
9m64,9m64_H,NCK-interacting protein with SH3 domain,False
9m64,9m64_a,Actin-related protein 3,False
9m64,9m64_e,Actin-related protein 2/3 complex subunit 3,False
9m64,9m64_K,"Actin, alpha skeletal muscle",True
9m64,9m64_L,"Actin, alpha skeletal muscle",True
9m64,9m64_b,Actin-related protein 2,False
9m64,9m64_d,Actin-related protein 2/3 complex subunit 2,False
9m64,9m64_f,Actin-related protein 2/3 complex subunit 4,False
9m64,9m64_i,"Actin, alpha skeletal muscle",True
9m64,9m64_c,Actin-related protein 2/3 complex subunit 1B,False
9m64,9m64_g,Actin-related protein 2/3 complex subunit 5,False
9m64,9m64_j,"Actin, alpha skeletal muscle",True
9m64,9m64_k,"Actin, alpha skeletal muscle",True
9m64,9m64_l,"Actin, alpha skeletal muscle",True
9b03,9b03_A,"Actin, alpha skeletal muscle",True
9b03,9b03_B,"Actin, alpha skeletal muscle",True
9b03,9b03_C,"Actin, alpha skeletal muscle",True
9b03,9b03_H,Inverted formin-2,False
9b03,9b03_D,"Actin, alpha skeletal muscle",True
9b03,9b03_G,Inverted formin-2,False
9b03,9b03_E,"Actin, alpha skeletal muscle",True
9b03,9b03_F,"Actin, alpha skeletal muscle",True
6kll,6kll_A,"Actin, alpha skeletal muscle",True
6kll,6kll_B,"Actin, alpha skeletal muscle",True
6kll,6kll_C,"Actin, alpha skeletal muscle",True
6kll,6kll_D,"Actin, alpha skeletal muscle",True
8oid,8oid_C,ACTB protein (Fragment),True
8oid,8oid_A,ACTB protein (Fragment),True
8oid,8oid_B,ACTB protein (Fragment),True
8oid,8oid_D,ACTB protein (Fragment),True
8oid,8oid_E,ACTB protein (Fragment),True
6kln,6kln_A,"Actin, alpha skeletal muscle",True
6kln,6kln_B,"Actin, alpha skeletal muscle",True
6kln,6kln_C,"Actin, alpha skeletal muscle",True
6kln,6kln_D,"Actin, alpha skeletal muscle",True
9azq,9azq_A,"Actin, alpha skeletal muscle",True
9azq,9azq_B,"Actin, alpha skeletal muscle",True
9azq,9azq_C,"Actin, alpha skeletal muscle",True
9azq,9azq_D,"Actin, alpha skeletal muscle",True
9azq,9azq_E,"Actin, alpha skeletal muscle",True
9azq,9azq_F,"Actin, alpha skeletal muscle",True
9azq,9azq_H,Inverted formin-2,False
9azq,9azq_I,"Actin, alpha skeletal muscle",True
9azq,9azq_G,Inverted formin-2,False
8oi8,8oi8_C,"Actin, cytoplasmic 1",True
8oi8,8oi8_A,"Actin, cytoplasmic 1",True
8oi8,8oi8_B,"Actin, cytoplasmic 1",True
8oi8,8oi8_D,"Actin, cytoplasmic 1",True
8oi8,8oi8_E,"Actin, cytoplasmic 1",True
6c1h,6c1h_A,"Actin, alpha skeletal muscle",True
6c1h,6c1h_B,"Actin, alpha skeletal muscle",True
6c1h,6c1h_C,"Actin, alpha skeletal muscle",True
6c1h,6c1h_D,"Actin, alpha skeletal muscle",True
6c1h,6c1h_P,Unconventional myosin-Ib,False
6c1h,6c1h_E,"Actin, alpha skeletal muscle",True
6c1h,6c1h_R,Calmodulin,False
9azp,9azp_A,"Actin, alpha skeletal muscle",True
9azp,9azp_B,"Actin, alpha skeletal muscle",True
9azp,9azp_C,"Actin, alpha skeletal muscle",True
9azp,9azp_D,"Actin, alpha skeletal muscle",True
9azp,9azp_E,"Actin, alpha skeletal muscle",True
9azp,9azp_F,"Actin, alpha skeletal muscle",True
9azp,9azp_G,Inverted formin-2,False
9azp,9azp_H,Inverted formin-2,False
9azp,9azp_I,"Actin, alpha skeletal muscle",True
9azp,9azp_J,Profilin-1,False
8dnf,8dnf_A,"Actin, cytoplasmic 2, N-terminally processed",True
8dnf,8dnf_B,"Actin, cytoplasmic 2, N-terminally processed",True
8dnf,8dnf_C,"Actin, cytoplasmic 2, N-terminally processed",True
8dnf,8dnf_D,"Actin, cytoplasmic 2, N-terminally processed",True
6upw,6upw_C,"Actin, alpha skeletal muscle",True
6upw,6upw_B,"Actin, alpha skeletal muscle",True
6upw,6upw_A,"Actin, alpha skeletal muscle",True
6upw,6upw_E,"Actin, alpha skeletal muscle",True
6upw,6upw_D,"Actin, alpha skeletal muscle",True
6upw,6upw_M,Vinculin,False
6upw,6upw_L,Vinculin,False
5jlh,5jlh_B,"Actin, cytoplasmic 2",True
5jlh,5jlh_A,"Actin, cytoplasmic 2",True
5jlh,5jlh_D,"Actin, cytoplasmic 2",True
5jlh,5jlh_C,"Actin, cytoplasmic 2",True
5jlh,5jlh_F,"Myosin-14,Alpha-actinin A",False
5jlh,5jlh_E,"Actin, cytoplasmic 2",True
5jlh,5jlh_G,"Myosin-14,Alpha-actinin A",False
8r3h,8r3h_F,"Actin, alpha skeletal muscle",True
8r3h,8r3h_H,"Actin, alpha skeletal muscle",True
8r3h,8r3h_I,"Actin, alpha skeletal muscle",True
8r3h,8r3h_J,"Actin, alpha skeletal muscle",True
8r3h,8r3h_G,"Actin, alpha skeletal muscle",True
7p1g,7p1g_M,"Maltose/maltodextrin-binding periplasmic protein,Adenylate cyclase ExoY",False
7p1g,7p1g_C,"Actin, alpha skeletal muscle",True
7p1g,7p1g_A,"Actin, alpha skeletal muscle",True
7p1g,7p1g_B,"Actin, alpha skeletal muscle",True
7p1g,7p1g_D,"Actin, alpha skeletal muscle",True
7p1g,7p1g_O,"Maltose/maltodextrin-binding periplasmic protein,Adenylate cyclase ExoY",False
7p1g,7p1g_E,"Actin, alpha skeletal muscle",True
7p1g,7p1g_K,"Maltose/maltodextrin-binding periplasmic protein,Adenylate cyclase ExoY",False
7p1g,7p1g_L,"Maltose/maltodextrin-binding periplasmic protein,Adenylate cyclase ExoY",False
7p1g,7p1g_N,"Maltose/maltodextrin-binding periplasmic protein,Adenylate cyclase ExoY",False
6upv,6upv_L,Catenin alpha-1,False
6upv,6upv_M,Catenin alpha-1,False
6upv,6upv_C,"Actin, alpha skeletal muscle",True
6upv,6upv_A,"Actin, alpha skeletal muscle",True
6upv,6upv_E,"Actin, alpha skeletal muscle",True
6upv,6upv_B,"Actin, alpha skeletal muscle",True
6upv,6upv_D,"Actin, alpha skeletal muscle",True
9az4,9az4_A,"Actin, alpha skeletal muscle",True
9az4,9az4_B,"Actin, alpha skeletal muscle",True
9az4,9az4_C,"Actin, alpha skeletal muscle",True
9az4,9az4_D,"Actin, alpha skeletal muscle",True
9az4,9az4_G,Inverted formin-2,False
9az4,9az4_E,"Actin, alpha skeletal muscle",True
9az4,9az4_H,Inverted formin-2,False
9az4,9az4_F,"Actin, alpha skeletal muscle",True
8zb7,8zb7_M,Myosin-7,False
8zb7,8zb7_B,"Actin, alpha cardiac muscle 1",True
8zb7,8zb7_F,"Actin, alpha cardiac muscle 1",True
8zb7,8zb7_D,"Actin, alpha cardiac muscle 1",True
8zb7,8zb7_P,Tropomyosin alpha-1 chain,False
8zb7,8zb7_H,Myosin-7,False
8zb7,8zb7_C,"Actin, alpha cardiac muscle 1",True
8zb7,8zb7_E,"Actin, alpha cardiac muscle 1",True
8zb7,8zb7_G,Myosin-7,False
8zb7,8zb7_A,"Actin, alpha cardiac muscle 1",True
8zb7,8zb7_I,Myosin-7,False
8zb7,8zb7_J,Myosin-7,False
8zb7,8zb7_L,Tropomyosin alpha-1 chain,False
8zb7,8zb7_K,Myosin-7,False
8zb7,8zb7_N,Tropomyosin alpha-1 chain,False
8zb7,8zb7_O,Tropomyosin alpha-1 chain,False
6t1y,6t1y_C,"Actin, alpha skeletal muscle",True
6t1y,6t1y_B,"Actin, alpha skeletal muscle",True
6t1y,6t1y_A,"Actin, alpha skeletal muscle",True
6t1y,6t1y_E,"Actin, alpha skeletal muscle",True
6t1y,6t1y_D,"Actin, alpha skeletal muscle",True
8d16,8d16_A,"Actin, alpha skeletal muscle, intermediate form",True
8d16,8d16_B,"Actin, alpha skeletal muscle, intermediate form",True
8d16,8d16_C,"Actin, alpha skeletal muscle, intermediate form",True
8d16,8d16_D,"Actin, alpha skeletal muscle, intermediate form",True
8d16,8d16_E,"Actin, alpha skeletal muscle, intermediate form",True
8d16,8d16_F,"Actin, alpha skeletal muscle, intermediate form",True
8d16,8d16_G,"Actin, alpha skeletal muscle, intermediate form",True
6t20,6t20_C,"Actin, alpha skeletal muscle",True
6t20,6t20_B,"Actin, alpha skeletal muscle",True
6t20,6t20_A,"Actin, alpha skeletal muscle",True
6t20,6t20_E,"Actin, alpha skeletal muscle",True
6t20,6t20_D,"Actin, alpha skeletal muscle",True
7r8v,7r8v_B,"Actin, alpha skeletal muscle, intermediate form",True
7r8v,7r8v_A,"Actin, alpha skeletal muscle, intermediate form",True
7r8v,7r8v_C,"Actin, alpha skeletal muscle, intermediate form",True
7r8v,7r8v_D,"Actin, alpha skeletal muscle, intermediate form",True
7r8v,7r8v_E,"Actin, alpha skeletal muscle, intermediate form",True
6t23,6t23_D,"Actin, alpha skeletal muscle",True
6t23,6t23_E,"Actin, alpha skeletal muscle",True
6t23,6t23_B,"Actin, alpha skeletal muscle",True
6t23,6t23_C,"Actin, alpha skeletal muscle",True
6t23,6t23_A,"Actin, alpha skeletal muscle",True
7ahn,7ahn_C,"Actin, alpha skeletal muscle",True
7ahn,7ahn_A,"Actin, alpha skeletal muscle",True
7ahn,7ahn_E,"Actin, alpha skeletal muscle",True
7ahn,7ahn_D,"Actin, alpha skeletal muscle",True
7ahn,7ahn_B,"Actin, alpha skeletal muscle",True
9p1i,9p1i_Q,"Actin, cytoplasmic 1",True
9p1i,9p1i_R,"Actin, cytoplasmic 1",True
9p1i,9p1i_S,"Actin, cytoplasmic 1",True
9p1i,9p1i_T,"Actin, cytoplasmic 1",True
9p1i,9p1i_W,"Actin, cytoplasmic 1",True
9p1i,9p1i_c,VopV,False
9p1i,9p1i_f,VopV,False
9p1i,9p1i_g,VopV,False
9p1i,9p1i_X,"Actin, cytoplasmic 1",True
9p1i,9p1i_i,VopV,False
9p1i,9p1i_U,"Actin, cytoplasmic 1",True
9p1i,9p1i_V,"Actin, cytoplasmic 1",True
9p1i,9p1i_d,VopV,False
9p1i,9p1i_h,VopV,False
9p1i,9p1i_e,VopV,False
9p1i,9p1i_Y,"Actin, cytoplasmic 1",True
9p1i,9p1i_j,VopV,False
9p1i,9p1i_Z,"Actin, cytoplasmic 1",True
9p1i,9p1i_k,VopV,False
9p1i,9p1i_a,"Actin, cytoplasmic 1",True
9p1i,9p1i_l,VopV,False
9p1i,9p1i_b,"Actin, cytoplasmic 1",True
9p1i,9p1i_m,VopV,False
9p1i,9p1i_n,VopV,False
6t24,6t24_E,"Actin, alpha skeletal muscle",True
6t24,6t24_D,"Actin, alpha skeletal muscle",True
6t24,6t24_C,"Actin, alpha skeletal muscle",True
6t24,6t24_B,"Actin, alpha skeletal muscle",True
6t24,6t24_A,"Actin, alpha skeletal muscle",True
7ahq,7ahq_A,"Actin, alpha skeletal muscle",True
7ahq,7ahq_B,"Actin, alpha skeletal muscle",True
7ahq,7ahq_C,"Actin, alpha skeletal muscle",True
7ahq,7ahq_D,"Actin, alpha skeletal muscle",True
7ahq,7ahq_E,"Actin, alpha skeletal muscle",True
6t25,6t25_D,"Actin, alpha skeletal muscle",True
6t25,6t25_E,"Actin, alpha skeletal muscle",True
6t25,6t25_B,"Actin, alpha skeletal muscle",True
6t25,6t25_C,"Actin, alpha skeletal muscle",True
6t25,6t25_A,"Actin, alpha skeletal muscle",True
7bt7,7bt7_A,"Actin, alpha skeletal muscle",True
7bt7,7bt7_B,"Actin, alpha skeletal muscle",True
7bt7,7bt7_C,"Actin, alpha skeletal muscle",True
7bt7,7bt7_D,"Actin, alpha skeletal muscle",True
7bt7,7bt7_E,"Actin, alpha skeletal muscle",True
9p3d,9p3d_Q,"Actin, alpha skeletal muscle",True
9p3d,9p3d_R,"Actin, alpha skeletal muscle",True
9p3d,9p3d_S,"Actin, alpha skeletal muscle",True
9p3d,9p3d_c,Vibrio VopV,False
9p3d,9p3d_d,Vibrio VopV,False
9p3d,9p3d_T,"Actin, alpha skeletal muscle",True
9p3d,9p3d_e,Vibrio VopV,False
9p3d,9p3d_U,"Actin, alpha skeletal muscle",True
9p3d,9p3d_f,Vibrio VopV,False
9p3d,9p3d_V,"Actin, alpha skeletal muscle",True
9p3d,9p3d_g,Vibrio VopV,False
9p3d,9p3d_W,"Actin, alpha skeletal muscle",True
9p3d,9p3d_h,Vibrio VopV,False
9p3d,9p3d_X,"Actin, alpha skeletal muscle",True
9p3d,9p3d_i,Vibrio VopV,False
9p3d,9p3d_Y,"Actin, alpha skeletal muscle",True
9p3d,9p3d_j,Vibrio VopV,False
9p3d,9p3d_Z,"Actin, alpha skeletal muscle",True
9p3d,9p3d_k,Vibrio VopV,False
9p3d,9p3d_a,"Actin, alpha skeletal muscle",True
9p3d,9p3d_l,Vibrio VopV,False
9p3d,9p3d_m,Vibrio VopV,False
6d8c,6d8c_L,"Actin, alpha skeletal muscle",True
6d8c,6d8c_J,"Actin, alpha skeletal muscle",True
6d8c,6d8c_K,"Actin, alpha skeletal muscle",True
6d8c,6d8c_H,"Actin, alpha skeletal muscle",True
6d8c,6d8c_C,Filamin-A,False
6d8c,6d8c_M,"Actin, alpha skeletal muscle",True
6d8c,6d8c_D,Filamin-A,False
6d8c,6d8c_E,Filamin-A,False
6d8c,6d8c_A,Filamin-A,False
6d8c,6d8c_B,Filamin-A,False
7bti,7bti_A,"Actin, alpha skeletal muscle",True
7bti,7bti_B,"Actin, alpha skeletal muscle",True
7bti,7bti_C,"Actin, alpha skeletal muscle",True
7bti,7bti_D,"Actin, alpha skeletal muscle",True
7bti,7bti_E,"Actin, alpha skeletal muscle",True
5oof,5oof_D,"Actin, alpha skeletal muscle",True
5oof,5oof_E,"Actin, alpha skeletal muscle",True
5oof,5oof_B,"Actin, alpha skeletal muscle",True
5oof,5oof_C,"Actin, alpha skeletal muscle",True
5oof,5oof_A,"Actin, alpha skeletal muscle",True
6m5g,6m5g_A,"Actin, alpha skeletal muscle",True
6m5g,6m5g_B,"Actin, alpha skeletal muscle",True
6m5g,6m5g_C,"Actin, alpha skeletal muscle",True
6m5g,6m5g_G,Utrophin,False
6m5g,6m5g_D,"Actin, alpha skeletal muscle",True
6m5g,6m5g_F,Utrophin,False
6m5g,6m5g_E,"Actin, alpha skeletal muscle",True
6m5g,6m5g_H,Utrophin,False
8uz1,8uz1_J,"Actin, alpha skeletal muscle",True
8uz1,8uz1_K,"Actin, alpha skeletal muscle",True
8uz1,8uz1_L,"Actin, alpha skeletal muscle",True
8uz1,8uz1_M,"Actin, alpha skeletal muscle",True
8uz1,8uz1_N,"Actin, alpha skeletal muscle",True
8uz1,8uz1_O,"Actin, alpha skeletal muscle",True
8uz1,8uz1_P,"Actin, alpha skeletal muscle",True
8uz1,8uz1_Q,"Actin, alpha skeletal muscle",True
8uz1,8uz1_R,"Actin, alpha skeletal muscle",True
8dmy,8dmy_A,"Actin, alpha cardiac muscle 1",True
8dmy,8dmy_B,"Actin, alpha cardiac muscle 1",True
8dmy,8dmy_C,"Actin, alpha cardiac muscle 1",True
8dmy,8dmy_D,"Actin, alpha cardiac muscle 1",True
8vfm,8vfm_B,Cell invasion protein SipA,False
8vfm,8vfm_J,"Actin, alpha skeletal muscle",True
8vfm,8vfm_W,"Actin, alpha skeletal muscle",True
8vfm,8vfm_A,Cell invasion protein SipA,False
8vfm,8vfm_L,"Actin, alpha skeletal muscle",True
8vfm,8vfm_M,"Actin, alpha skeletal muscle",True
8vfm,8vfm_S,"Actin, alpha skeletal muscle",True
8vfm,8vfm_U,"Actin, alpha skeletal muscle",True
8vfm,8vfm_C,Cell invasion protein SipA,False
8vfm,8vfm_I,Cell invasion protein SipA,False
8vfm,8vfm_N,"Actin, alpha skeletal muscle",True
8vfm,8vfm_R,"Actin, alpha skeletal muscle",True
5ooe,5ooe_C,"Actin, alpha skeletal muscle",True
5ooe,5ooe_B,"Actin, alpha skeletal muscle",True
5ooe,5ooe_A,"Actin, alpha skeletal muscle",True
5ooe,5ooe_E,"Actin, alpha skeletal muscle",True
5ooe,5ooe_D,"Actin, alpha skeletal muscle",True
6w17,6w17_A,Actin-related protein 3,False
6w17,6w17_B,Actin-related protein 2,False
6w17,6w17_D,Actin-related protein 2/3 complex subunit 2,False
6w17,6w17_E,Actin-related protein 2/3 complex subunit 3,False
6w17,6w17_F,Actin-related protein 2/3 complex subunit 4,False
6w17,6w17_I,"Actin, alpha skeletal muscle",True
6w17,6w17_C,Actin-related protein 2/3 complex subunit 1,False
6w17,6w17_G,Actin-related protein 2/3 complex subunit 5,False
6w17,6w17_J,"Actin, alpha skeletal muscle",True
6w17,6w17_H,Protein dip1,False
6w17,6w17_K,"Actin, alpha skeletal muscle",True
6w17,6w17_L,"Actin, alpha skeletal muscle",True
9c21,9c21_A,"Actin, cytoplasmic 1",True
9c21,9c21_B,"Actin, cytoplasmic 1",True
9c21,9c21_D,"Actin, cytoplasmic 1",True
9c21,9c21_C,"Actin, cytoplasmic 1",True
9c21,9c21_E,"Actin, cytoplasmic 1",True
9c21,9c21_F,"Actin, cytoplasmic 1",True
9zbl,9zbl_A,"Actin, alpha cardiac muscle 1",True
9zbl,9zbl_B,"Actin, alpha cardiac muscle 1",True
9zbl,9zbl_C,"Actin, alpha cardiac muscle 1",True
9zbl,9zbl_D,"Actin, alpha cardiac muscle 1",True
9zbl,9zbl_E,"Actin, alpha cardiac muscle 1",True
9zbl,9zbl_F,"Actin, alpha cardiac muscle 1",True
9zbl,9zbl_M,Tropomyosin alpha-1 chain,False
9zbl,9zbl_N,Tropomyosin alpha-1 chain,False
9zbl,9zbl_O,Tropomyosin alpha-1 chain,False
9zbl,9zbl_P,Tropomyosin alpha-1 chain,False
6wvt,6wvt_B,"Actin, alpha skeletal muscle",True
6wvt,6wvt_D,"Actin, alpha skeletal muscle",True
6wvt,6wvt_I,"Actin, alpha skeletal muscle",True
6wvt,6wvt_N,Catenin alpha-1,False
6wvt,6wvt_E,"Actin, alpha skeletal muscle",True
6wvt,6wvt_K,Catenin alpha-1,False
6wvt,6wvt_L,Catenin alpha-1,False
6wvt,6wvt_F,"Actin, alpha skeletal muscle",True
6wvt,6wvt_H,"Actin, alpha skeletal muscle",True
6wvt,6wvt_O,Catenin alpha-1,False
6wvt,6wvt_Q,Catenin alpha-1,False
6wvt,6wvt_X,Catenin alpha-1,False
5ood,5ood_B,"Actin, alpha skeletal muscle",True
5ood,5ood_C,"Actin, alpha skeletal muscle",True
5ood,5ood_A,"Actin, alpha skeletal muscle",True
5ood,5ood_D,"Actin, alpha skeletal muscle",True
5ood,5ood_E,"Actin, alpha skeletal muscle",True
8uz0,8uz0_J,"Actin, alpha skeletal muscle",True
8uz0,8uz0_K,"Actin, alpha skeletal muscle",True
8uz0,8uz0_L,"Actin, alpha skeletal muscle",True
8uz0,8uz0_M,"Actin, alpha skeletal muscle",True
8uz0,8uz0_N,"Actin, alpha skeletal muscle",True
8uz0,8uz0_O,"Actin, alpha skeletal muscle",True
8uz0,8uz0_P,"Actin, alpha skeletal muscle",True
8uz0,8uz0_Q,"Actin, alpha skeletal muscle",True
8uz0,8uz0_R,"Actin, alpha skeletal muscle",True
9e2e,9e2e_A,"Actin, alpha cardiac muscle 1",True
9e2e,9e2e_B,"Actin, alpha cardiac muscle 1",True
9e2e,9e2e_C,"Actin, alpha cardiac muscle 1",True
9e2e,9e2e_K,"Isoform A2 of Troponin T, cardiac muscle",False
9e2e,9e2e_D,"Actin, alpha cardiac muscle 1",True
9e2e,9e2e_N,Tropomyosin alpha-1 chain,False
9e2e,9e2e_P,"Isoform A2 of Troponin T, cardiac muscle",False
9e2e,9e2e_E,"Actin, alpha cardiac muscle 1",True
9e2e,9e2e_G,Tropomyosin alpha-1 chain,False
9e2e,9e2e_J,Tropomyosin alpha-1 chain,False
9e2e,9e2e_F,"Actin, alpha cardiac muscle 1",True
9e2e,9e2e_L,Tropomyosin alpha-1 chain,False
9e2e,9e2e_O,Tropomyosin alpha-1 chain,False
9e2e,9e2e_H,Tropomyosin alpha-1 chain,False
9e2e,9e2e_I,Tropomyosin alpha-1 chain,False
9e2e,9e2e_M,Tropomyosin alpha-1 chain,False
5ooc,5ooc_A,"Actin, alpha skeletal muscle",True
5ooc,5ooc_C,"Actin, alpha skeletal muscle",True
5ooc,5ooc_B,"Actin, alpha skeletal muscle",True
5ooc,5ooc_E,"Actin, alpha skeletal muscle",True
5ooc,5ooc_D,"Actin, alpha skeletal muscle",True
8pvx,8pvx_C,"Actin, alpha skeletal muscle",True
8pvx,8pvx_E,"Actin, alpha skeletal muscle",True
8pvx,8pvx_A,"Actin, alpha skeletal muscle",True
8pvx,8pvx_D,"Actin, alpha skeletal muscle",True
8pvx,8pvx_B,"Actin, alpha skeletal muscle",True
6vec,6vec_A,"Actin, alpha skeletal muscle",True
6vec,6vec_B,"Actin, alpha skeletal muscle",True
6vec,6vec_C,"Actin, alpha skeletal muscle",True
6vec,6vec_D,"Actin, alpha skeletal muscle",True
6vec,6vec_E,"Actin, alpha skeletal muscle",True
6vec,6vec_a,Epididymis secretory protein Li 37,False
6vec,6vec_e,Epididymis secretory protein Li 37,False
6vec,6vec_F,"Actin, alpha skeletal muscle",True
6vec,6vec_b,Epididymis secretory protein Li 37,False
6vec,6vec_c,Epididymis secretory protein Li 37,False
6vec,6vec_G,"Actin, alpha skeletal muscle",True
6vec,6vec_g,Epididymis secretory protein Li 37,False
6vec,6vec_H,"Actin, alpha skeletal muscle",True
6vec,6vec_d,Epididymis secretory protein Li 37,False
6vec,6vec_I,"Actin, alpha skeletal muscle",True
6vec,6vec_i,Epididymis secretory protein Li 37,False
6vec,6vec_J,"Actin, alpha skeletal muscle",True
6vec,6vec_f,Epididymis secretory protein Li 37,False
6vec,6vec_K,"Actin, alpha skeletal muscle",True
6vec,6vec_k,Epididymis secretory protein Li 37,False
6vec,6vec_h,Epididymis secretory protein Li 37,False
6vec,6vec_j,Epididymis secretory protein Li 37,False
6fhl,6fhl_C,"Actin, alpha skeletal muscle",True
6fhl,6fhl_B,"Actin, alpha skeletal muscle",True
6fhl,6fhl_A,"Actin, alpha skeletal muscle",True
6fhl,6fhl_E,"Actin, alpha skeletal muscle",True
6fhl,6fhl_D,"Actin, alpha skeletal muscle",True
8efh,8efh_A,beta-cardiac myosin II,False
8efh,8efh_F,"Actin, alpha cardiac muscle 1",True
8efh,8efh_B,"Actin, alpha cardiac muscle 1",True
8efh,8efh_C,"Actin, alpha cardiac muscle 1",True
8efh,8efh_D,"Actin, alpha cardiac muscle 1",True
8efh,8efh_E,"Actin, alpha cardiac muscle 1",True
8efh,8efh_O,Tropomyosin alpha-1 chain,False
8efh,8efh_P,Tropomyosin alpha-1 chain,False
8zbn,8zbn_B,"Actin, alpha cardiac muscle 1",True
8zbn,8zbn_I,"Actin, alpha cardiac muscle 1",True
8zbn,8zbn_J,"Actin, alpha cardiac muscle 1",True
8zbn,8zbn_K,"Actin, alpha cardiac muscle 1",True
8zbn,8zbn_M,"Actin, alpha cardiac muscle 1",True
8zbn,8zbn_S,Tropomyosin alpha-1 chain,False
8zbn,8zbn_A,Myosin-6,False
8zbn,8zbn_C,Myosin-6,False
8zbn,8zbn_D,"Actin, alpha cardiac muscle 1",True
8zbn,8zbn_R,Tropomyosin alpha-1 chain,False
8zbn,8zbn_H,Myosin-6,False
8zbn,8zbn_L,Myosin-6,False
8zbn,8zbn_U,Tropomyosin alpha-1 chain,False
8zbn,8zbn_T,Tropomyosin alpha-1 chain,False
8zbn,8zbn_F,Myosin-6,False
8zbn,8zbn_G,Myosin-6,False
8p94,8p94_A,Actin-related protein 3,False
8p94,8p94_B,Actin-related protein 2,False
8p94,8p94_D,Actin-related protein 2/3 complex subunit 2,False
8p94,8p94_E,Actin-related protein 2/3 complex subunit 3,False
8p94,8p94_F,Actin-related protein 2/3 complex subunit 4,False
8p94,8p94_I,Src substrate cortactin,False
8p94,8p94_J,"Actin, cytoplasmic 1",True
8p94,8p94_P,"Actin, cytoplasmic 1",True
8p94,8p94_Q,"Actin, cytoplasmic 1",True
8p94,8p94_R,"Actin, cytoplasmic 1",True
8p94,8p94_C,Actin-related protein 2/3 complex subunit 1B,False
8p94,8p94_G,Actin-related protein 2/3 complex subunit 5-like protein,False
8p94,8p94_K,"Actin, cytoplasmic 1",True
8p94,8p94_S,"Actin, cytoplasmic 1",True
8p94,8p94_N,"Actin, cytoplasmic 1",True
8p94,8p94_H,"Actin, cytoplasmic 1",True
8p94,8p94_U,F-actin-capping protein subunit alpha-1,False
8p94,8p94_V,Isoform 2 of F-actin-capping protein subunit beta,False
8p94,8p94_W,"Actin, cytoplasmic 1",True
8p94,8p94_O,"Actin, cytoplasmic 1",True
8uxx,8uxx_A,Actin-related protein 3,False
8uxx,8uxx_B,Actin-related protein 2,False
8uxx,8uxx_D,Actin-related protein 2/3 complex subunit 2,False
8uxx,8uxx_E,Actin-related protein 2/3 complex subunit 3,False
8uxx,8uxx_F,Actin-related protein 2/3 complex subunit 4,False
8uxx,8uxx_H,"Actin, alpha skeletal muscle",True
8uxx,8uxx_O,"Actin, alpha skeletal muscle",True
8uxx,8uxx_P,"Actin, alpha skeletal muscle",True
8uxx,8uxx_C,Actin-related protein 2/3 complex subunit 1,False
8uxx,8uxx_G,Actin-related protein 2/3 complex subunit 5,False
8uxx,8uxx_I,"Actin, alpha skeletal muscle",True
8uxx,8uxx_Q,"Actin, alpha skeletal muscle",True
8uxx,8uxx_R,"Actin, alpha skeletal muscle",True
8uxx,8uxx_M,"Actin, alpha skeletal muscle",True
8uxx,8uxx_N,"Actin, alpha skeletal muscle",True
5yu8,5yu8_J,Cofilin-2,False
5yu8,5yu8_E,"Actin, alpha skeletal muscle",True
5yu8,5yu8_C,"Actin, alpha skeletal muscle",True
5yu8,5yu8_H,Cofilin-2,False
5yu8,5yu8_A,"Actin, alpha skeletal muscle",True
5yu8,5yu8_I,Cofilin-2,False
5yu8,5yu8_D,"Actin, alpha skeletal muscle",True
5yu8,5yu8_B,"Actin, alpha skeletal muscle",True
8dd0,8dd0_A,"Actin, alpha cardiac muscle 1",True
8dd0,8dd0_B,"Actin, alpha cardiac muscle 1",True
8dd0,8dd0_C,"Actin, alpha cardiac muscle 1",True
8dd0,8dd0_I,Tropomyosin alpha-1 chain,False
8dd0,8dd0_K,"Troponin T2, cardiac type",False
8dd0,8dd0_D,"Actin, alpha cardiac muscle 1",True
8dd0,8dd0_N,Tropomyosin alpha-1 chain,False
8dd0,8dd0_P,"Troponin T2, cardiac type",False
8dd0,8dd0_E,"Actin, alpha cardiac muscle 1",True
8dd0,8dd0_G,Tropomyosin alpha-1 chain,False
8dd0,8dd0_J,Tropomyosin alpha-1 chain,False
8dd0,8dd0_F,"Actin, alpha cardiac muscle 1",True
8dd0,8dd0_L,Tropomyosin alpha-1 chain,False
8dd0,8dd0_O,Tropomyosin alpha-1 chain,False
8dd0,8dd0_H,Tropomyosin alpha-1 chain,False
8dd0,8dd0_M,Tropomyosin alpha-1 chain,False
7ad9,7ad9_B,"Actin, alpha skeletal muscle",True
7ad9,7ad9_D,"Actin, alpha skeletal muscle",True
7ad9,7ad9_H,"Actin, alpha skeletal muscle",True
7ad9,7ad9_F,"Actin, alpha skeletal muscle",True
7ad9,7ad9_I,"Actin, alpha skeletal muscle",True
8v30,8v30_A,"Actin, gamma-enteric smooth muscle",True
8v30,8v30_B,"Actin, gamma-enteric smooth muscle",True
8v30,8v30_C,"Actin, gamma-enteric smooth muscle",True
8v30,8v30_D,"Actin, gamma-enteric smooth muscle",True
8v30,8v30_E,"Actin, gamma-enteric smooth muscle",True
6c1g,6c1g_B,"Actin, alpha skeletal muscle",True
6c1g,6c1g_C,"Actin, alpha skeletal muscle",True
6c1g,6c1g_A,"Actin, alpha skeletal muscle",True
6c1g,6c1g_D,"Actin, alpha skeletal muscle",True
6c1g,6c1g_P,Unconventional myosin-Ib,False
6c1g,6c1g_E,"Actin, alpha skeletal muscle",True
6c1g,6c1g_R,Calmodulin,False
8uxw,8uxw_A,Actin-related protein 3,False
8uxw,8uxw_B,Actin-related protein 2,False
8uxw,8uxw_D,Actin-related protein 2/3 complex subunit 2,False
8uxw,8uxw_E,Actin-related protein 2/3 complex subunit 3,False
8uxw,8uxw_F,Actin-related protein 2/3 complex subunit 4,False
8uxw,8uxw_H,"Actin, alpha skeletal muscle",True
8uxw,8uxw_O,"Actin, alpha skeletal muscle",True
8uxw,8uxw_P,"Actin, alpha skeletal muscle",True
8uxw,8uxw_C,Actin-related protein 2/3 complex subunit 1,False
8uxw,8uxw_G,Actin-related protein 2/3 complex subunit 5,False
8uxw,8uxw_I,"Actin, alpha skeletal muscle",True
8uxw,8uxw_Q,"Actin, alpha skeletal muscle",True
8uxw,8uxw_R,"Actin, alpha skeletal muscle",True
8uxw,8uxw_M,"Actin, alpha skeletal muscle",True
8uxw,8uxw_N,"Actin, alpha skeletal muscle",True
8enc,8enc_M,Myosin-7,False
8enc,8enc_B,"Actin, alpha cardiac muscle 1",True
8enc,8enc_F,"Actin, alpha cardiac muscle 1",True
8enc,8enc_D,"Actin, alpha cardiac muscle 1",True
8enc,8enc_P,Tropomyosin alpha-1 chain,False
8enc,8enc_C,"Actin, alpha cardiac muscle 1",True
8enc,8enc_E,"Actin, alpha cardiac muscle 1",True
8enc,8enc_O,Tropomyosin alpha-1 chain,False
8oi6,8oi6_A,"Actin, cytoplasmic 1",True
8oi6,8oi6_B,"Actin, cytoplasmic 1",True
8oi6,8oi6_C,"Actin, cytoplasmic 1",True
8oi6,8oi6_D,"Actin, cytoplasmic 1",True
8v2z,8v2z_A,"Actin, gamma-enteric smooth muscle",True
8v2z,8v2z_B,"Actin, gamma-enteric smooth muscle",True
8v2z,8v2z_C,"Actin, gamma-enteric smooth muscle",True
8v2z,8v2z_D,"Actin, gamma-enteric smooth muscle",True
8v2z,8v2z_E,"Actin, gamma-enteric smooth muscle",True
6u96,6u96_E,"Actin, alpha skeletal muscle",True
6u96,6u96_A,"Actin, alpha skeletal muscle",True
6u96,6u96_C,"Actin, alpha skeletal muscle",True
6u96,6u96_D,"Actin, alpha skeletal muscle",True
6u96,6u96_B,"Actin, alpha skeletal muscle",True
