c70,template_pdb,PDB_count,median_neighbor_RMSD_A,minimum_PDB_median_A,maximum_PDB_median_A
0_7797_0,3j8a,131,1.390638540337771,0.19180406011161635,3.1924479560522983
0_7797_0,5yu8,131,7.961611965157605,7.336805499295666,8.909016814381932
0_7797_1,3j8a,133,1.372252525204944,0.20578034031983589,5.675468254100579
0_7797_1,5yu8,133,8.098980621234084,5.712227467926235,8.725325065665226
0_7797_10,3j8a,21,7.46067668616898,4.51921759982801,8.46418907648731
0_7797_10,5yu8,21,0.8721822493484553,0.0005002571927070803,3.898167747982525
0_7797_12,3j8a,24,7.8006581257557706,7.113182893005675,9.95076536708658
0_7797_12,5yu8,24,0.9990570980060796,0.00041335692154945445,1.2323740574848911
0_7797_31,3j8a,3,6.098107536747315,5.75552239773863,7.2131465024060075
0_7797_31,5yu8,3,3.0470209894158637,0.9742042767705377,4.42865277919825
0_7797_32,3j8a,1,1.9512917024768879,1.9512917024768879,1.9512917024768879
0_7797_32,5yu8,1,6.290313709899447,6.290313709899447,6.290313709899447
0_7797_33,3j8a,1,1.7662738046503443,1.7662738046503443,1.7662738046503443
0_7797_33,5yu8,1,8.176746392510196,8.176746392510196,8.176746392510196
0_7797_34,3j8a,1,1.2929670678283811,1.2929670678283811,1.2929670678283811
0_7797_34,5yu8,1,7.539695239606905,7.539695239606905,7.539695239606905
0_7797_35,3j8a,1,1.7531814200150329,1.7531814200150329,1.7531814200150329
0_7797_35,5yu8,1,7.84512958976376,7.84512958976376,7.84512958976376
0_7797_37,3j8a,4,4.592599920706122,3.969309264415384,5.3892712011224955
0_7797_37,5yu8,4,4.6353923213790615,4.141229543579643,6.04845596748596
0_7797_40,3j8a,1,7.457617643534821,7.457617643534821,7.457617643534821
0_7797_40,5yu8,1,13.548888589581043,13.548888589581043,13.548888589581043
0_7797_41,3j8a,1,2.4051101198399487,2.4051101198399487,2.4051101198399487
0_7797_41,5yu8,1,8.897290174171154,8.897290174171154,8.897290174171154
0_7797_42,3j8a,1,3.7060876659645143,3.7060876659645143,3.7060876659645143
0_7797_42,5yu8,1,8.541695095315303,8.541695095315303,8.541695095315303
0_7797_44,3j8a,1,6.00345954509822,6.00345954509822,6.00345954509822
0_7797_44,5yu8,1,8.26701267200141,8.26701267200141,8.26701267200141
0_7797_45,3j8a,2,1.3447084798802487,1.2794838423613921,1.4099331173991054
0_7797_45,5yu8,2,6.468113195511206,6.430824286620241,6.505402104402172
0_7797_50,3j8a,10,5.766860530433808,2.4496212913423596,6.88075825915356
0_7797_50,5yu8,10,2.4655697344475676,0.7372285739037276,5.587816057396932
0_7797_51,3j8a,1,6.435180210422395,6.435180210422395,6.435180210422395
0_7797_51,5yu8,1,3.121294407864708,3.121294407864708,3.121294407864708
0_7797_52,3j8a,1,9.346641649174083,9.346641649174083,9.346641649174083
0_7797_52,5yu8,1,3.182474423366708,3.182474423366708,3.182474423366708
0_7797_53,3j8a,4,8.009053792813909,7.348786829064181,8.430890654123447
0_7797_53,5yu8,4,1.217245521460605,0.7709009728875865,1.6672340989999923
0_7797_54,3j8a,1,4.626767377268023,4.626767377268023,4.626767377268023
0_7797_54,5yu8,1,6.672442281231848,6.672442281231848,6.672442281231848
0_7797_55,3j8a,1,6.330794664050924,6.330794664050924,6.330794664050924
0_7797_55,5yu8,1,2.8462377082860244,2.8462377082860244,2.8462377082860244
0_7797_56,3j8a,3,8.523017233430286,8.517594350325068,8.52370899228066
0_7797_56,5yu8,3,1.3202324110460397,0.8244110527878357,2.0200980057098716
0_7797_57,3j8a,2,8.983774368956936,8.363836008475587,9.603712729438286
0_7797_57,5yu8,2,1.7888635233846104,1.724477743743663,1.853249303025558
