pdb_id,chain_A,chain_B,c70,template_comparisons,state
12bw,12bw_A,12bw_B,0_7797_0,4,measured
12bw,12bw_A,12bw_C,0_7797_1,4,measured
12bw,12bw_B,12bw_C,0_7797_0,4,measured
12bw,12bw_B,12bw_D,0_7797_1,4,measured
12bw,12bw_C,12bw_D,0_7797_0,4,measured
12bw,12bw_C,12bw_E,0_7797_1,4,measured
12bw,12bw_D,12bw_E,0_7797_0,4,measured
12bw,12bw_D,12bw_F,0_7797_1,4,measured
12bw,12bw_E,12bw_F,0_7797_0,4,measured
12bw,12bw_E,12bw_G,0_7797_1,4,measured
12bw,12bw_F,12bw_G,0_7797_0,4,measured
12bw,12bw_F,12bw_H,0_7797_1,4,measured
12bw,12bw_G,12bw_H,0_7797_0,4,measured
12bx,12bx_A,12bx_B,0_7797_0,4,measured
12bx,12bx_A,12bx_C,0_7797_1,4,measured
12bx,12bx_B,12bx_C,0_7797_0,4,measured
12bx,12bx_B,12bx_D,0_7797_1,4,measured
12bx,12bx_C,12bx_D,0_7797_0,4,measured
12bx,12bx_C,12bx_E,0_7797_1,4,measured
12bx,12bx_D,12bx_E,0_7797_0,4,measured
12bx,12bx_D,12bx_F,0_7797_1,4,measured
12bx,12bx_E,12bx_F,0_7797_0,4,measured
12bx,12bx_E,12bx_G,0_7797_1,4,measured
12bx,12bx_F,12bx_G,0_7797_0,4,measured
12bx,12bx_F,12bx_H,0_7797_1,4,measured
12bx,12bx_G,12bx_H,0_7797_0,4,measured
12by,12by_A,12by_B,0_7797_0,4,measured
12by,12by_A,12by_C,0_7797_1,4,measured
12by,12by_B,12by_C,0_7797_0,4,measured
12by,12by_B,12by_D,0_7797_1,4,measured
12by,12by_C,12by_D,0_7797_0,4,measured
12by,12by_C,12by_E,0_7797_1,4,measured
12by,12by_D,12by_E,0_7797_0,4,measured
12by,12by_D,12by_F,0_7797_1,4,measured
12by,12by_E,12by_F,0_7797_0,4,measured
12by,12by_E,12by_G,0_7797_1,4,measured
12by,12by_F,12by_G,0_7797_0,4,measured
12by,12by_F,12by_H,0_7797_1,4,measured
12by,12by_G,12by_H,0_7797_0,4,measured
12bz,12bz_A,12bz_B,0_7797_0,4,measured
12bz,12bz_A,12bz_C,0_7797_1,4,measured
12bz,12bz_B,12bz_C,0_7797_0,4,measured
12bz,12bz_B,12bz_D,0_7797_1,4,measured
12bz,12bz_C,12bz_D,0_7797_0,4,measured
12bz,12bz_C,12bz_E,0_7797_1,4,measured
12bz,12bz_D,12bz_E,0_7797_0,4,measured
12bz,12bz_D,12bz_F,0_7797_1,4,measured
12bz,12bz_E,12bz_F,0_7797_0,4,measured
12bz,12bz_E,12bz_G,0_7797_1,4,measured
12bz,12bz_F,12bz_G,0_7797_0,4,measured
12bz,12bz_F,12bz_H,0_7797_1,4,measured
12bz,12bz_G,12bz_H,0_7797_0,4,measured
12rv,12rv_A,12rv_B,0_7797_0,4,measured
12rv,12rv_A,12rv_C,0_7797_1,4,measured
12rv,12rv_B,12rv_C,0_7797_0,4,measured
12rv,12rv_B,12rv_D,0_7797_1,4,measured
12rv,12rv_C,12rv_D,0_7797_0,4,measured
12rv,12rv_E,12rv_C,0_7797_1,4,measured
12rv,12rv_E,12rv_D,0_7797_0,4,measured
38jl,38jl_A,38jl_B,0_7797_10,4,measured
38jl,38jl_A,38jl_C,0_7797_12,4,measured
38jl,38jl_B,38jl_C,0_7797_10,4,measured
38jl,38jl_B,38jl_D,0_7797_12,4,measured
38jl,38jl_C,38jl_D,0_7797_10,4,measured
38jl,38jl_C,38jl_E,0_7797_12,4,measured
38jl,38jl_D,38jl_E,0_7797_10,4,measured
38jl,38jl_D,38jl_F,0_7797_12,4,measured
38jl,38jl_E,38jl_F,0_7797_10,4,measured
38jl,38jl_E,38jl_G,0_7797_12,4,measured
38jl,38jl_F,38jl_G,0_7797_10,4,measured
38jl,38jl_F,38jl_H,0_7797_12,4,measured
38jl,38jl_G,38jl_H,0_7797_10,4,measured
38kl,38kl_A,38kl_B,0_7797_53,4,measured
38kl,38kl_A,38kl_C,0_7797_12,4,measured
38kl,38kl_B,38kl_C,0_7797_10,4,measured
38kl,38kl_B,38kl_D,0_7797_12,4,measured
38kl,38kl_C,38kl_D,0_7797_10,4,measured
38kl,38kl_C,38kl_E,0_7797_12,4,measured
38kl,38kl_D,38kl_E,0_7797_10,4,measured
38km,38km_A,38km_B,0_7797_10,4,measured
38km,38km_A,38km_C,0_7797_12,4,measured
38km,38km_B,38km_C,0_7797_10,4,measured
38km,38km_B,38km_D,0_7797_12,4,measured
38km,38km_C,38km_D,0_7797_10,4,measured
38km,38km_C,38km_E,0_7797_12,4,measured
38km,38km_D,38km_E,0_7797_10,4,measured
38km,38km_D,38km_F,0_7797_12,4,measured
38km,38km_E,38km_F,0_7797_10,4,measured
38km,38km_E,38km_G,0_7797_12,4,measured
38km,38km_F,38km_G,0_7797_10,4,measured
38km,38km_F,38km_H,0_7797_12,4,measured
38km,38km_G,38km_H,0_7797_10,4,measured
38kn,38kn_A,38kn_B,0_7797_10,4,measured
38kn,38kn_A,38kn_C,0_7797_12,4,measured
38kn,38kn_B,38kn_C,0_7797_10,4,measured
38kn,38kn_B,38kn_D,0_7797_12,4,measured
38kn,38kn_C,38kn_D,0_7797_10,4,measured
38kn,38kn_C,38kn_E,0_7797_12,4,measured
38kn,38kn_D,38kn_E,0_7797_10,4,measured
38ko,38ko_A,38ko_B,0_7797_53,4,measured
38ko,38ko_A,38ko_C,0_7797_12,4,measured
38ko,38ko_B,38ko_C,0_7797_10,4,measured
38ko,38ko_B,38ko_D,0_7797_12,4,measured
38ko,38ko_C,38ko_D,0_7797_53,4,measured
38ko,38ko_C,38ko_E,0_7797_12,4,measured
38ko,38ko_D,38ko_E,0_7797_56,4,measured
38kp,38kp_A,38kp_B,0_7797_57,4,measured
38kp,38kp_A,38kp_C,0_7797_12,4,measured
38kp,38kp_B,38kp_C,0_7797_57,4,measured
38kp,38kp_B,38kp_D,0_7797_12,4,measured
38kp,38kp_C,38kp_D,0_7797_56,4,measured
38kp,38kp_C,38kp_E,0_7797_12,4,measured
38kp,38kp_D,38kp_E,0_7797_10,4,measured
38kp,38kp_D,38kp_F,0_7797_12,4,measured
38kp,38kp_E,38kp_F,0_7797_56,4,measured
38kp,38kp_E,38kp_G,0_7797_12,4,measured
38kp,38kp_F,38kp_G,0_7797_10,4,measured
38kq,38kq_A,38kq_B,0_7797_57,4,measured
38kq,38kq_A,38kq_C,0_7797_12,4,measured
38kq,38kq_B,38kq_C,0_7797_10,4,measured
38kq,38kq_B,38kq_D,0_7797_12,4,measured
38kq,38kq_C,38kq_D,0_7797_56,4,measured
38kq,38kq_C,38kq_E,0_7797_12,4,measured
38kq,38kq_D,38kq_E,0_7797_10,4,measured
38kq,38kq_D,38kq_F,0_7797_12,4,measured
38kq,38kq_E,38kq_F,0_7797_57,4,measured
38kq,38kq_E,38kq_G,0_7797_12,4,measured
38kq,38kq_F,38kq_G,0_7797_57,4,measured
38kq,38kq_F,38kq_H,0_7797_12,4,measured
38kq,38kq_G,38kq_H,0_7797_56,4,measured
3j8a,3j8a_E,3j8a_C,0_7797_0,4,measured
3j8a,3j8a_D,3j8a_B,0_7797_0,4,measured
3j8a,3j8a_A,3j8a_B,0_7797_1,4,measured
3j8a,3j8a_D,3j8a_A,0_7797_0,4,measured
3j8a,3j8a_E,3j8a_A,0_7797_0,4,measured
3j8a,3j8a_E,3j8a_D,0_7797_1,4,measured
3j8a,3j8a_A,3j8a_C,0_7797_1,4,measured
5jlf,5jlf_A,5jlf_B,0_7797_1,4,measured
5jlf,5jlf_A,5jlf_C,0_7797_1,4,measured
5jlf,5jlf_A,5jlf_D,0_7797_0,4,measured
5jlf,5jlf_A,5jlf_E,0_7797_0,4,measured
5jlf,5jlf_B,5jlf_D,0_7797_0,4,measured
5jlf,5jlf_C,5jlf_E,0_7797_0,4,measured
5jlf,5jlf_D,5jlf_E,0_7797_1,4,measured
5jlh,5jlh_B,5jlh_A,0_7797_1,4,measured
5jlh,5jlh_C,5jlh_A,0_7797_1,4,measured
5jlh,5jlh_A,5jlh_D,0_7797_0,4,measured
5jlh,5jlh_A,5jlh_E,0_7797_0,4,measured
5jlh,5jlh_B,5jlh_D,0_7797_0,4,measured
5jlh,5jlh_C,5jlh_E,0_7797_0,4,measured
5jlh,5jlh_D,5jlh_E,0_7797_1,4,measured
5ogw,5ogw_A,5ogw_B,0_7797_1,4,measured
5ogw,5ogw_A,5ogw_C,0_7797_1,4,measured
5ogw,5ogw_A,5ogw_D,0_7797_0,4,measured
5ogw,5ogw_A,5ogw_E,0_7797_0,4,measured
5ogw,5ogw_B,5ogw_D,0_7797_0,4,measured
5ogw,5ogw_C,5ogw_E,0_7797_0,4,measured
5ogw,5ogw_D,5ogw_E,0_7797_1,4,measured
5ooc,5ooc_A,5ooc_B,0_7797_0,4,measured
5ooc,5ooc_A,5ooc_C,0_7797_1,4,measured
5ooc,5ooc_C,5ooc_B,0_7797_0,4,measured
5ooc,5ooc_B,5ooc_D,0_7797_1,4,measured
5ooc,5ooc_C,5ooc_D,0_7797_0,4,measured
5ooc,5ooc_C,5ooc_E,0_7797_1,4,measured
5ooc,5ooc_E,5ooc_D,0_7797_0,4,measured
5ood,5ood_B,5ood_A,0_7797_0,4,measured
5ood,5ood_C,5ood_A,0_7797_1,4,measured
5ood,5ood_B,5ood_C,0_7797_0,4,measured
5ood,5ood_B,5ood_D,0_7797_1,4,measured
5ood,5ood_C,5ood_D,0_7797_0,4,measured
5ood,5ood_C,5ood_E,0_7797_1,4,measured
5ood,5ood_D,5ood_E,0_7797_0,4,measured
5ooe,5ooe_B,5ooe_A,0_7797_0,4,measured
5ooe,5ooe_C,5ooe_A,0_7797_1,4,measured
5ooe,5ooe_C,5ooe_B,0_7797_0,4,measured
5ooe,5ooe_B,5ooe_D,0_7797_1,4,measured
5ooe,5ooe_C,5ooe_D,0_7797_0,4,measured
5ooe,5ooe_C,5ooe_E,0_7797_1,4,measured
5ooe,5ooe_E,5ooe_D,0_7797_0,4,measured
5oof,5oof_A,5oof_B,0_7797_0,4,measured
5oof,5oof_A,5oof_C,0_7797_1,4,measured
5oof,5oof_B,5oof_C,0_7797_0,4,measured
5oof,5oof_D,5oof_B,0_7797_1,4,measured
5oof,5oof_D,5oof_C,0_7797_0,4,measured
5oof,5oof_E,5oof_C,0_7797_1,4,measured
5oof,5oof_D,5oof_E,0_7797_0,4,measured
5yu8,5yu8_B,5yu8_A,0_7797_10,4,measured
5yu8,5yu8_C,5yu8_A,0_7797_12,4,measured
5yu8,5yu8_B,5yu8_C,0_7797_10,4,measured
5yu8,5yu8_D,5yu8_B,0_7797_12,4,measured
5yu8,5yu8_D,5yu8_C,0_7797_10,4,measured
5yu8,5yu8_E,5yu8_C,0_7797_12,4,measured
5yu8,5yu8_D,5yu8_E,0_7797_10,4,measured
6c1d,6c1d_A,6c1d_B,0_7797_0,4,measured
6c1d,6c1d_A,6c1d_C,0_7797_1,4,measured
6c1d,6c1d_C,6c1d_B,0_7797_0,4,measured
6c1d,6c1d_D,6c1d_B,0_7797_1,4,measured
6c1d,6c1d_D,6c1d_C,0_7797_0,4,measured
6c1d,6c1d_E,6c1d_C,0_7797_1,4,measured
6c1d,6c1d_E,6c1d_D,0_7797_0,4,measured
6c1g,6c1g_B,6c1g_A,0_7797_0,4,measured
6c1g,6c1g_C,6c1g_A,0_7797_1,4,measured
6c1g,6c1g_B,6c1g_C,0_7797_0,4,measured
6c1g,6c1g_B,6c1g_D,0_7797_1,4,measured
6c1g,6c1g_C,6c1g_D,0_7797_0,4,measured
6c1g,6c1g_C,6c1g_E,0_7797_1,4,measured
6c1g,6c1g_D,6c1g_E,0_7797_0,4,measured
6c1h,6c1h_A,6c1h_B,0_7797_0,4,measured
6c1h,6c1h_A,6c1h_C,0_7797_1,4,measured
6c1h,6c1h_B,6c1h_C,0_7797_0,4,measured
6c1h,6c1h_B,6c1h_D,0_7797_1,4,measured
6c1h,6c1h_C,6c1h_D,0_7797_0,4,measured
6c1h,6c1h_C,6c1h_E,0_7797_1,4,measured
6c1h,6c1h_D,6c1h_E,0_7797_0,4,measured
6d8c,6d8c_J,6d8c_H,0_7797_1,4,measured
6d8c,6d8c_K,6d8c_H,0_7797_0,4,measured
6d8c,6d8c_L,6d8c_H,0_7797_0,4,measured
6d8c,6d8c_M,6d8c_H,0_7797_1,4,measured
6d8c,6d8c_L,6d8c_J,0_7797_0,4,measured
6d8c,6d8c_L,6d8c_K,0_7797_1,4,measured
6d8c,6d8c_M,6d8c_K,0_7797_0,4,measured
6fhl,6fhl_B,6fhl_A,0_7797_0,4,measured
6fhl,6fhl_C,6fhl_A,0_7797_1,4,measured
6fhl,6fhl_C,6fhl_B,0_7797_0,4,measured
6fhl,6fhl_B,6fhl_D,0_7797_1,4,measured
6fhl,6fhl_C,6fhl_D,0_7797_0,4,measured
6fhl,6fhl_C,6fhl_E,0_7797_1,4,measured
6fhl,6fhl_E,6fhl_D,0_7797_0,4,measured
6iug,6iug_A,6iug_B,0_7797_0,4,measured
6iug,6iug_A,6iug_C,0_7797_32,4,measured
6iug,6iug_B,6iug_C,0_7797_0,4,measured
6iug,6iug_B,6iug_D,0_7797_32,4,measured
6iug,6iug_C,6iug_D,0_7797_0,4,measured
6iug,6iug_C,6iug_E,0_7797_32,4,measured
6iug,6iug_D,6iug_E,0_7797_0,4,measured
6m5g,6m5g_C,6m5g_E,0_7797_1,4,measured
6m5g,6m5g_A,6m5g_B,0_7797_0,4,measured
6m5g,6m5g_D,6m5g_E,0_7797_0,4,measured
6m5g,6m5g_A,6m5g_C,0_7797_1,4,measured
6m5g,6m5g_B,6m5g_C,0_7797_0,4,measured
6m5g,6m5g_B,6m5g_D,0_7797_1,4,measured
6m5g,6m5g_C,6m5g_D,0_7797_0,4,measured
6t1y,6t1y_B,6t1y_A,0_7797_0,4,measured
6t1y,6t1y_C,6t1y_A,0_7797_1,4,measured
6t1y,6t1y_C,6t1y_B,0_7797_0,4,measured
6t1y,6t1y_B,6t1y_D,0_7797_1,4,measured
6t1y,6t1y_C,6t1y_D,0_7797_0,4,measured
6t1y,6t1y_C,6t1y_E,0_7797_1,4,measured
6t1y,6t1y_E,6t1y_D,0_7797_0,4,measured
6t20,6t20_B,6t20_A,0_7797_0,4,measured
6t20,6t20_C,6t20_A,0_7797_1,4,measured
6t20,6t20_C,6t20_B,0_7797_0,4,measured
6t20,6t20_B,6t20_D,0_7797_1,4,measured
6t20,6t20_C,6t20_D,0_7797_0,4,measured
6t20,6t20_C,6t20_E,0_7797_1,4,measured
6t20,6t20_E,6t20_D,0_7797_0,4,measured
6t23,6t23_A,6t23_B,0_7797_0,4,measured
6t23,6t23_A,6t23_C,0_7797_1,4,measured
6t23,6t23_B,6t23_C,0_7797_0,4,measured
6t23,6t23_D,6t23_B,0_7797_1,4,measured
6t23,6t23_D,6t23_C,0_7797_0,4,measured
6t23,6t23_E,6t23_C,0_7797_1,4,measured
6t23,6t23_D,6t23_E,0_7797_0,4,measured
6t24,6t24_B,6t24_A,0_7797_0,4,measured
6t24,6t24_C,6t24_A,0_7797_1,4,measured
6t24,6t24_C,6t24_B,0_7797_0,4,measured
6t24,6t24_D,6t24_B,0_7797_1,4,measured
6t24,6t24_D,6t24_C,0_7797_0,4,measured
6t24,6t24_E,6t24_C,0_7797_1,4,measured
6t24,6t24_E,6t24_D,0_7797_0,4,measured
6t25,6t25_B,6t25_A,0_7797_0,4,measured
6t25,6t25_C,6t25_A,0_7797_1,4,measured
6t25,6t25_B,6t25_C,0_7797_0,4,measured
6t25,6t25_D,6t25_B,0_7797_1,4,measured
6t25,6t25_D,6t25_C,0_7797_0,4,measured
6t25,6t25_E,6t25_C,0_7797_1,4,measured
6t25,6t25_D,6t25_E,0_7797_0,4,measured
6tu4,6tu4_A,6tu4_B,0_7797_0,4,measured
6tu4,6tu4_A,6tu4_C,0_7797_1,4,measured
6tu4,6tu4_A,6tu4_D,0_7797_0,4,measured
6tu4,6tu4_A,6tu4_F,0_7797_1,4,measured
6tu4,6tu4_B,6tu4_C,0_7797_0,4,measured
6tu4,6tu4_B,6tu4_D,0_7797_1,4,measured
6tu4,6tu4_D,6tu4_F,0_7797_0,4,measured
6u96,6u96_A,6u96_B,0_7797_0,4,measured
6u96,6u96_A,6u96_C,0_7797_0,4,measured
6u96,6u96_D,6u96_A,0_7797_1,4,measured
6u96,6u96_E,6u96_A,0_7797_1,4,measured
6u96,6u96_C,6u96_B,0_7797_1,4,measured
6u96,6u96_D,6u96_B,0_7797_0,4,measured
6u96,6u96_E,6u96_C,0_7797_0,4,measured
6upv,6upv_B,6upv_A,0_7797_0,4,measured
6upv,6upv_C,6upv_A,0_7797_1,4,measured
6upv,6upv_B,6upv_C,0_7797_0,4,measured
6upv,6upv_B,6upv_D,0_7797_1,4,measured
6upv,6upv_C,6upv_D,0_7797_0,4,measured
6upv,6upv_C,6upv_E,0_7797_1,4,measured
6upv,6upv_D,6upv_E,0_7797_0,4,measured
6upw,6upw_B,6upw_A,0_7797_0,4,measured
6upw,6upw_C,6upw_A,0_7797_1,4,measured
6upw,6upw_C,6upw_B,0_7797_0,4,measured
6upw,6upw_B,6upw_D,0_7797_1,4,measured
6upw,6upw_C,6upw_D,0_7797_0,4,measured
6upw,6upw_C,6upw_E,0_7797_1,4,measured
6upw,6upw_E,6upw_D,0_7797_0,4,measured
6vao,6vao_B,6vao_D,0_7797_12,4,measured
6vao,6vao_C,6vao_A,0_7797_10,4,measured
6vao,6vao_E,6vao_D,0_7797_10,4,measured
6vao,6vao_B,6vao_E,0_7797_10,4,measured
6vao,6vao_A,6vao_D,0_7797_10,4,measured
6vao,6vao_A,6vao_E,0_7797_12,4,measured
6vao,6vao_C,6vao_D,0_7797_12,4,measured
6vau,6vau_A,6vau_B,0_7797_0,4,measured
6vau,6vau_A,6vau_C,0_7797_1,4,measured
6vau,6vau_E,6vau_A,0_7797_0,4,measured
6vau,6vau_C,6vau_B,0_7797_0,4,measured
6vau,6vau_D,6vau_B,0_7797_1,4,measured
6vau,6vau_E,6vau_B,0_7797_1,4,measured
6vau,6vau_D,6vau_C,0_7797_0,4,measured
6vec,6vec_A,6vec_B,0_7797_0,4,measured
6vec,6vec_A,6vec_C,0_7797_0,4,measured
6vec,6vec_A,6vec_D,0_7797_1,4,measured
6vec,6vec_A,6vec_E,0_7797_1,4,measured
6vec,6vec_B,6vec_C,0_7797_1,4,measured
6vec,6vec_B,6vec_D,0_7797_0,4,measured
6vec,6vec_B,6vec_F,0_7797_1,4,measured
6vec,6vec_C,6vec_E,0_7797_0,4,measured
6vec,6vec_C,6vec_G,0_7797_1,4,measured
6vec,6vec_D,6vec_F,0_7797_0,4,measured
6vec,6vec_D,6vec_H,0_7797_1,4,measured
6vec,6vec_E,6vec_G,0_7797_0,4,measured
6vec,6vec_E,6vec_I,0_7797_1,4,measured
6vec,6vec_F,6vec_H,0_7797_0,4,measured
6vec,6vec_F,6vec_J,0_7797_1,4,measured
6vec,6vec_G,6vec_I,0_7797_0,4,measured
6vec,6vec_G,6vec_K,0_7797_1,4,measured
6vec,6vec_H,6vec_J,0_7797_0,4,measured
6vec,6vec_I,6vec_K,0_7797_0,4,measured
6wvt,6wvt_E,6wvt_H,0_7797_0,4,measured
6wvt,6wvt_B,6wvt_D,0_7797_0,4,measured
6wvt,6wvt_E,6wvt_I,0_7797_0,4,measured
6wvt,6wvt_D,6wvt_E,0_7797_1,4,measured
6wvt,6wvt_D,6wvt_I,0_7797_0,4,measured
6wvt,6wvt_F,6wvt_H,0_7797_0,4,measured
6wvt,6wvt_B,6wvt_I,0_7797_1,4,measured
6wvt,6wvt_H,6wvt_I,0_7797_1,4,measured
6wvt,6wvt_E,6wvt_F,0_7797_1,4,measured
7ad9,7ad9_B,7ad9_D,0_7797_0,4,measured
7ad9,7ad9_B,7ad9_H,0_7797_1,4,measured
7ad9,7ad9_F,7ad9_D,0_7797_1,4,measured
7ad9,7ad9_D,7ad9_H,0_7797_0,4,measured
7ad9,7ad9_F,7ad9_H,0_7797_0,4,measured
7ad9,7ad9_F,7ad9_I,0_7797_0,4,measured
7ad9,7ad9_H,7ad9_I,0_7797_1,4,measured
7ahn,7ahn_A,7ahn_B,0_7797_0,4,measured
7ahn,7ahn_C,7ahn_A,0_7797_1,4,measured
7ahn,7ahn_C,7ahn_B,0_7797_0,4,measured
7ahn,7ahn_D,7ahn_B,0_7797_1,4,measured
7ahn,7ahn_C,7ahn_D,0_7797_0,4,measured
7ahn,7ahn_C,7ahn_E,0_7797_1,4,measured
7ahn,7ahn_E,7ahn_D,0_7797_0,4,measured
7ahq,7ahq_A,7ahq_B,0_7797_0,4,measured
7ahq,7ahq_A,7ahq_C,0_7797_1,4,measured
7ahq,7ahq_B,7ahq_C,0_7797_0,4,measured
7ahq,7ahq_B,7ahq_D,0_7797_1,4,measured
7ahq,7ahq_C,7ahq_D,0_7797_0,4,measured
7ahq,7ahq_C,7ahq_E,0_7797_1,4,measured
7ahq,7ahq_D,7ahq_E,0_7797_0,4,measured
7aln,7aln_A,7aln_B,0_7797_1,4,measured
7aln,7aln_A,7aln_C,0_7797_1,4,measured
7aln,7aln_A,7aln_D,0_7797_0,4,measured
7aln,7aln_A,7aln_E,0_7797_0,4,measured
7aln,7aln_B,7aln_D,0_7797_0,4,measured
7aln,7aln_C,7aln_E,0_7797_0,4,measured
7aln,7aln_D,7aln_E,0_7797_1,4,measured
7bt7,7bt7_A,7bt7_B,0_7797_0,4,measured
7bt7,7bt7_A,7bt7_C,0_7797_1,4,measured
7bt7,7bt7_B,7bt7_C,0_7797_0,4,measured
7bt7,7bt7_B,7bt7_D,0_7797_1,4,measured
7bt7,7bt7_C,7bt7_D,0_7797_0,4,measured
7bt7,7bt7_C,7bt7_E,0_7797_1,4,measured
7bt7,7bt7_D,7bt7_E,0_7797_0,4,measured
7bti,7bti_A,7bti_B,0_7797_0,4,measured
7bti,7bti_A,7bti_C,0_7797_1,4,measured
7bti,7bti_B,7bti_C,0_7797_0,4,measured
7bti,7bti_B,7bti_D,0_7797_1,4,measured
7bti,7bti_C,7bti_D,0_7797_0,4,measured
7bti,7bti_C,7bti_E,0_7797_1,4,measured
7bti,7bti_D,7bti_E,0_7797_0,4,measured
7jh7,7jh7_A,7jh7_B,0_7797_1,4,measured
7jh7,7jh7_E,7jh7_D,0_7797_1,4,measured
7jh7,7jh7_A,7jh7_C,0_7797_1,4,measured
7jh7,7jh7_C,7jh7_E,0_7797_0,4,measured
7jh7,7jh7_A,7jh7_D,0_7797_0,4,measured
7jh7,7jh7_A,7jh7_E,0_7797_0,4,measured
7jh7,7jh7_B,7jh7_D,0_7797_0,4,measured
7p1g,7p1g_A,7p1g_B,0_7797_0,4,measured
7p1g,7p1g_C,7p1g_A,0_7797_1,4,measured
7p1g,7p1g_C,7p1g_B,0_7797_0,4,measured
7p1g,7p1g_B,7p1g_D,0_7797_1,4,measured
7p1g,7p1g_C,7p1g_D,0_7797_0,4,measured
7p1g,7p1g_C,7p1g_E,0_7797_1,4,measured
7p1g,7p1g_D,7p1g_E,0_7797_0,4,measured
7pdz,7pdz_I,7pdz_J,0_7797_0,4,measured
7pdz,7pdz_I,7pdz_K,0_7797_1,4,measured
7pdz,7pdz_J,7pdz_K,0_7797_0,4,measured
7pdz,7pdz_J,7pdz_L,0_7797_1,4,measured
7pdz,7pdz_K,7pdz_L,0_7797_0,4,measured
7pdz,7pdz_K,7pdz_N,0_7797_1,4,measured
7pdz,7pdz_L,7pdz_N,0_7797_0,4,measured
7pdz,7pdz_L,7pdz_O,0_7797_1,4,measured
7pdz,7pdz_N,7pdz_O,0_7797_0,4,measured
7r8v,7r8v_B,7r8v_A,0_7797_1,4,measured
7r8v,7r8v_A,7r8v_D,0_7797_0,4,measured
7r8v,7r8v_B,7r8v_C,0_7797_1,4,measured
7r8v,7r8v_B,7r8v_D,0_7797_0,4,measured
7r8v,7r8v_B,7r8v_E,0_7797_0,4,measured
7r8v,7r8v_C,7r8v_E,0_7797_0,4,measured
7r8v,7r8v_D,7r8v_E,0_7797_1,4,measured
7r94,7r94_B,7r94_A,0_7797_0,4,measured
7r94,7r94_C,7r94_A,0_7797_1,4,measured
7r94,7r94_C,7r94_B,0_7797_0,4,measured
7r94,7r94_B,7r94_D,0_7797_1,4,measured
7r94,7r94_C,7r94_D,0_7797_0,4,measured
7r94,7r94_C,7r94_E,0_7797_1,4,measured
7r94,7r94_D,7r94_E,0_7797_0,4,measured
7tpt,7tpt_H,7tpt_I,0_7797_0,4,measured
7tpt,7tpt_H,7tpt_J,0_7797_33,4,measured
7tpt,7tpt_I,7tpt_J,0_7797_0,4,measured
7tpt,7tpt_I,7tpt_K,0_7797_33,4,measured
7tpt,7tpt_J,7tpt_K,0_7797_34,4,measured
7tpt,7tpt_L,7tpt_M,0_7797_34,4,measured
7tpt,7tpt_L,7tpt_N,0_7797_35,4,measured
7tpt,7tpt_M,7tpt_N,0_7797_34,4,measured
7tpt,7tpt_M,7tpt_O,0_7797_35,4,measured
7tpt,7tpt_N,7tpt_O,0_7797_0,4,measured
7tpt,7tpt_N,7tpt_P,0_7797_1,4,measured
7tpt,7tpt_O,7tpt_P,0_7797_0,4,measured
7tpt,7tpt_O,7tpt_Q,0_7797_33,4,measured
7tpt,7tpt_P,7tpt_Q,0_7797_0,4,measured
7tpt,7tpt_P,7tpt_R,0_7797_1,4,measured
7tpt,7tpt_Q,7tpt_R,0_7797_0,4,measured
7tpt,7tpt_Q,7tpt_S,0_7797_1,4,measured
7tpt,7tpt_R,7tpt_S,0_7797_0,4,measured
7tpt,7tpt_R,7tpt_T,0_7797_33,4,measured
7tpt,7tpt_S,7tpt_T,0_7797_34,4,measured
7tpt,7tpt_S,7tpt_U,0_7797_33,4,measured
7tpt,7tpt_T,7tpt_U,0_7797_34,4,measured
7utj,7utj_A,7utj_B,0_7797_0,4,measured
7utj,7utj_A,7utj_C,0_7797_1,4,measured
7utj,7utj_B,7utj_C,0_7797_0,4,measured
7utj,7utj_B,7utj_D,0_7797_1,4,measured
7utj,7utj_C,7utj_D,0_7797_0,4,measured
7utj,7utj_C,7utj_E,0_7797_1,4,measured
7utj,7utj_D,7utj_E,0_7797_0,4,measured
7utj,7utj_D,7utj_F,0_7797_1,4,measured
7utj,7utj_E,7utj_F,0_7797_0,4,measured
7uuw,7uuw_A,7uuw_B,0_7797_0,4,measured
7uuw,7uuw_A,7uuw_C,0_7797_1,4,measured
7uuw,7uuw_B,7uuw_C,0_7797_0,4,measured
7uuw,7uuw_B,7uuw_D,0_7797_1,4,measured
7uuw,7uuw_C,7uuw_D,0_7797_0,4,measured
7uuw,7uuw_C,7uuw_E,0_7797_1,4,measured
7uuw,7uuw_D,7uuw_E,0_7797_0,4,measured
7uuw,7uuw_D,7uuw_F,0_7797_1,4,measured
7uuw,7uuw_E,7uuw_F,0_7797_0,4,measured
7uxf,7uxf_A,7uxf_B,0_7797_0,4,measured
7uxf,7uxf_A,7uxf_C,0_7797_1,4,measured
7uxf,7uxf_B,7uxf_C,0_7797_0,4,measured
7uxf,7uxf_B,7uxf_D,0_7797_1,4,measured
7uxf,7uxf_C,7uxf_D,0_7797_0,4,measured
7uxf,7uxf_C,7uxf_E,0_7797_1,4,measured
7uxf,7uxf_D,7uxf_E,0_7797_0,4,measured
7uxf,7uxf_D,7uxf_F,0_7797_1,4,measured
7uxf,7uxf_E,7uxf_F,0_7797_0,4,measured
7z7h,7z7h_B,7z7h_A,0_7797_0,4,measured
7z7h,7z7h_C,7z7h_A,0_7797_1,4,measured
7z7h,7z7h_B,7z7h_C,0_7797_0,4,measured
7z7h,7z7h_D,7z7h_B,0_7797_1,4,measured
7z7h,7z7h_D,7z7h_C,0_7797_0,4,measured
7z7h,7z7h_E,7z7h_C,0_7797_1,4,measured
7z7h,7z7h_D,7z7h_E,0_7797_0,4,measured
7z7i,7z7i_B,7z7i_A,0_7797_0,4,measured
7z7i,7z7i_C,7z7i_A,0_7797_1,4,measured
7z7i,7z7i_B,7z7i_C,0_7797_0,4,measured
7z7i,7z7i_D,7z7i_B,0_7797_1,4,measured
7z7i,7z7i_D,7z7i_C,0_7797_0,4,measured
7z7i,7z7i_E,7z7i_C,0_7797_1,4,measured
7z7i,7z7i_D,7z7i_E,0_7797_0,4,measured
7ztc,7ztc_A,7ztc_B,0_7797_0,4,measured
7ztc,7ztc_A,7ztc_C,0_7797_1,4,measured
7ztc,7ztc_B,7ztc_C,0_7797_0,4,measured
7ztc,7ztc_B,7ztc_D,0_7797_1,4,measured
7ztc,7ztc_C,7ztc_D,0_7797_0,4,measured
7ztc,7ztc_C,7ztc_E,0_7797_1,4,measured
7ztc,7ztc_D,7ztc_E,0_7797_0,4,measured
7ztc,7ztc_D,7ztc_F,0_7797_1,4,measured
7ztc,7ztc_E,7ztc_F,0_7797_0,4,measured
7ztc,7ztc_E,7ztc_G,0_7797_1,4,measured
7ztc,7ztc_F,7ztc_G,0_7797_0,4,measured
7ztc,7ztc_F,7ztc_H,0_7797_1,4,measured
7ztc,7ztc_G,7ztc_H,0_7797_0,4,measured
8a2r,8a2r_A,8a2r_B,0_7797_0,4,measured
8a2r,8a2r_C,8a2r_A,0_7797_1,4,measured
8a2r,8a2r_C,8a2r_B,0_7797_0,4,measured
8a2r,8a2r_B,8a2r_D,0_7797_1,4,measured
8a2r,8a2r_C,8a2r_D,0_7797_0,4,measured
8a2r,8a2r_C,8a2r_E,0_7797_1,4,measured
8a2r,8a2r_D,8a2r_E,0_7797_0,4,measured
8a2s,8a2s_A,8a2s_B,0_7797_0,4,measured
8a2s,8a2s_C,8a2s_A,0_7797_1,4,measured
8a2s,8a2s_C,8a2s_B,0_7797_0,4,measured
8a2s,8a2s_B,8a2s_D,0_7797_1,4,measured
8a2s,8a2s_C,8a2s_D,0_7797_0,4,measured
8a2s,8a2s_C,8a2s_E,0_7797_1,4,measured
8a2s,8a2s_D,8a2s_E,0_7797_0,4,measured
8a2t,8a2t_A,8a2t_B,0_7797_0,4,measured
8a2t,8a2t_C,8a2t_A,0_7797_1,4,measured
8a2t,8a2t_C,8a2t_B,0_7797_0,4,measured
8a2t,8a2t_B,8a2t_D,0_7797_1,4,measured
8a2t,8a2t_C,8a2t_D,0_7797_0,4,measured
8a2t,8a2t_C,8a2t_E,0_7797_1,4,measured
8a2t,8a2t_D,8a2t_E,0_7797_0,4,measured
8a2u,8a2u_A,8a2u_B,0_7797_0,4,measured
8a2u,8a2u_C,8a2u_A,0_7797_1,4,measured
8a2u,8a2u_C,8a2u_B,0_7797_0,4,measured
8a2u,8a2u_B,8a2u_D,0_7797_1,4,measured
8a2u,8a2u_C,8a2u_D,0_7797_0,4,measured
8a2u,8a2u_C,8a2u_E,0_7797_1,4,measured
8a2u,8a2u_D,8a2u_E,0_7797_0,4,measured
8a2y,8a2y_A,8a2y_B,0_7797_0,4,measured
8a2y,8a2y_C,8a2y_A,0_7797_1,4,measured
8a2y,8a2y_C,8a2y_B,0_7797_0,4,measured
8a2y,8a2y_B,8a2y_D,0_7797_1,4,measured
8a2y,8a2y_C,8a2y_D,0_7797_0,4,measured
8a2y,8a2y_C,8a2y_E,0_7797_1,4,measured
8a2y,8a2y_D,8a2y_E,0_7797_0,4,measured
8a2z,8a2z_A,8a2z_B,0_7797_0,4,measured
8a2z,8a2z_C,8a2z_A,0_7797_1,4,measured
8a2z,8a2z_C,8a2z_B,0_7797_0,4,measured
8a2z,8a2z_B,8a2z_D,0_7797_1,4,measured
8a2z,8a2z_C,8a2z_D,0_7797_0,4,measured
8a2z,8a2z_C,8a2z_E,0_7797_1,4,measured
8a2z,8a2z_D,8a2z_E,0_7797_0,4,measured
8c4c,8c4c_A,8c4c_B,0_7797_0,4,measured
8c4c,8c4c_A,8c4c_C,0_7797_1,4,measured
8c4c,8c4c_B,8c4c_C,0_7797_0,4,measured
8c4c,8c4c_B,8c4c_D,0_7797_1,4,measured
8c4c,8c4c_C,8c4c_D,0_7797_0,4,measured
8c4c,8c4c_C,8c4c_E,0_7797_1,4,measured
8c4c,8c4c_D,8c4c_E,0_7797_0,4,measured
8c4c,8c4c_D,8c4c_F,0_7797_1,4,measured
8c4c,8c4c_E,8c4c_F,0_7797_0,4,measured
8c4c,8c4c_E,8c4c_G,0_7797_1,4,measured
8c4c,8c4c_F,8c4c_G,0_7797_0,4,measured
8c4c,8c4c_F,8c4c_H,0_7797_1,4,measured
8c4c,8c4c_G,8c4c_H,0_7797_0,4,measured
8c4e,8c4e_A,8c4e_B,0_7797_0,4,measured
8c4e,8c4e_A,8c4e_C,0_7797_1,4,measured
8c4e,8c4e_B,8c4e_C,0_7797_0,4,measured
8c4e,8c4e_B,8c4e_D,0_7797_1,4,measured
8c4e,8c4e_C,8c4e_D,0_7797_0,4,measured
8c4e,8c4e_C,8c4e_E,0_7797_1,4,measured
8c4e,8c4e_D,8c4e_E,0_7797_0,4,measured
8c4e,8c4e_D,8c4e_F,0_7797_1,4,measured
8c4e,8c4e_E,8c4e_F,0_7797_0,4,measured
8c4e,8c4e_E,8c4e_G,0_7797_1,4,measured
8c4e,8c4e_F,8c4e_G,0_7797_0,4,measured
8c4e,8c4e_F,8c4e_H,0_7797_1,4,measured
8c4e,8c4e_G,8c4e_H,0_7797_0,4,measured
8ccn,8ccn_A,8ccn_B,0_7797_0,4,measured
8ccn,8ccn_A,8ccn_C,0_7797_1,4,measured
8ccn,8ccn_B,8ccn_C,0_7797_0,4,measured
8ccn,8ccn_B,8ccn_D,0_7797_1,4,measured
8ccn,8ccn_C,8ccn_D,0_7797_0,4,measured
8ccn,8ccn_C,8ccn_E,0_7797_1,4,measured
8ccn,8ccn_D,8ccn_E,0_7797_0,4,measured
8ccn,8ccn_D,8ccn_F,0_7797_1,4,measured
8ccn,8ccn_E,8ccn_F,0_7797_0,4,measured
8cco,8cco_A,8cco_B,0_7797_0,4,measured
8cco,8cco_A,8cco_C,0_7797_1,4,measured
8cco,8cco_B,8cco_C,0_7797_0,4,measured
8cco,8cco_B,8cco_D,0_7797_1,4,measured
8cco,8cco_C,8cco_D,0_7797_0,4,measured
8cco,8cco_C,8cco_E,0_7797_1,4,measured
8cco,8cco_D,8cco_E,0_7797_0,4,measured
8cco,8cco_D,8cco_F,0_7797_1,4,measured
8cco,8cco_E,8cco_F,0_7797_0,4,measured
8d15,8d15_A,8d15_B,0_7797_0,4,measured
8d15,8d15_A,8d15_C,0_7797_1,4,measured
8d15,8d15_B,8d15_C,0_7797_0,4,measured
8d15,8d15_B,8d15_D,0_7797_1,4,measured
8d15,8d15_C,8d15_D,0_7797_0,4,measured
8d15,8d15_C,8d15_E,0_7797_1,4,measured
8d15,8d15_D,8d15_E,0_7797_0,4,measured
8d15,8d15_D,8d15_F,0_7797_1,4,measured
8d15,8d15_E,8d15_F,0_7797_0,4,measured
8d15,8d15_E,8d15_G,0_7797_1,4,measured
8d15,8d15_F,8d15_G,0_7797_0,4,measured
8d16,8d16_A,8d16_B,0_7797_0,4,measured
8d16,8d16_A,8d16_C,0_7797_1,4,measured
8d16,8d16_B,8d16_C,0_7797_0,4,measured
8d16,8d16_B,8d16_D,0_7797_1,4,measured
8d16,8d16_C,8d16_D,0_7797_0,4,measured
8d16,8d16_C,8d16_E,0_7797_1,4,measured
8d16,8d16_D,8d16_E,0_7797_0,4,measured
8d16,8d16_D,8d16_F,0_7797_1,4,measured
8d16,8d16_E,8d16_F,0_7797_0,4,measured
8d16,8d16_E,8d16_G,0_7797_1,4,measured
8d16,8d16_F,8d16_G,0_7797_0,4,measured
8d17,8d17_A,8d17_B,0_7797_0,4,measured
8d17,8d17_A,8d17_C,0_7797_1,4,measured
8d17,8d17_B,8d17_C,0_7797_0,4,measured
8d17,8d17_B,8d17_D,0_7797_1,4,measured
8d17,8d17_C,8d17_D,0_7797_0,4,measured
8d17,8d17_C,8d17_E,0_7797_1,4,measured
8d17,8d17_D,8d17_E,0_7797_0,4,measured
8d17,8d17_D,8d17_F,0_7797_1,4,measured
8d17,8d17_E,8d17_F,0_7797_0,4,measured
8d17,8d17_E,8d17_G,0_7797_1,4,measured
8d17,8d17_F,8d17_G,0_7797_0,4,measured
8d18,8d18_A,8d18_B,0_7797_0,4,measured
8d18,8d18_A,8d18_C,0_7797_1,4,measured
8d18,8d18_B,8d18_C,0_7797_0,4,measured
8d18,8d18_B,8d18_D,0_7797_1,4,measured
8d18,8d18_C,8d18_D,0_7797_0,4,measured
8d18,8d18_C,8d18_E,0_7797_1,4,measured
8d18,8d18_D,8d18_E,0_7797_0,4,measured
8d18,8d18_D,8d18_F,0_7797_1,4,measured
8d18,8d18_E,8d18_F,0_7797_0,4,measured
8d18,8d18_E,8d18_G,0_7797_1,4,measured
8d18,8d18_F,8d18_G,0_7797_0,4,measured
8dd0,8dd0_A,8dd0_B,0_7797_0,4,measured
8dd0,8dd0_A,8dd0_C,0_7797_1,4,measured
8dd0,8dd0_B,8dd0_C,0_7797_0,4,measured
8dd0,8dd0_B,8dd0_D,0_7797_1,4,measured
8dd0,8dd0_C,8dd0_D,0_7797_0,4,measured
8dd0,8dd0_C,8dd0_E,0_7797_1,4,measured
8dd0,8dd0_D,8dd0_E,0_7797_0,4,measured
8dd0,8dd0_D,8dd0_F,0_7797_1,4,measured
8dd0,8dd0_E,8dd0_F,0_7797_0,4,measured
8e9b,8e9b_H,8e9b_I,0_7797_0,4,measured
8e9b,8e9b_M,8e9b_N,0_7797_0,4,measured
8e9b,8e9b_M,8e9b_O,0_7797_1,4,measured
8e9b,8e9b_N,8e9b_O,0_7797_0,4,measured
8e9b,8e9b_N,8e9b_P,0_7797_1,4,measured
8e9b,8e9b_O,8e9b_P,0_7797_0,4,measured
8e9b,8e9b_O,8e9b_Q,0_7797_1,4,measured
8e9b,8e9b_P,8e9b_Q,0_7797_0,4,measured
8e9b,8e9b_P,8e9b_R,0_7797_1,4,measured
8e9b,8e9b_Q,8e9b_R,0_7797_0,4,measured
8efh,8efh_B,8efh_D,0_7797_0,4,measured
8efh,8efh_F,8efh_B,0_7797_1,4,measured
8efh,8efh_C,8efh_E,0_7797_0,4,measured
8efh,8efh_F,8efh_C,0_7797_1,4,measured
8efh,8efh_D,8efh_E,0_7797_1,4,measured
8efh,8efh_F,8efh_D,0_7797_0,4,measured
8efh,8efh_F,8efh_E,0_7797_0,4,measured
8efi,8efi_B,8efi_D,0_7797_0,4,measured
8efi,8efi_B,8efi_F,0_7797_1,4,measured
8efi,8efi_C,8efi_E,0_7797_0,4,measured
8efi,8efi_C,8efi_F,0_7797_1,4,measured
8efi,8efi_D,8efi_E,0_7797_1,4,measured
8efi,8efi_D,8efi_F,0_7797_0,4,measured
8efi,8efi_E,8efi_F,0_7797_0,4,measured
8enc,8enc_B,8enc_D,0_7797_0,4,measured
8enc,8enc_B,8enc_F,0_7797_1,4,measured
8enc,8enc_C,8enc_E,0_7797_0,4,measured
8enc,8enc_C,8enc_F,0_7797_1,4,measured
8enc,8enc_D,8enc_E,0_7797_1,4,measured
8enc,8enc_D,8enc_F,0_7797_0,4,measured
8enc,8enc_E,8enc_F,0_7797_0,4,measured
8f8p,8f8p_A,8f8p_B,0_7797_0,4,measured
8f8p,8f8p_A,8f8p_C,0_7797_1,4,measured
8f8p,8f8p_B,8f8p_C,0_7797_0,4,measured
8f8p,8f8p_B,8f8p_D,0_7797_1,4,measured
8f8p,8f8p_C,8f8p_D,0_7797_0,4,measured
8f8p,8f8p_C,8f8p_E,0_7797_1,4,measured
8f8p,8f8p_D,8f8p_E,0_7797_0,4,measured
8f8q,8f8q_A,8f8q_B,0_7797_0,4,measured
8f8q,8f8q_A,8f8q_C,0_7797_1,4,measured
8f8q,8f8q_B,8f8q_C,0_7797_0,4,measured
8f8q,8f8q_B,8f8q_D,0_7797_1,4,measured
8f8q,8f8q_C,8f8q_D,0_7797_0,4,measured
8f8q,8f8q_C,8f8q_E,0_7797_1,4,measured
8f8q,8f8q_D,8f8q_E,0_7797_0,4,measured
8f8q,8f8q_D,8f8q_F,0_7797_1,4,measured
8f8q,8f8q_E,8f8q_F,0_7797_0,4,measured
8f8r,8f8r_A,8f8r_B,0_7797_0,4,measured
8f8r,8f8r_A,8f8r_C,0_7797_1,4,measured
8f8r,8f8r_B,8f8r_C,0_7797_0,4,measured
8f8r,8f8r_B,8f8r_D,0_7797_1,4,measured
8f8r,8f8r_C,8f8r_D,0_7797_0,4,measured
8f8r,8f8r_C,8f8r_E,0_7797_1,4,measured
8f8r,8f8r_D,8f8r_E,0_7797_0,4,measured
8f8r,8f8r_D,8f8r_F,0_7797_1,4,measured
8f8r,8f8r_E,8f8r_F,0_7797_0,4,measured
8f8r,8f8r_E,8f8r_G,0_7797_1,4,measured
8f8r,8f8r_F,8f8r_G,0_7797_0,4,measured
8f8s,8f8s_A,8f8s_B,0_7797_10,4,measured
8f8s,8f8s_A,8f8s_C,0_7797_1,4,measured
8f8s,8f8s_B,8f8s_C,0_7797_10,4,measured
8f8s,8f8s_B,8f8s_D,0_7797_1,4,measured
8f8s,8f8s_C,8f8s_D,0_7797_0,4,measured
8f8s,8f8s_C,8f8s_E,0_7797_1,4,measured
8f8s,8f8s_D,8f8s_E,0_7797_0,4,measured
8f8s,8f8s_D,8f8s_F,0_7797_1,4,measured
8f8s,8f8s_E,8f8s_F,0_7797_0,4,measured
8f8s,8f8s_E,8f8s_G,0_7797_1,4,measured
8f8s,8f8s_F,8f8s_G,0_7797_0,4,measured
8f8t,8f8t_A,8f8t_B,0_7797_37,4,measured
8f8t,8f8t_A,8f8t_C,0_7797_1,4,measured
8f8t,8f8t_B,8f8t_C,0_7797_0,4,measured
8f8t,8f8t_B,8f8t_D,0_7797_1,4,measured
8f8t,8f8t_C,8f8t_D,0_7797_0,4,measured
8f8t,8f8t_C,8f8t_E,0_7797_1,4,measured
8f8t,8f8t_D,8f8t_E,0_7797_0,4,measured
8f8t,8f8t_D,8f8t_F,0_7797_1,4,measured
8f8t,8f8t_E,8f8t_F,0_7797_0,4,measured
8f8t,8f8t_E,8f8t_G,0_7797_1,4,measured
8f8t,8f8t_F,8f8t_G,0_7797_0,4,measured
8iah,8iah_A,8iah_B,0_7797_0,4,measured
8iah,8iah_A,8iah_C,0_7797_1,4,measured
8iah,8iah_B,8iah_C,0_7797_0,4,measured
8iah,8iah_B,8iah_D,0_7797_1,4,measured
8iah,8iah_C,8iah_D,0_7797_0,4,measured
8iah,8iah_C,8iah_E,0_7797_1,4,measured
8iah,8iah_D,8iah_E,0_7797_0,4,measured
8iah,8iah_D,8iah_F,0_7797_1,4,measured
8iah,8iah_E,8iah_F,0_7797_0,4,measured
8iah,8iah_E,8iah_G,0_7797_1,4,measured
8iah,8iah_F,8iah_G,0_7797_0,4,measured
8iah,8iah_F,8iah_H,0_7797_1,4,measured
8iah,8iah_G,8iah_H,0_7797_0,4,measured
8iah,8iah_G,8iah_I,0_7797_1,4,measured
8iah,8iah_H,8iah_I,0_7797_0,4,measured
8iah,8iah_H,8iah_J,0_7797_1,4,measured
8iah,8iah_I,8iah_J,0_7797_0,4,measured
8iah,8iah_I,8iah_K,0_7797_1,4,measured
8iah,8iah_J,8iah_K,0_7797_0,4,measured
8iah,8iah_J,8iah_L,0_7797_1,4,measured
8iah,8iah_K,8iah_L,0_7797_0,4,measured
8iai,8iai_A,8iai_B,0_7797_0,4,measured
8iai,8iai_A,8iai_C,0_7797_1,4,measured
8iai,8iai_B,8iai_C,0_7797_0,4,measured
8iai,8iai_B,8iai_D,0_7797_1,4,measured
8iai,8iai_C,8iai_D,0_7797_0,4,measured
8iai,8iai_C,8iai_E,0_7797_1,4,measured
8iai,8iai_D,8iai_E,0_7797_0,4,measured
8iai,8iai_D,8iai_F,0_7797_1,4,measured
8iai,8iai_E,8iai_F,0_7797_0,4,measured
8iai,8iai_E,8iai_G,0_7797_1,4,measured
8iai,8iai_F,8iai_G,0_7797_0,4,measured
8iai,8iai_F,8iai_H,0_7797_1,4,measured
8iai,8iai_G,8iai_H,0_7797_0,4,measured
8iai,8iai_G,8iai_I,0_7797_1,4,measured
8iai,8iai_H,8iai_I,0_7797_0,4,measured
8iai,8iai_H,8iai_J,0_7797_1,4,measured
8iai,8iai_I,8iai_J,0_7797_0,4,measured
8iai,8iai_I,8iai_K,0_7797_1,4,measured
8iai,8iai_J,8iai_K,0_7797_0,4,measured
8ib2,8ib2_B,8ib2_C,0_7797_0,4,measured
8ib2,8ib2_B,8ib2_D,0_7797_1,4,measured
8ib2,8ib2_C,8ib2_D,0_7797_0,4,measured
8ib2,8ib2_C,8ib2_E,0_7797_1,4,measured
8ib2,8ib2_D,8ib2_E,0_7797_0,4,measured
8ib2,8ib2_D,8ib2_F,0_7797_1,4,measured
8ib2,8ib2_E,8ib2_F,0_7797_0,4,measured
8oi8,8oi8_A,8oi8_B,0_7797_0,4,measured
8oi8,8oi8_C,8oi8_A,0_7797_1,4,measured
8oi8,8oi8_C,8oi8_B,0_7797_0,4,measured
8oi8,8oi8_B,8oi8_D,0_7797_1,4,measured
8oi8,8oi8_C,8oi8_D,0_7797_0,4,measured
8oi8,8oi8_C,8oi8_E,0_7797_1,4,measured
8oi8,8oi8_D,8oi8_E,0_7797_0,4,measured
8ord,8ord_A,8ord_B,0_7797_1,4,measured
8ord,8ord_A,8ord_C,0_7797_0,4,measured
8ord,8ord_A,8ord_D,0_7797_0,4,measured
8ord,8ord_A,8ord_E,0_7797_1,4,measured
8ord,8ord_B,8ord_C,0_7797_0,4,measured
8ord,8ord_C,8ord_D,0_7797_1,4,measured
8ord,8ord_D,8ord_E,0_7797_0,4,measured
8p94,8p94_H,8p94_J,0_7797_1,4,measured
8p94,8p94_H,8p94_K,0_7797_0,4,measured
8p94,8p94_H,8p94_W,0_7797_0,4,measured
8p94,8p94_J,8p94_K,0_7797_0,4,measured
8p94,8p94_K,8p94_W,0_7797_1,4,measured
8p94,8p94_N,8p94_O,0_7797_0,4,measured
8p94,8p94_N,8p94_P,0_7797_1,4,measured
8p94,8p94_O,8p94_P,0_7797_0,4,measured
8p94,8p94_O,8p94_Q,0_7797_1,4,measured
8p94,8p94_P,8p94_Q,0_7797_0,4,measured
8p94,8p94_P,8p94_R,0_7797_1,4,measured
8p94,8p94_Q,8p94_R,0_7797_0,4,measured
8p94,8p94_Q,8p94_S,0_7797_1,4,measured
8p94,8p94_R,8p94_S,0_7797_0,4,measured
8pvx,8pvx_A,8pvx_B,0_7797_0,4,measured
8pvx,8pvx_C,8pvx_A,0_7797_1,4,measured
8pvx,8pvx_C,8pvx_B,0_7797_0,4,measured
8pvx,8pvx_D,8pvx_B,0_7797_1,4,measured
8pvx,8pvx_C,8pvx_D,0_7797_0,4,measured
8pvx,8pvx_C,8pvx_E,0_7797_1,4,measured
8pvx,8pvx_E,8pvx_D,0_7797_0,4,measured
8r3h,8r3h_F,8r3h_H,0_7797_0,4,measured
8r3h,8r3h_F,8r3h_I,0_7797_0,4,measured
8r3h,8r3h_F,8r3h_J,0_7797_1,4,measured
8r3h,8r3h_G,8r3h_H,0_7797_1,4,measured
8r3h,8r3h_G,8r3h_J,0_7797_0,4,measured
8r3h,8r3h_H,8r3h_I,0_7797_1,4,measured
8r3h,8r3h_H,8r3h_J,0_7797_0,4,measured
8thx,8thx_A,8thx_B,0_7797_0,4,measured
8thx,8thx_A,8thx_C,0_7797_1,4,measured
8thx,8thx_B,8thx_C,0_7797_0,4,measured
8thx,8thx_B,8thx_D,0_7797_1,4,measured
8thx,8thx_C,8thx_D,0_7797_0,4,measured
8thx,8thx_C,8thx_E,0_7797_1,4,measured
8thx,8thx_D,8thx_E,0_7797_0,4,measured
8thy,8thy_A,8thy_B,0_7797_0,4,measured
8thy,8thy_A,8thy_C,0_7797_1,4,measured
8thy,8thy_B,8thy_C,0_7797_0,4,measured
8thy,8thy_B,8thy_D,0_7797_1,4,measured
8thy,8thy_C,8thy_D,0_7797_0,4,measured
8thy,8thy_C,8thy_E,0_7797_1,4,measured
8thy,8thy_D,8thy_E,0_7797_0,4,measured
8uee,8uee_F,8uee_H,0_7797_0,4,measured
8uee,8uee_F,8uee_J,0_7797_1,4,measured
8uee,8uee_H,8uee_I,0_7797_1,4,measured
8uee,8uee_H,8uee_J,0_7797_0,4,measured
8uee,8uee_I,8uee_J,0_7797_0,4,measured
8uee,8uee_I,8uee_K,0_7797_0,4,measured
8uee,8uee_I,8uee_M,0_7797_1,4,measured
8uee,8uee_J,8uee_K,0_7797_1,4,measured
8uee,8uee_K,8uee_L,0_7797_1,4,measured
8uee,8uee_K,8uee_M,0_7797_0,4,measured
8uee,8uee_L,8uee_M,0_7797_0,4,measured
8uxw,8uxw_H,8uxw_I,0_7797_0,4,measured
8uxw,8uxw_M,8uxw_N,0_7797_0,4,measured
8uxw,8uxw_M,8uxw_O,0_7797_1,4,measured
8uxw,8uxw_N,8uxw_O,0_7797_0,4,measured
8uxw,8uxw_N,8uxw_P,0_7797_1,4,measured
8uxw,8uxw_O,8uxw_P,0_7797_0,4,measured
8uxw,8uxw_O,8uxw_Q,0_7797_1,4,measured
8uxw,8uxw_P,8uxw_Q,0_7797_0,4,measured
8uxw,8uxw_P,8uxw_R,0_7797_1,4,measured
8uxw,8uxw_Q,8uxw_R,0_7797_0,4,measured
8uxx,8uxx_H,8uxx_I,0_7797_0,4,measured
8uxx,8uxx_M,8uxx_N,0_7797_0,4,measured
8uxx,8uxx_M,8uxx_O,0_7797_1,4,measured
8uxx,8uxx_N,8uxx_O,0_7797_0,4,measured
8uxx,8uxx_N,8uxx_P,0_7797_1,4,measured
8uxx,8uxx_O,8uxx_P,0_7797_0,4,measured
8uxx,8uxx_O,8uxx_Q,0_7797_1,4,measured
8uxx,8uxx_P,8uxx_Q,0_7797_0,4,measured
8uxx,8uxx_P,8uxx_R,0_7797_1,4,measured
8uxx,8uxx_Q,8uxx_R,0_7797_0,4,measured
8uz0,8uz0_J,8uz0_K,0_7797_0,4,measured
8uz0,8uz0_J,8uz0_L,0_7797_1,4,measured
8uz0,8uz0_K,8uz0_L,0_7797_0,4,measured
8uz0,8uz0_K,8uz0_M,0_7797_1,4,measured
8uz0,8uz0_L,8uz0_M,0_7797_0,4,measured
8uz0,8uz0_L,8uz0_N,0_7797_1,4,measured
8uz0,8uz0_M,8uz0_N,0_7797_0,4,measured
8uz0,8uz0_M,8uz0_O,0_7797_1,4,measured
8uz0,8uz0_N,8uz0_O,0_7797_0,4,measured
8uz0,8uz0_N,8uz0_P,0_7797_1,4,measured
8uz0,8uz0_O,8uz0_P,0_7797_0,4,measured
8uz0,8uz0_O,8uz0_Q,0_7797_1,4,measured
8uz0,8uz0_P,8uz0_Q,0_7797_0,4,measured
8uz0,8uz0_P,8uz0_R,0_7797_1,4,measured
8uz0,8uz0_Q,8uz0_R,0_7797_0,4,measured
8uz1,8uz1_J,8uz1_K,0_7797_0,4,measured
8uz1,8uz1_J,8uz1_L,0_7797_1,4,measured
8uz1,8uz1_K,8uz1_L,0_7797_0,4,measured
8uz1,8uz1_K,8uz1_M,0_7797_1,4,measured
8uz1,8uz1_L,8uz1_M,0_7797_0,4,measured
8uz1,8uz1_L,8uz1_N,0_7797_1,4,measured
8uz1,8uz1_M,8uz1_N,0_7797_0,4,measured
8uz1,8uz1_M,8uz1_O,0_7797_1,4,measured
8uz1,8uz1_N,8uz1_O,0_7797_0,4,measured
8uz1,8uz1_N,8uz1_P,0_7797_1,4,measured
8uz1,8uz1_O,8uz1_P,0_7797_0,4,measured
8uz1,8uz1_O,8uz1_Q,0_7797_1,4,measured
8uz1,8uz1_P,8uz1_Q,0_7797_0,4,measured
8uz1,8uz1_P,8uz1_R,0_7797_1,4,measured
8uz1,8uz1_Q,8uz1_R,0_7797_0,4,measured
8v2o,8v2o_A,8v2o_B,0_7797_0,4,measured
8v2o,8v2o_A,8v2o_C,0_7797_1,4,measured
8v2o,8v2o_B,8v2o_C,0_7797_0,4,measured
8v2o,8v2o_B,8v2o_D,0_7797_1,4,measured
8v2o,8v2o_C,8v2o_D,0_7797_0,4,measured
8v2o,8v2o_C,8v2o_E,0_7797_1,4,measured
8v2o,8v2o_D,8v2o_E,0_7797_0,4,measured
8v2z,8v2z_A,8v2z_B,0_7797_0,4,measured
8v2z,8v2z_A,8v2z_C,0_7797_1,4,measured
8v2z,8v2z_B,8v2z_C,0_7797_0,4,measured
8v2z,8v2z_B,8v2z_D,0_7797_1,4,measured
8v2z,8v2z_C,8v2z_D,0_7797_0,4,measured
8v2z,8v2z_C,8v2z_E,0_7797_1,4,measured
8v2z,8v2z_D,8v2z_E,0_7797_0,4,measured
8v30,8v30_A,8v30_B,0_7797_0,4,measured
8v30,8v30_A,8v30_C,0_7797_1,4,measured
8v30,8v30_B,8v30_C,0_7797_0,4,measured
8v30,8v30_B,8v30_D,0_7797_1,4,measured
8v30,8v30_C,8v30_D,0_7797_0,4,measured
8v30,8v30_C,8v30_E,0_7797_1,4,measured
8v30,8v30_D,8v30_E,0_7797_0,4,measured
8vaa,8vaa_A,8vaa_B,0_7797_0,4,measured
8vaa,8vaa_A,8vaa_C,0_7797_1,4,measured
8vaa,8vaa_B,8vaa_C,0_7797_0,4,measured
8vaa,8vaa_B,8vaa_D,0_7797_1,4,measured
8vaa,8vaa_C,8vaa_D,0_7797_0,4,measured
8vaa,8vaa_C,8vaa_E,0_7797_1,4,measured
8vaa,8vaa_D,8vaa_E,0_7797_0,4,measured
8vaa,8vaa_D,8vaa_F,0_7797_1,4,measured
8vaa,8vaa_E,8vaa_F,0_7797_0,4,measured
8vaa,8vaa_E,8vaa_G,0_7797_1,4,measured
8vaa,8vaa_F,8vaa_G,0_7797_0,4,measured
8vaa,8vaa_F,8vaa_H,0_7797_1,4,measured
8vaa,8vaa_G,8vaa_H,0_7797_0,4,measured
8vaa,8vaa_G,8vaa_I,0_7797_1,4,measured
8vaa,8vaa_H,8vaa_I,0_7797_0,4,measured
8vaa,8vaa_H,8vaa_J,0_7797_1,4,measured
8vaa,8vaa_I,8vaa_J,0_7797_0,4,measured
8vfm,8vfm_J,8vfm_M,0_7797_0,4,measured
8vfm,8vfm_J,8vfm_S,0_7797_1,4,measured
8vfm,8vfm_J,8vfm_W,0_7797_0,4,measured
8vfm,8vfm_L,8vfm_N,0_7797_0,4,measured
8vfm,8vfm_L,8vfm_R,0_7797_1,4,measured
8vfm,8vfm_L,8vfm_S,0_7797_1,4,measured
8vfm,8vfm_L,8vfm_U,0_7797_0,4,measured
8vfm,8vfm_M,8vfm_S,0_7797_0,4,measured
8vfm,8vfm_M,8vfm_U,0_7797_1,4,measured
8vfm,8vfm_M,8vfm_W,0_7797_1,4,measured
8vfm,8vfm_N,8vfm_R,0_7797_0,4,measured
8vfm,8vfm_N,8vfm_U,0_7797_1,4,measured
8vfm,8vfm_S,8vfm_U,0_7797_0,4,measured
8viz,8viz_A,8viz_B,0_7797_0,4,measured
8viz,8viz_A,8viz_C,0_7797_1,4,measured
8viz,8viz_B,8viz_C,0_7797_0,4,measured
8viz,8viz_B,8viz_D,0_7797_1,4,measured
8viz,8viz_C,8viz_D,0_7797_0,4,measured
8viz,8viz_C,8viz_E,0_7797_1,4,measured
8viz,8viz_D,8viz_E,0_7797_0,4,measured
8viz,8viz_D,8viz_F,0_7797_1,4,measured
8viz,8viz_E,8viz_F,0_7797_0,4,measured
8vkh,8vkh_A,8vkh_B,0_7797_0,4,measured
8vkh,8vkh_A,8vkh_C,0_7797_1,4,measured
8vkh,8vkh_B,8vkh_C,0_7797_0,4,measured
8vkh,8vkh_B,8vkh_D,0_7797_1,4,measured
8vkh,8vkh_C,8vkh_D,0_7797_0,4,measured
8vkh,8vkh_C,8vkh_E,0_7797_1,4,measured
8vkh,8vkh_D,8vkh_E,0_7797_0,4,measured
8vkh,8vkh_D,8vkh_F,0_7797_1,4,measured
8vkh,8vkh_E,8vkh_F,0_7797_44,4,measured
8w36,8w36_A,8w36_B,0_7797_0,4,measured
8w36,8w36_C,8w36_A,0_7797_1,4,measured
8w36,8w36_C,8w36_B,0_7797_0,4,measured
8w36,8w36_D,8w36_B,0_7797_1,4,measured
8w36,8w36_D,8w36_C,0_7797_0,4,measured
8w36,8w36_C,8w36_E,0_7797_1,4,measured
8w36,8w36_D,8w36_E,0_7797_0,4,measured
8zb7,8zb7_C,8zb7_A,0_7797_0,4,measured
8zb7,8zb7_E,8zb7_A,0_7797_1,4,measured
8zb7,8zb7_B,8zb7_D,0_7797_0,4,measured
8zb7,8zb7_B,8zb7_F,0_7797_1,4,measured
8zb7,8zb7_C,8zb7_E,0_7797_0,4,measured
8zb7,8zb7_C,8zb7_F,0_7797_1,4,measured
8zb7,8zb7_D,8zb7_E,0_7797_1,4,measured
8zb7,8zb7_D,8zb7_F,0_7797_0,4,measured
8zb7,8zb7_E,8zb7_F,0_7797_0,4,measured
8zbm,8zbm_E,8zbm_H,0_7797_0,4,measured
8zbm,8zbm_E,8zbm_O,0_7797_1,4,measured
8zbm,8zbm_E,8zbm_Q,0_7797_0,4,measured
8zbm,8zbm_H,8zbm_Q,0_7797_1,4,measured
8zbm,8zbm_O,8zbm_P,0_7797_1,4,measured
8zbm,8zbm_O,8zbm_Q,0_7797_0,4,measured
8zbm,8zbm_O,8zbm_R,0_7797_0,4,measured
8zbm,8zbm_P,8zbm_R,0_7797_0,4,measured
8zbm,8zbm_Q,8zbm_R,0_7797_1,4,measured
8zbn,8zbn_B,8zbn_I,0_7797_0,4,measured
8zbn,8zbn_B,8zbn_J,0_7797_1,4,measured
8zbn,8zbn_B,8zbn_K,0_7797_1,4,measured
8zbn,8zbn_B,8zbn_M,0_7797_0,4,measured
8zbn,8zbn_I,8zbn_D,0_7797_1,4,measured
8zbn,8zbn_J,8zbn_D,0_7797_0,4,measured
8zbn,8zbn_I,8zbn_J,0_7797_0,4,measured
8zbn,8zbn_I,8zbn_M,0_7797_1,4,measured
8zbn,8zbn_K,8zbn_M,0_7797_0,4,measured
8zix,8zix_A,8zix_B,0_7797_1,4,measured
8zix,8zix_A,8zix_E,0_7797_0,4,measured
8zix,8zix_P,8zix_A,0_7797_1,4,measured
8zix,8zix_R,8zix_A,0_7797_0,4,measured
8zix,8zix_E,8zix_B,0_7797_0,4,measured
8zix,8zix_B,8zix_F,0_7797_0,4,measured
8zix,8zix_E,8zix_F,0_7797_1,4,measured
8zix,8zix_R,8zix_E,0_7797_1,4,measured
8zix,8zix_P,8zix_R,0_7797_0,4,measured
9az4,9az4_A,9az4_B,0_7797_0,4,measured
9az4,9az4_A,9az4_C,0_7797_1,4,measured
9az4,9az4_B,9az4_C,0_7797_0,4,measured
9az4,9az4_B,9az4_D,0_7797_1,4,measured
9az4,9az4_C,9az4_D,0_7797_0,4,measured
9az4,9az4_C,9az4_E,0_7797_1,4,measured
9az4,9az4_D,9az4_E,0_7797_0,4,measured
9az4,9az4_D,9az4_F,0_7797_1,4,measured
9az4,9az4_E,9az4_F,0_7797_0,4,measured
9az6,9az6_A,9az6_B,0_7797_0,4,measured
9az6,9az6_A,9az6_C,0_7797_1,4,measured
9az6,9az6_B,9az6_C,0_7797_0,4,measured
9az6,9az6_B,9az6_D,0_7797_1,4,measured
9az6,9az6_C,9az6_D,0_7797_0,4,measured
9az6,9az6_C,9az6_E,0_7797_1,4,measured
9az6,9az6_D,9az6_E,0_7797_0,4,measured
9azp,9azp_A,9azp_B,0_7797_0,4,measured
9azp,9azp_A,9azp_C,0_7797_1,4,measured
9azp,9azp_B,9azp_C,0_7797_0,4,measured
9azp,9azp_B,9azp_D,0_7797_1,4,measured
9azp,9azp_C,9azp_D,0_7797_0,4,measured
9azp,9azp_C,9azp_E,0_7797_1,4,measured
9azp,9azp_D,9azp_E,0_7797_0,4,measured
9azp,9azp_D,9azp_F,0_7797_1,4,measured
9azp,9azp_E,9azp_F,0_7797_0,4,measured
9azp,9azp_E,9azp_I,0_7797_40,4,measured
9azq,9azq_A,9azq_B,0_7797_0,4,measured
9azq,9azq_A,9azq_C,0_7797_1,4,measured
9azq,9azq_B,9azq_C,0_7797_0,4,measured
9azq,9azq_B,9azq_D,0_7797_1,4,measured
9azq,9azq_C,9azq_D,0_7797_0,4,measured
9azq,9azq_C,9azq_E,0_7797_1,4,measured
9azq,9azq_D,9azq_E,0_7797_0,4,measured
9azq,9azq_D,9azq_F,0_7797_1,4,measured
9azq,9azq_E,9azq_F,0_7797_0,4,measured
9azq,9azq_E,9azq_I,0_7797_41,4,measured
9azq,9azq_F,9azq_I,0_7797_42,4,measured
9b03,9b03_A,9b03_B,0_7797_0,4,measured
9b03,9b03_A,9b03_C,0_7797_1,4,measured
9b03,9b03_B,9b03_C,0_7797_0,4,measured
9b03,9b03_B,9b03_D,0_7797_1,4,measured
9b03,9b03_C,9b03_D,0_7797_0,4,measured
9b03,9b03_C,9b03_E,0_7797_1,4,measured
9b03,9b03_D,9b03_E,0_7797_0,4,measured
9b03,9b03_D,9b03_F,0_7797_1,4,measured
9b03,9b03_E,9b03_F,0_7797_0,4,measured
9b0k,9b0k_A,9b0k_B,0_7797_0,4,measured
9b0k,9b0k_A,9b0k_C,0_7797_1,4,measured
9b0k,9b0k_B,9b0k_C,0_7797_0,4,measured
9b0k,9b0k_B,9b0k_D,0_7797_1,4,measured
9b0k,9b0k_C,9b0k_D,0_7797_0,4,measured
9b0k,9b0k_C,9b0k_E,0_7797_1,4,measured
9b0k,9b0k_D,9b0k_E,0_7797_0,4,measured
9b0k,9b0k_D,9b0k_F,0_7797_1,4,measured
9b0k,9b0k_E,9b0k_F,0_7797_0,4,measured
9b27,9b27_A,9b27_B,0_7797_0,4,measured
9b27,9b27_A,9b27_C,0_7797_1,4,measured
9b27,9b27_B,9b27_C,0_7797_0,4,measured
9b27,9b27_B,9b27_D,0_7797_1,4,measured
9b27,9b27_C,9b27_D,0_7797_0,4,measured
9b27,9b27_C,9b27_E,0_7797_1,4,measured
9b27,9b27_D,9b27_E,0_7797_0,4,measured
9b27,9b27_D,9b27_F,0_7797_1,4,measured
9b27,9b27_E,9b27_F,0_7797_0,4,measured
9b3d,9b3d_A,9b3d_B,0_7797_0,4,measured
9b3d,9b3d_A,9b3d_C,0_7797_1,4,measured
9b3d,9b3d_B,9b3d_C,0_7797_0,4,measured
9b3d,9b3d_B,9b3d_D,0_7797_1,4,measured
9b3d,9b3d_C,9b3d_D,0_7797_0,4,measured
9b3d,9b3d_C,9b3d_E,0_7797_1,4,measured
9b3d,9b3d_D,9b3d_E,0_7797_0,4,measured
9b3d,9b3d_D,9b3d_F,0_7797_1,4,measured
9b3d,9b3d_E,9b3d_F,0_7797_0,4,measured
9c21,9c21_A,9c21_B,0_7797_1,4,measured
9c21,9c21_A,9c21_D,0_7797_0,4,measured
9c21,9c21_B,9c21_C,0_7797_1,4,measured
9c21,9c21_B,9c21_D,0_7797_0,4,measured
9c21,9c21_B,9c21_E,0_7797_0,4,measured
9c21,9c21_C,9c21_E,0_7797_0,4,measured
9c21,9c21_C,9c21_F,0_7797_0,4,measured
9c21,9c21_D,9c21_E,0_7797_1,4,measured
9c21,9c21_E,9c21_F,0_7797_1,4,measured
9duu,9duu_A,9duu_B,0_7797_0,4,measured
9duu,9duu_A,9duu_C,0_7797_45,4,measured
9duu,9duu_B,9duu_C,0_7797_0,4,measured
9duu,9duu_B,9duu_D,0_7797_45,4,measured
9duu,9duu_C,9duu_D,0_7797_0,4,measured
9duu,9duu_C,9duu_E,0_7797_45,4,measured
9duu,9duu_D,9duu_E,0_7797_0,4,measured
9duu,9duu_D,9duu_F,0_7797_45,4,measured
9duu,9duu_E,9duu_F,0_7797_0,4,measured
9duv,9duv_A,9duv_B,0_7797_0,4,measured
9duv,9duv_A,9duv_C,0_7797_45,4,measured
9duv,9duv_B,9duv_C,0_7797_0,4,measured
9duv,9duv_B,9duv_D,0_7797_45,4,measured
9duv,9duv_C,9duv_D,0_7797_0,4,measured
9duv,9duv_C,9duv_E,0_7797_45,4,measured
9duv,9duv_D,9duv_E,0_7797_0,4,measured
9duv,9duv_D,9duv_F,0_7797_45,4,measured
9duv,9duv_E,9duv_F,0_7797_0,4,measured
9dva,9dva_A,9dva_B,0_7797_1,4,measured
9dva,9dva_A,9dva_D,0_7797_0,4,measured
9dva,9dva_B,9dva_C,0_7797_1,4,measured
9dva,9dva_B,9dva_D,0_7797_0,4,measured
9dva,9dva_B,9dva_E,0_7797_0,4,measured
9dva,9dva_C,9dva_E,0_7797_0,4,measured
9dva,9dva_D,9dva_E,0_7797_1,4,measured
9e2e,9e2e_A,9e2e_B,0_7797_0,4,measured
9e2e,9e2e_A,9e2e_C,0_7797_1,4,measured
9e2e,9e2e_B,9e2e_C,0_7797_0,4,measured
9e2e,9e2e_B,9e2e_D,0_7797_1,4,measured
9e2e,9e2e_C,9e2e_D,0_7797_0,4,measured
9e2e,9e2e_C,9e2e_E,0_7797_1,4,measured
9e2e,9e2e_D,9e2e_E,0_7797_0,4,measured
9e2e,9e2e_D,9e2e_F,0_7797_1,4,measured
9e2e,9e2e_E,9e2e_F,0_7797_0,4,measured
9go5,9go5_A,9go5_B,0_7797_0,4,measured
9go5,9go5_A,9go5_C,0_7797_0,4,measured
9go5,9go5_A,9go5_D,0_7797_1,4,measured
9go5,9go5_A,9go5_E,0_7797_1,4,measured
9go5,9go5_B,9go5_C,0_7797_1,4,measured
9go5,9go5_B,9go5_E,0_7797_0,4,measured
9go5,9go5_C,9go5_D,0_7797_0,4,measured
9gob,9gob_A,9gob_B,0_7797_0,4,measured
9gob,9gob_C,9gob_A,0_7797_1,4,measured
9gob,9gob_C,9gob_B,0_7797_0,4,measured
9gob,9gob_B,9gob_D,0_7797_1,4,measured
9gob,9gob_C,9gob_D,0_7797_0,4,measured
9gob,9gob_C,9gob_E,0_7797_1,4,measured
9gob,9gob_E,9gob_D,0_7797_0,4,measured
9hm9,9hm9_A,9hm9_B,0_7797_0,4,measured
9hm9,9hm9_C,9hm9_A,0_7797_1,4,measured
9hm9,9hm9_C,9hm9_B,0_7797_0,4,measured
9hm9,9hm9_B,9hm9_D,0_7797_1,4,measured
9hm9,9hm9_C,9hm9_D,0_7797_0,4,measured
9hm9,9hm9_C,9hm9_E,0_7797_1,4,measured
9hm9,9hm9_E,9hm9_D,0_7797_0,4,measured
9p1i,9p1i_Q,9p1i_R,0_7797_0,4,measured
9p1i,9p1i_Q,9p1i_S,0_7797_1,4,measured
9p1i,9p1i_Q,9p1i_T,0_7797_0,4,measured
9p1i,9p1i_Q,9p1i_W,0_7797_1,4,measured
9p1i,9p1i_R,9p1i_T,0_7797_1,4,measured
9p1i,9p1i_R,9p1i_W,0_7797_0,4,measured
9p1i,9p1i_R,9p1i_X,0_7797_1,4,measured
9p1i,9p1i_S,9p1i_T,0_7797_0,4,measured
9p1i,9p1i_S,9p1i_U,0_7797_1,4,measured
9p1i,9p1i_S,9p1i_V,0_7797_0,4,measured
9p1i,9p1i_T,9p1i_V,0_7797_1,4,measured
9p1i,9p1i_U,9p1i_V,0_7797_0,4,measured
9p1i,9p1i_W,9p1i_X,0_7797_0,4,measured
9p1i,9p1i_W,9p1i_Y,0_7797_1,4,measured
9p1i,9p1i_X,9p1i_Y,0_7797_0,4,measured
9p1i,9p1i_X,9p1i_Z,0_7797_1,4,measured
9p1i,9p1i_Y,9p1i_Z,0_7797_0,4,measured
9p1i,9p1i_Y,9p1i_a,0_7797_1,4,measured
9p1i,9p1i_Z,9p1i_a,0_7797_0,4,measured
9p1i,9p1i_Z,9p1i_b,0_7797_1,4,measured
9p1i,9p1i_a,9p1i_b,0_7797_0,4,measured
9p3d,9p3d_Q,9p3d_R,0_7797_0,4,measured
9p3d,9p3d_Q,9p3d_S,0_7797_1,4,measured
9p3d,9p3d_R,9p3d_S,0_7797_0,4,measured
9p3d,9p3d_R,9p3d_T,0_7797_1,4,measured
9p3d,9p3d_S,9p3d_T,0_7797_0,4,measured
9p3d,9p3d_S,9p3d_U,0_7797_1,4,measured
9p3d,9p3d_T,9p3d_U,0_7797_0,4,measured
9p3d,9p3d_T,9p3d_V,0_7797_1,4,measured
9p3d,9p3d_U,9p3d_V,0_7797_0,4,measured
9p3d,9p3d_U,9p3d_W,0_7797_1,4,measured
9p3d,9p3d_V,9p3d_W,0_7797_0,4,measured
9p3d,9p3d_V,9p3d_X,0_7797_1,4,measured
9p3d,9p3d_W,9p3d_X,0_7797_0,4,measured
9p3d,9p3d_W,9p3d_Y,0_7797_1,4,measured
9p3d,9p3d_X,9p3d_Y,0_7797_0,4,measured
9p3d,9p3d_X,9p3d_Z,0_7797_1,4,measured
9p3d,9p3d_Y,9p3d_Z,0_7797_0,4,measured
9p3d,9p3d_Y,9p3d_a,0_7797_1,4,measured
9p3d,9p3d_Z,9p3d_a,0_7797_0,4,measured
9q7k,9q7k_A,9q7k_B,0_7797_10,4,measured
9q7k,9q7k_A,9q7k_C,0_7797_12,4,measured
9q7k,9q7k_B,9q7k_C,0_7797_10,4,measured
9q7k,9q7k_B,9q7k_D,0_7797_12,4,measured
9q7k,9q7k_C,9q7k_D,0_7797_10,4,measured
9q7k,9q7k_C,9q7k_E,0_7797_12,4,measured
9q7k,9q7k_D,9q7k_E,0_7797_10,4,measured
9q7l,9q7l_A,9q7l_B,0_7797_10,4,measured
9q7l,9q7l_A,9q7l_C,0_7797_12,4,measured
9q7l,9q7l_B,9q7l_C,0_7797_10,4,measured
9q7l,9q7l_B,9q7l_D,0_7797_12,4,measured
9q7l,9q7l_C,9q7l_D,0_7797_10,4,measured
9q7l,9q7l_C,9q7l_E,0_7797_12,4,measured
9q7l,9q7l_D,9q7l_E,0_7797_31,4,measured
9q7m,9q7m_A,9q7m_B,0_7797_10,4,measured
9q7m,9q7m_A,9q7m_C,0_7797_12,4,measured
9q7m,9q7m_B,9q7m_C,0_7797_10,4,measured
9q7m,9q7m_B,9q7m_D,0_7797_12,4,measured
9q7m,9q7m_C,9q7m_D,0_7797_10,4,measured
9q7m,9q7m_C,9q7m_E,0_7797_12,4,measured
9q7m,9q7m_D,9q7m_E,0_7797_10,4,measured
9q7n,9q7n_A,9q7n_B,0_7797_10,4,measured
9q7n,9q7n_A,9q7n_C,0_7797_12,4,measured
9q7n,9q7n_B,9q7n_C,0_7797_10,4,measured
9q7n,9q7n_B,9q7n_D,0_7797_12,4,measured
9q7n,9q7n_C,9q7n_D,0_7797_10,4,measured
9q7n,9q7n_C,9q7n_E,0_7797_12,4,measured
9q7n,9q7n_D,9q7n_E,0_7797_10,4,measured
9q7o,9q7o_A,9q7o_B,0_7797_31,4,measured
9q7o,9q7o_A,9q7o_C,0_7797_1,4,measured
9q7o,9q7o_B,9q7o_C,0_7797_37,4,measured
9q7o,9q7o_B,9q7o_D,0_7797_1,4,measured
9q7o,9q7o_C,9q7o_D,0_7797_0,4,measured
9q7o,9q7o_C,9q7o_E,0_7797_1,4,measured
9q7o,9q7o_D,9q7o_E,0_7797_0,4,measured
9qew,9qew_A,9qew_B,0_7797_0,4,measured
9qew,9qew_C,9qew_A,0_7797_1,4,measured
9qew,9qew_C,9qew_B,0_7797_0,4,measured
9qew,9qew_B,9qew_D,0_7797_1,4,measured
9qew,9qew_C,9qew_D,0_7797_0,4,measured
9qew,9qew_C,9qew_E,0_7797_1,4,measured
9qew,9qew_D,9qew_E,0_7797_0,4,measured
9qey,9qey_A,9qey_B,0_7797_0,4,measured
9qey,9qey_A,9qey_C,0_7797_1,4,measured
9qey,9qey_B,9qey_C,0_7797_0,4,measured
9qey,9qey_B,9qey_D,0_7797_1,4,measured
9qey,9qey_C,9qey_D,0_7797_0,4,measured
9qey,9qey_C,9qey_E,0_7797_1,4,measured
9qey,9qey_D,9qey_E,0_7797_0,4,measured
9qf2,9qf2_A,9qf2_B,0_7797_50,4,measured
9qf2,9qf2_C,9qf2_A,0_7797_1,4,measured
9qf2,9qf2_C,9qf2_B,0_7797_50,4,measured
9qf2,9qf2_B,9qf2_D,0_7797_1,4,measured
9qf2,9qf2_C,9qf2_D,0_7797_50,4,measured
9qf2,9qf2_C,9qf2_E,0_7797_1,4,measured
9qf2,9qf2_D,9qf2_E,0_7797_50,4,measured
9qfb,9qfb_A,9qfb_B,0_7797_50,4,measured
9qfb,9qfb_A,9qfb_C,0_7797_1,4,measured
9qfb,9qfb_B,9qfb_C,0_7797_50,4,measured
9qfb,9qfb_B,9qfb_D,0_7797_1,4,measured
9qfb,9qfb_C,9qfb_D,0_7797_50,4,measured
9qfb,9qfb_C,9qfb_E,0_7797_1,4,measured
9qfb,9qfb_D,9qfb_E,0_7797_50,4,measured
9qfb,9qfb_D,9qfb_F,0_7797_1,4,measured
9qfb,9qfb_E,9qfb_F,0_7797_50,4,measured
9qfb,9qfb_E,9qfb_G,0_7797_1,4,measured
9qfb,9qfb_F,9qfb_G,0_7797_50,4,measured
9qfd,9qfd_A,9qfd_B,0_7797_50,4,measured
9qfd,9qfd_A,9qfd_C,0_7797_12,4,measured
9qfd,9qfd_B,9qfd_C,0_7797_50,4,measured
9qfd,9qfd_B,9qfd_D,0_7797_12,4,measured
9qfd,9qfd_C,9qfd_D,0_7797_50,4,measured
9qfd,9qfd_C,9qfd_E,0_7797_12,4,measured
9qfd,9qfd_D,9qfd_E,0_7797_50,4,measured
9qfd,9qfd_D,9qfd_F,0_7797_12,4,measured
9qfd,9qfd_E,9qfd_F,0_7797_50,4,measured
9qfd,9qfd_E,9qfd_G,0_7797_12,4,measured
9qfd,9qfd_F,9qfd_G,0_7797_50,4,measured
9qfe,9qfe_A,9qfe_B,0_7797_50,4,measured
9qfe,9qfe_A,9qfe_C,0_7797_12,4,measured
9qfe,9qfe_B,9qfe_C,0_7797_50,4,measured
9qfe,9qfe_B,9qfe_D,0_7797_1,4,measured
9qfe,9qfe_C,9qfe_D,0_7797_50,4,measured
9qfe,9qfe_C,9qfe_E,0_7797_12,4,measured
9qfe,9qfe_D,9qfe_E,0_7797_50,4,measured
9qfe,9qfe_D,9qfe_F,0_7797_1,4,measured
9qfe,9qfe_E,9qfe_F,0_7797_50,4,measured
9qfe,9qfe_E,9qfe_G,0_7797_12,4,measured
9qfe,9qfe_F,9qfe_G,0_7797_50,4,measured
9qfg,9qfg_A,9qfg_B,0_7797_50,4,measured
9qfg,9qfg_A,9qfg_C,0_7797_51,4,measured
9qfg,9qfg_B,9qfg_C,0_7797_50,4,measured
9qfg,9qfg_B,9qfg_D,0_7797_1,4,measured
9qfg,9qfg_C,9qfg_D,0_7797_50,4,measured
9qfg,9qfg_C,9qfg_E,0_7797_1,4,measured
9qfg,9qfg_D,9qfg_E,0_7797_50,4,measured
9qfg,9qfg_D,9qfg_F,0_7797_1,4,measured
9qfg,9qfg_E,9qfg_F,0_7797_50,4,measured
9qfg,9qfg_E,9qfg_G,0_7797_1,4,measured
9qfg,9qfg_F,9qfg_G,0_7797_50,4,measured
9qfj,9qfj_A,9qfj_B,0_7797_50,4,measured
9qfj,9qfj_A,9qfj_C,0_7797_12,4,measured
9qfj,9qfj_B,9qfj_C,0_7797_50,4,measured
9qfj,9qfj_B,9qfj_D,0_7797_12,4,measured
9qfj,9qfj_C,9qfj_D,0_7797_50,4,measured
9qfj,9qfj_C,9qfj_E,0_7797_12,4,measured
9qfj,9qfj_D,9qfj_E,0_7797_50,4,measured
9qfk,9qfk_A,9qfk_B,0_7797_50,4,measured
9qfk,9qfk_A,9qfk_C,0_7797_1,4,measured
9qfk,9qfk_B,9qfk_C,0_7797_50,4,measured
9qfk,9qfk_B,9qfk_D,0_7797_1,4,measured
9qfk,9qfk_C,9qfk_D,0_7797_50,4,measured
9qfk,9qfk_C,9qfk_E,0_7797_1,4,measured
9qfk,9qfk_D,9qfk_E,0_7797_50,4,measured
9qfk,9qfk_D,9qfk_F,0_7797_1,4,measured
9qfk,9qfk_E,9qfk_F,0_7797_50,4,measured
9qfk,9qfk_E,9qfk_G,0_7797_1,4,measured
9qfk,9qfk_F,9qfk_G,0_7797_50,4,measured
9qfo,9qfo_A,9qfo_B,0_7797_50,4,measured
9qfo,9qfo_A,9qfo_C,0_7797_12,4,measured
9qfo,9qfo_B,9qfo_C,0_7797_50,4,measured
9qfo,9qfo_B,9qfo_D,0_7797_12,4,measured
9qfo,9qfo_C,9qfo_D,0_7797_50,4,measured
9qfo,9qfo_C,9qfo_E,0_7797_12,4,measured
9qfo,9qfo_D,9qfo_E,0_7797_50,4,measured
9qfo,9qfo_D,9qfo_F,0_7797_12,4,measured
9qfo,9qfo_E,9qfo_F,0_7797_50,4,measured
9qfq,9qfq_A,9qfq_B,0_7797_50,4,measured
9qfq,9qfq_A,9qfq_C,0_7797_12,4,measured
9qfq,9qfq_B,9qfq_C,0_7797_50,4,measured
9qfq,9qfq_B,9qfq_D,0_7797_12,4,measured
9qfq,9qfq_C,9qfq_D,0_7797_50,4,measured
9qfq,9qfq_C,9qfq_E,0_7797_12,4,measured
9qfq,9qfq_D,9qfq_E,0_7797_10,4,measured
9qfw,9qfw_A,9qfw_B,0_7797_10,4,measured
9qfw,9qfw_A,9qfw_C,0_7797_12,4,measured
9qfw,9qfw_B,9qfw_C,0_7797_50,4,measured
9qfw,9qfw_B,9qfw_D,0_7797_12,4,measured
9qfw,9qfw_C,9qfw_D,0_7797_10,4,measured
9qfw,9qfw_C,9qfw_E,0_7797_12,4,measured
9qfw,9qfw_D,9qfw_E,0_7797_10,4,measured
9qgk,9qgk_F,9qgk_H,0_7797_0,4,measured
9qgk,9qgk_F,9qgk_I,0_7797_0,4,measured
9qgk,9qgk_F,9qgk_J,0_7797_1,4,measured
9qgk,9qgk_G,9qgk_H,0_7797_1,4,measured
9qgk,9qgk_G,9qgk_J,0_7797_0,4,measured
9qgk,9qgk_H,9qgk_I,0_7797_1,4,measured
9qgk,9qgk_H,9qgk_J,0_7797_0,4,measured
9sgk,9sgk_F,9sgk_H,0_7797_0,4,measured
9sgk,9sgk_F,9sgk_I,0_7797_0,4,measured
9sgk,9sgk_F,9sgk_J,0_7797_1,4,measured
9sgk,9sgk_G,9sgk_H,0_7797_1,4,measured
9sgk,9sgk_G,9sgk_J,0_7797_0,4,measured
9sgk,9sgk_H,9sgk_I,0_7797_1,4,measured
9sgk,9sgk_H,9sgk_J,0_7797_0,4,measured
9xye,9xye_A,9xye_B,0_7797_31,4,measured
9xye,9xye_A,9xye_C,0_7797_1,4,measured
9xye,9xye_B,9xye_C,0_7797_37,4,measured
9xye,9xye_B,9xye_D,0_7797_1,4,measured
9xye,9xye_C,9xye_D,0_7797_0,4,measured
9xye,9xye_C,9xye_E,0_7797_1,4,measured
9xye,9xye_D,9xye_E,0_7797_0,4,measured
9y52,9y52_A,9y52_B,0_7797_10,4,measured
9y52,9y52_A,9y52_C,0_7797_12,4,measured
9y52,9y52_B,9y52_C,0_7797_10,4,measured
9y52,9y52_B,9y52_D,0_7797_12,4,measured
9y52,9y52_C,9y52_D,0_7797_10,4,measured
9y52,9y52_C,9y52_E,0_7797_12,4,measured
9y52,9y52_D,9y52_E,0_7797_10,4,measured
9y9j,9y9j_A,9y9j_B,0_7797_52,4,measured
9y9j,9y9j_A,9y9j_C,0_7797_12,4,measured
9y9j,9y9j_B,9y9j_C,0_7797_10,4,measured
9y9j,9y9j_B,9y9j_D,0_7797_12,4,measured
9y9j,9y9j_C,9y9j_D,0_7797_10,4,measured
9y9j,9y9j_C,9y9j_E,0_7797_12,4,measured
9y9j,9y9j_D,9y9j_E,0_7797_10,4,measured
9y9l,9y9l_A,9y9l_B,0_7797_10,4,measured
9y9l,9y9l_A,9y9l_C,0_7797_12,4,measured
9y9l,9y9l_B,9y9l_C,0_7797_10,4,measured
9y9l,9y9l_B,9y9l_D,0_7797_12,4,measured
9y9l,9y9l_C,9y9l_D,0_7797_10,4,measured
9y9l,9y9l_C,9y9l_E,0_7797_12,4,measured
9y9l,9y9l_D,9y9l_E,0_7797_53,4,measured
9y9m,9y9m_A,9y9m_B,0_7797_53,4,measured
9y9m,9y9m_A,9y9m_C,0_7797_12,4,measured
9y9m,9y9m_B,9y9m_C,0_7797_10,4,measured
9y9m,9y9m_B,9y9m_D,0_7797_12,4,measured
9y9m,9y9m_C,9y9m_D,0_7797_53,4,measured
9y9m,9y9m_C,9y9m_E,0_7797_12,4,measured
9y9m,9y9m_D,9y9m_E,0_7797_53,4,measured
9y9p,9y9p_A,9y9p_B,0_7797_10,4,measured
9y9p,9y9p_A,9y9p_C,0_7797_12,4,measured
9y9p,9y9p_B,9y9p_C,0_7797_10,4,measured
9y9p,9y9p_B,9y9p_D,0_7797_12,4,measured
9y9p,9y9p_C,9y9p_D,0_7797_10,4,measured
9y9p,9y9p_C,9y9p_E,0_7797_12,4,measured
9y9p,9y9p_D,9y9p_E,0_7797_10,4,measured
9yim,9yim_A,9yim_B,0_7797_0,4,measured
9yim,9yim_A,9yim_C,0_7797_1,4,measured
9yim,9yim_B,9yim_C,0_7797_0,4,measured
9yim,9yim_B,9yim_D,0_7797_1,4,measured
9yim,9yim_C,9yim_D,0_7797_0,4,measured
9yim,9yim_C,9yim_E,0_7797_1,4,measured
9yim,9yim_D,9yim_E,0_7797_0,4,measured
9zbl,9zbl_A,9zbl_B,0_7797_0,4,measured
9zbl,9zbl_A,9zbl_C,0_7797_1,4,measured
9zbl,9zbl_B,9zbl_C,0_7797_0,4,measured
9zbl,9zbl_B,9zbl_D,0_7797_1,4,measured
9zbl,9zbl_C,9zbl_D,0_7797_0,4,measured
9zbl,9zbl_C,9zbl_E,0_7797_1,4,measured
9zbl,9zbl_D,9zbl_E,0_7797_0,4,measured
9zbl,9zbl_D,9zbl_F,0_7797_1,4,measured
9zbl,9zbl_E,9zbl_F,0_7797_0,4,measured
9zbp,9zbp_A,9zbp_B,0_7797_0,4,measured
9zbp,9zbp_A,9zbp_C,0_7797_1,4,measured
9zbp,9zbp_B,9zbp_C,0_7797_0,4,measured
9zbp,9zbp_B,9zbp_D,0_7797_1,4,measured
9zbp,9zbp_C,9zbp_D,0_7797_0,4,measured
9zbp,9zbp_C,9zbp_E,0_7797_1,4,measured
9zbp,9zbp_D,9zbp_E,0_7797_0,4,measured
9zbp,9zbp_D,9zbp_F,0_7797_1,4,measured
9zbp,9zbp_E,9zbp_F,0_7797_0,4,measured
9zzi,9zzi_A,9zzi_B,0_7797_0,4,measured
9zzi,9zzi_A,9zzi_C,0_7797_1,4,measured
9zzi,9zzi_B,9zzi_C,0_7797_0,4,measured
9zzi,9zzi_B,9zzi_D,0_7797_1,4,measured
9zzi,9zzi_C,9zzi_D,0_7797_0,4,measured
9zzi,9zzi_C,9zzi_E,0_7797_1,4,measured
9zzi,9zzi_D,9zzi_E,0_7797_0,4,measured
9zzj,9zzj_A,9zzj_B,0_7797_37,4,measured
9zzj,9zzj_A,9zzj_C,0_7797_1,4,measured
9zzj,9zzj_B,9zzj_C,0_7797_0,4,measured
9zzj,9zzj_B,9zzj_D,0_7797_1,4,measured
9zzj,9zzj_C,9zzj_D,0_7797_0,4,measured
9zzj,9zzj_C,9zzj_E,0_7797_1,4,measured
9zzj,9zzj_D,9zzj_E,0_7797_0,4,measured
9zzm,9zzm_A,9zzm_B,0_7797_54,4,measured
9zzm,9zzm_A,9zzm_C,0_7797_1,4,measured
9zzm,9zzm_B,9zzm_C,0_7797_0,4,measured
9zzm,9zzm_B,9zzm_D,0_7797_1,4,measured
9zzm,9zzm_B,9zzm_O,0_7797_55,4,measured
9zzm,9zzm_C,9zzm_D,0_7797_0,4,measured
9zzm,9zzm_C,9zzm_E,0_7797_1,4,measured
9zzm,9zzm_D,9zzm_E,0_7797_0,4,measured
