position,mean_variant_score,sensitivity,aa,rsa,homo_contact,n_abp_names,abp_contact,category
1,-1.2084576105307703,1.2084576105307703,M,,0,0,0,No observed contact
2,-1.5811359329512318,1.5811359329512318,D,0.8277760019742387,0,4,1,ABP only
3,-1.0298756821357324,1.0298756821357324,D,0.7541673466628799,0,5,1,ABP only
4,-0.7955517609471132,0.7955517609471132,D,0.5949342417466064,0,10,1,ABP only
5,-0.44809617150034226,0.44809617150034226,I,0.4644137640777889,0,12,1,ABP only
6,-0.7664820727752678,0.7664820727752678,A,0.3103333412823982,0,12,1,ABP only
7,-1.5687595417947058,1.5687595417947058,A,0.0365618065956151,0,2,1,ABP only
8,-2.8821312864654405,2.8821312864654405,L,0.0,0,1,1,ABP only
9,-3.7377949461696467,3.7377949461696467,V,0.0200385945755319,0,0,0,No observed contact
10,-1.6208459706525367,1.6208459706525367,V,0.0138807840924128,0,0,0,No observed contact
11,-3.432465649659048,3.432465649659048,D,0.0395667479814312,0,0,0,No observed contact
12,-1.8457692693931662,1.8457692693931662,N,0.0917465563120265,0,0,0,No observed contact
13,-4.152581611695435,4.152581611695435,G,0.056749729694446,0,0,0,No observed contact
14,-2.6599172592095104,2.6599172592095104,S,0.0486740124241472,0,0,0,No observed contact
15,-1.953761150744911,1.953761150744911,G,0.0438286007712045,0,0,0,No observed contact
16,-1.285202635896617,1.285202635896617,M,0.2127307025430803,0,6,1,ABP only
17,-1.5670285659437524,1.5670285659437524,C,0.0072313066828737,0,0,0,No observed contact
18,-2.897593028735999,2.897593028735999,K,0.0,0,1,1,ABP only
19,-2.6211682441226505,2.6211682441226505,A,0.0093614590390691,0,0,0,No observed contact
20,-4.709434101152316,4.709434101152316,G,0.0,0,0,0,No observed contact
21,-2.3841273486532377,2.3841273486532377,F,0.1912078008729867,0,18,1,ABP only
22,-2.3296928839724544,2.3296928839724544,A,0.1360608679142257,0,12,1,ABP only
23,-2.3709200700022475,2.3709200700022475,G,0.5334549989501612,0,30,1,ABP only
24,-1.859140645685613,1.859140645685613,D,0.2359894081789794,0,33,1,ABP only
25,-1.6370360350606437,1.6370360350606437,D,0.6938272160627986,0,36,1,ABP only
26,-1.1839165385139299,1.1839165385139299,A,0.4059138380712939,0,26,1,ABP only
27,-4.098659730099858,4.098659730099858,P,0.1905099721350025,0,24,1,ABP only
28,-1.4736998125896492,1.4736998125896492,R,0.5919581501093086,0,26,1,ABP only
29,-1.5395003484036032,1.5395003484036032,A,0.017667342946532,0,20,1,ABP only
30,-1.7219984395666716,1.7219984395666716,V,0.3135547796001162,0,22,1,ABP only
31,-2.3121410028912086,2.3121410028912086,F,0.0,0,11,1,ABP only
32,-2.3638918343900643,2.3638918343900643,P,0.1367126282309339,0,6,1,ABP only
33,-2.1955479540766505,2.1955479540766505,S,0.0207379165947623,0,0,0,No observed contact
34,-1.888111433654744,1.888111433654744,I,0.0,0,0,0,No observed contact
35,-2.484867249886208,2.484867249886208,V,0.006157810483119,0,2,1,ABP only
36,-2.8651611381507602,2.8651611381507602,G,0.0,0,0,0,No observed contact
37,-1.2911138317772237,1.2911138317772237,R,0.3307042222901109,0,10,1,ABP only
38,-1.8181825000946492,1.8181825000946492,P,0.4334421004464647,1,13,1,Both
39,-1.2546665131521064,1.2546665131521064,R,0.4629540366529547,1,14,1,Both
40,-0.9719836839938869,0.9719836839938869,H,0.5308331715811342,1,13,1,Both
41,-0.7769984089747684,0.7769984089747684,Q,0.7166936823090779,1,14,1,Both
42,-1.1865496187074116,1.1865496187074116,G,0.6388205124674493,1,12,1,Both
43,-1.1561773295177677,1.1561773295177677,V,0.7017080128393561,1,13,1,Both
44,-1.550789092865046,1.550789092865046,M,0.6193980344779593,1,37,1,Both
45,-1.2620892925454896,1.2620892925454896,V,0.8588621048757621,1,38,1,Both
46,-1.8482668020488044,1.8482668020488044,G,0.7290882566745047,1,40,1,Both
47,-1.2915413399119926,1.2915413399119926,M,0.5348780843223686,1,40,1,Both
48,-1.131165463481453,1.131165463481453,G,0.67970362846494,1,38,1,Both
49,-1.1329805855557797,1.1329805855557797,Q,0.6591181465883923,1,35,1,Both
50,-1.660460251536921,1.660460251536921,K,0.4115939511007409,1,36,1,Both
51,-2.0159003191845954,2.0159003191845954,D,0.5892065160648728,1,25,1,Both
52,-0.9418036521616651,0.9418036521616651,S,0.1806071214039221,0,15,1,ABP only
53,-2.2505612410376026,2.2505612410376026,Y,0.1451783718710311,1,20,1,Both
54,-2.3887774108486832,2.3887774108486832,V,0.1423440465032172,0,8,1,ABP only
55,-3.175001594099788,3.175001594099788,G,0.0,0,0,0,No observed contact
56,-1.904185629661032,1.904185629661032,D,0.419016121969435,0,23,1,ABP only
57,-2.054116694076632,2.054116694076632,E,0.4135293906565621,0,20,1,ABP only
58,-2.605717729541913,2.605717729541913,A,0.0,0,1,1,ABP only
59,-1.3503174451622084,1.3503174451622084,Q,0.1789569578621201,1,7,1,Both
60,-1.128617248649781,1.128617248649781,S,0.5267008585016989,1,13,1,Both
61,-1.626725234628227,1.626725234628227,K,0.4626421161075864,1,19,1,Both
62,-1.8674590013683159,1.8674590013683159,R,0.2116235974297838,1,6,1,Both
63,-2.0418066020105043,2.0418066020105043,G,0.535787510664965,1,5,1,Both
64,-1.5208542860167387,1.5208542860167387,I,0.4413666576389541,1,5,1,Both
65,-2.3459670808467488,2.3459670808467488,L,0.0319838514645588,1,3,1,Both
66,-1.1687447513191267,1.1687447513191267,T,0.2838024208488124,1,10,1,Both
67,-2.265976674089475,2.265976674089475,L,0.0373144933753186,1,4,1,Both
68,-1.5360966766394544,1.5360966766394544,K,0.492861308831799,1,9,1,Both
69,-2.1800518161768947,2.1800518161768947,Y,0.1384024701616642,0,5,1,ABP only
70,-3.781458182458614,3.781458182458614,P,0.0,0,4,1,ABP only
71,-2.8089364724837624,2.8089364724837624,I,0.0735611096064923,0,3,1,ABP only
72,-2.022076069020505,2.022076069020505,E,0.3479342884841128,1,5,1,Both
73,-2.286057257717656,2.286057257717656,H,0.3050528541537299,1,3,1,Both
74,-3.7817881833530427,3.7817881833530427,G,0.2524970513982122,0,0,0,No observed contact
75,-2.159729955177565,2.159729955177565,I,0.2329435137538925,1,7,1,Both
76,-2.7509611609457596,2.7509611609457596,V,0.1049128005716837,1,7,1,Both
77,-1.388466470397009,1.388466470397009,T,0.4496215259288232,1,7,1,Both
78,-2.8685215501014256,2.8685215501014256,N,0.3440692251518672,0,7,1,ABP only
79,-3.489655615742771,3.489655615742771,W,0.1919502088211245,0,10,1,ABP only
80,-2.4010475451863913,2.4010475451863913,D,0.5220359444839658,0,10,1,ABP only
81,-2.0893347691786857,2.0893347691786857,D,0.0222064046437869,0,5,1,ABP only
82,-3.089860473805452,3.089860473805452,M,0.0269559869651767,0,0,0,No observed contact
83,-2.2761717715619163,2.2761717715619163,E,0.2866325460010689,0,13,1,ABP only
84,-1.7660604645896938,1.7660604645896938,K,0.3216035620119924,0,17,1,ABP only
85,-3.1624495093483715,3.1624495093483715,I,0.0,0,0,0,No observed contact
86,-3.3335963502100747,3.3335963502100747,W,0.0296610439027347,0,0,0,No observed contact
87,-1.6503233593102835,1.6503233593102835,H,0.3754385545613448,0,22,1,ABP only
88,-2.43593772224419,2.43593772224419,H,0.1301979780404916,0,14,1,ABP only
89,-2.6339018536412313,2.6339018536412313,T,0.0070210942793018,0,0,0,No observed contact
90,-3.255572393202364,3.255572393202364,F,0.0251589211674982,0,4,1,ABP only
91,-1.4861269720075891,1.4861269720075891,Y,0.4083248618584727,0,25,1,ABP only
92,-1.848382378078473,1.848382378078473,N,0.4900466949438122,0,25,1,ABP only
93,-1.9554243635901056,1.9554243635901056,E,0.2625095661850801,0,24,1,ABP only
94,-3.389513256512457,3.389513256512457,L,0.091975829816023,0,17,1,ABP only
95,-1.950233124768309,1.950233124768309,R,0.645583164611428,0,31,1,ABP only
96,-2.057297423661239,2.057297423661239,V,0.1217967305793661,0,27,1,ABP only
97,-1.2917441324674872,1.2917441324674872,A,0.3205788298821286,0,25,1,ABP only
98,-2.4781050148166184,2.4781050148166184,P,0.0295241740388834,0,11,1,ABP only
99,-1.742989493856043,1.742989493856043,E,0.442277640130201,0,20,1,ABP only
100,-2.2978024607184806,2.2978024607184806,E,0.5052697566909082,0,20,1,ABP only
101,-1.6312943274029763,1.6312943274029763,H,0.1566448586961803,0,13,1,ABP only
102,-1.944430118737475,1.944430118737475,P,0.1367126282309339,0,5,1,ABP only
103,-2.3841900282008384,2.3841900282008384,V,0.0069403920462064,0,0,0,No observed contact
104,-3.176242319889572,3.176242319889572,L,0.0173468430653858,1,0,0,Actin only
105,-2.7165510217814144,2.7165510217814144,L,0.024032402309252,0,0,0,No observed contact
106,-3.2902891184241936,3.2902891184241936,T,0.0592314417701934,0,0,0,No observed contact
107,-2.8280249413530636,2.8280249413530636,E,0.0685679786214678,0,0,0,No observed contact
108,-2.173212620812981,2.173212620812981,A,0.0356777770349538,0,0,0,No observed contact
109,-2.9010993493769255,2.9010993493769255,P,0.1171277420440115,0,0,0,No observed contact
110,-1.6099197807832197,1.6099197807832197,L,0.4626237444531023,1,3,1,Both
111,-2.5231081385077685,2.5231081385077685,N,0.1895943111075661,1,2,1,Both
112,-2.5894934097635507,2.5894934097635507,P,0.3493767165901645,1,5,1,Both
113,-1.9458021791067321,1.9458021791067321,K,0.5475010597043611,1,5,1,Both
114,-1.0299041546369534,1.0299041546369534,A,0.4444152493591766,1,9,1,Both
115,-2.454088316472381,2.454088316472381,N,0.0937105833746615,1,4,1,Both
116,-3.001502010017925,3.001502010017925,R,0.0747549997888324,1,2,1,Both
117,-2.8058018626224928,2.8058018626224928,E,0.2523696884794847,1,10,1,Both
118,-2.1111296513853075,2.1111296513853075,K,0.2829749647221172,0,12,1,ABP only
119,-2.7156646384221608,2.7156646384221608,M,0.0905003083709116,0,0,0,No observed contact
120,-2.23098470289445,2.23098470289445,T,0.0062294129305972,0,0,0,No observed contact
121,-2.4421520216616606,2.4421520216616606,Q,0.3016164636708391,0,14,1,ABP only
122,-2.603806425928579,2.603806425928579,I,0.0306504623360384,0,7,1,ABP only
123,-2.6828442225914837,2.6828442225914837,M,0.0111358239595995,0,0,0,No observed contact
124,-4.184890952736652,4.184890952736652,F,0.0089288252005226,0,8,1,ABP only
125,-3.608336740470551,3.608336740470551,E,0.4428882643094708,0,17,1,ABP only
126,-1.5769054661334225,1.5769054661334225,T,0.4263912747628835,0,16,1,ABP only
127,-3.4562053152701155,3.4562053152701155,F,0.0793738044695177,0,9,1,ABP only
128,-1.778504892623006,1.778504892623006,N,0.4014164052153682,0,15,1,ABP only
129,-1.3450511119613848,1.3450511119613848,T,0.0202716014892008,0,1,1,ABP only
130,-2.6965694847991486,2.6965694847991486,P,0.3214528184770643,0,6,1,ABP only
131,-2.352428673490916,2.352428673490916,A,0.0748916723125529,0,6,1,ABP only
132,-2.430883187960539,2.430883187960539,M,0.0,0,0,0,No observed contact
133,-2.6186682595189588,2.6186682595189588,Y,0.1023674706978905,1,16,1,Both
134,-2.5705671927981433,2.5705671927981433,V,0.0,0,2,1,ABP only
135,-1.6417345749044903,1.6417345749044903,A,0.0468072951953455,1,3,1,Both
136,-1.8488881788043474,1.8488881788043474,I,0.0473040928342304,1,5,1,Both
137,-2.47074288422587,2.47074288422587,Q,0.0625949909483492,0,0,0,No observed contact
138,-2.831348252576313,2.831348252576313,A,0.0,0,0,0,No observed contact
139,-2.3162903631068037,2.3162903631068037,V,0.2282503559617243,1,7,1,Both
140,-3.6326487543250976,3.6326487543250976,L,0.006008100577313,1,5,1,Both
141,-2.7748743479428324,2.7748743479428324,S,0.0207379165947623,0,0,0,No observed contact
142,-3.452303365097164,3.452303365097164,L,0.0594035471065769,1,21,1,Both
143,-2.84425436884728,2.84425436884728,Y,0.3487163545205752,1,38,1,Both
144,-2.485139217612318,2.485139217612318,A,0.2855667782485587,0,30,1,ABP only
145,-1.9687462670139955,1.9687462670139955,S,0.1832426541518678,0,32,1,ABP only
146,-3.160048314732409,3.160048314732409,G,0.7010855497262454,1,37,1,Both
147,-2.0208314862452585,2.0208314862452585,R,0.3095057640423495,1,39,1,Both
148,-1.810771155739852,1.810771155739852,T,0.5093676044118512,1,36,1,Both
149,-2.6614373191522698,2.6614373191522698,T,0.1334007913067349,0,15,1,ABP only
150,-4.553128058610436,4.553128058610436,G,0.0103024906159876,0,0,0,No observed contact
151,-2.172438327197269,2.172438327197269,I,0.0,0,0,0,No observed contact
152,-3.938501540527516,3.938501540527516,V,0.0,0,0,0,No observed contact
153,-2.048685495431667,2.048685495431667,M,0.0273094161387055,0,0,0,No observed contact
154,-3.243152391697246,3.243152391697246,D,0.0333096069656804,0,0,0,No observed contact
155,-2.7567515662517463,2.7567515662517463,S,0.0069126388649207,0,0,0,No observed contact
156,-4.884492516226768,4.884492516226768,G,0.0580590488480729,0,0,0,No observed contact
157,-2.432012363577205,2.432012363577205,D,0.0444128092875739,0,1,1,ABP only
158,-3.0043244216625586,3.0043244216625586,G,0.0116118097696145,0,1,1,ABP only
159,-2.407916636446225,2.407916636446225,V,0.0485827443234449,0,0,0,No observed contact
160,-2.469295331520985,2.469295331520985,T,0.0475642972577036,0,0,0,No observed contact
161,-1.9971493225149934,1.9971493225149934,H,0.0053911973930353,0,0,0,No observed contact
162,-1.5271102600275726,1.5271102600275726,T,0.0140421885586036,0,0,0,No observed contact
163,-2.9520457984002317,2.9520457984002317,V,0.034701960231032,1,0,0,Actin only
164,-4.165214753127925,4.165214753127925,P,0.0143338820132241,1,0,0,Actin only
165,-3.2443447915519625,3.2443447915519625,I,0.0674310171392846,1,0,0,Actin only
166,-2.279709326058113,2.279709326058113,Y,0.2788727533312282,1,14,1,Both
167,-2.6375615500082343,2.6375615500082343,E,0.5202946278306632,1,27,1,Both
168,-3.603713709211013,3.603713709211013,G,0.5244618274878003,1,17,1,Both
169,-2.0105944077173135,2.0105944077173135,Y,0.6480629269013441,1,21,1,Both
170,-1.5793464873994423,1.5793464873994423,A,0.3425604319121393,1,4,1,Both
171,-2.4567556876798697,2.4567556876798697,L,0.1502025144328254,1,4,1,Both
172,-1.9062596093242423,1.9062596093242423,P,0.5913398907901043,1,6,1,Both
173,-1.7021460681949911,1.7021460681949911,H,0.5285802569494285,1,8,1,Both
174,-2.3770531100595838,2.3770531100595838,A,0.0,1,0,0,Actin only
175,-2.4228861891248106,2.4228861891248106,I,0.1510878340777232,1,0,0,Actin only
176,-0.6838088616415112,0.6838088616415112,L,0.2276303632713414,1,4,1,Both
177,-2.240571466068492,2.240571466068492,R,0.2712304336576705,1,2,1,Both
178,-1.9225904243889336,1.9225904243889336,L,0.1376189510228496,1,0,0,Actin only
179,-1.9328258540186962,1.9328258540186962,D,0.3553556697658344,1,3,1,Both
180,-2.589689898190158,2.589689898190158,L,0.0,0,0,0,No observed contact
181,-3.9426490289867373,3.9426490289867373,A,0.0093614590390691,0,0,0,No observed contact
182,-5.330081274084137,5.330081274084137,G,0.0,0,0,0,No observed contact
183,-1.8161798221497076,1.8161798221497076,R,0.143608620968896,1,3,1,Both
184,-2.2229253499363,2.2229253499363,D,0.1520098509099742,1,2,1,Both
185,-3.559237520723058,3.559237520723058,L,0.0,0,0,0,No observed contact
186,-3.2469907940864724,3.2469907940864724,T,0.0389598402809925,0,0,0,No observed contact
187,-1.1444083590820393,1.1444083590820393,D,0.3798109338637631,1,3,1,Both
188,-1.4988020301404155,1.4988020301404155,Y,0.0979279105243803,0,3,1,ABP only
189,-3.0360811482586207,3.0360811482586207,L,0.0,0,0,0,No observed contact
190,-1.2879843563865647,1.2879843563865647,M,0.1579987729301399,0,1,1,ABP only
191,-1.627337681687911,1.627337681687911,K,0.561243823649157,1,2,1,Both
192,-2.067944328223741,2.067944328223741,I,0.018390277401623,1,1,1,Both
193,-3.170080600900932,3.170080600900932,L,0.0,0,0,0,No observed contact
194,-1.071323793738263,1.071323793738263,T,0.5114360874632101,1,3,1,Both
195,-1.9628534239543174,1.9628534239543174,E,0.5699223247158429,1,8,1,Both
196,-1.6657447144978395,1.6657447144978395,R,0.3387422966673191,1,9,1,Both
197,-2.7369766597976106,2.7369766597976106,G,0.6160469864910902,1,7,1,Both
198,-1.4653454350749358,1.4653454350749358,Y,0.2151580529976774,1,8,1,Both
199,-0.9111965282299608,0.9111965282299608,S,0.5722891378164712,1,6,1,Both
200,-1.9370715052129086,1.9370715052129086,F,0.1209825236502326,1,6,1,Both
201,-1.180140317394131,1.180140317394131,T,0.6080686281361557,1,5,1,Both
202,-1.9034986416512798,1.9034986416512798,T,0.404744386294353,1,7,1,Both
203,-1.4764916676634756,1.4764916676634756,T,0.240196530334632,1,5,1,Both
204,-1.755023077184496,1.755023077184496,A,0.2050680692988593,1,6,1,Both
205,-2.1606417867479486,2.1606417867479486,E,0.2270444507394719,1,7,1,Both
206,-1.340255712688455,1.340255712688455,R,0.2366547987149248,1,3,1,Both
207,-2.3302646629813455,2.3302646629813455,E,0.014414246960485,1,5,1,Both
208,-2.231791974516069,2.231791974516069,I,0.0980814794753231,1,6,1,Both
209,-2.804884304810491,2.804884304810491,V,0.0,0,0,0,No observed contact
210,-2.084457104086458,2.084457104086458,R,0.1806071805815563,0,6,1,ABP only
211,-2.082678817773702,2.082678817773702,D,0.2541480090489141,0,7,1,ABP only
212,-3.0493452605881974,3.0493452605881974,I,0.0122601849344153,0,0,0,No observed contact
213,-4.118823827168388,4.118823827168388,K,0.0045400806104352,0,1,1,ABP only
214,-3.3379477574730196,3.3379477574730196,E,0.2324598239055702,0,10,1,ABP only
215,-2.4211020849629037,2.4211020849629037,K,0.6037632568168365,0,12,1,ABP only
216,-1.8395902030042066,1.8395902030042066,L,0.1321782127008863,0,5,1,ABP only
217,-2.670507955686707,2.670507955686707,C,0.0744434805103766,0,3,1,ABP only
218,-2.7654896748997886,2.7654896748997886,Y,0.1372345144076817,0,4,1,ABP only
219,-2.8153873071486566,2.8153873071486566,V,0.0377294444618018,0,4,1,ABP only
220,-2.666351699584477,2.666351699584477,A,0.0,0,3,1,ABP only
221,-1.1932377006364523,1.1932377006364523,L,0.4645502128317634,0,8,1,ABP only
222,-2.4429248216524178,2.4429248216524178,D,0.3687296738573983,0,9,1,ABP only
223,-1.8318277829074272,1.8318277829074272,F,0.1097489213592814,0,4,1,ABP only
224,-1.4920103549138397,1.4920103549138397,E,0.5704147235787499,1,13,1,Both
225,-0.9078868950802683,0.9078868950802683,Q,0.5468979437280421,0,6,1,ABP only
226,-2.6309155054665507,2.6309155054665507,E,0.1735815877050902,0,6,1,ABP only
227,-1.4793779535627245,1.4793779535627245,M,0.3106112852557001,1,4,1,Both
228,-0.48997764865542004,0.48997764865542004,A,0.4350537903201075,0,7,1,ABP only
229,-0.9272405354754089,0.9272405354754089,T,0.4186825369939168,0,5,1,ABP only
230,-1.409799589114042,1.409799589114042,A,0.1775902874515404,0,8,1,ABP only
231,-0.8792961220273,0.8792961220273,A,0.6768084531971943,1,8,1,Both
232,-0.775851136501011,0.775851136501011,S,0.5887991598230514,0,10,1,ABP only
233,-1.4517555461835285,1.4517555461835285,S,0.3719872707254961,0,11,1,ABP only
234,-1.1062827360003977,1.1062827360003977,S,0.5780650471176247,0,10,1,ABP only
235,-0.8600331637323929,0.8600331637323929,S,0.6598253404890739,0,8,1,ABP only
236,-1.0589621285279,1.0589621285279,L,0.2371569225821614,0,4,1,ABP only
237,-1.5262937434500383,1.5262937434500383,E,0.4007062828918933,0,7,1,ABP only
238,-1.6438460356839122,1.6438460356839122,K,0.3918758246814842,0,10,1,ABP only
239,-1.0042557182182088,1.0042557182182088,S,0.513215764585392,0,11,1,ABP only
240,-2.9089686811457414,2.9089686811457414,Y,0.1396872023786942,0,9,1,ABP only
241,-1.8775552148096513,1.8775552148096513,E,0.5410325767820575,1,12,1,Both
242,-3.067763867858957,3.067763867858957,L,0.1061134343919746,1,10,1,Both
243,-3.3780285979243834,3.3780285979243834,P,0.5962532626665413,1,8,1,Both
244,-3.1775782298255204,3.1775782298255204,D,0.5863843566456564,1,9,1,Both
245,-2.873410884367472,2.873410884367472,G,0.4304300927902842,1,9,1,Both
246,-1.667835171814596,1.667835171814596,Q,0.4543085340876912,1,9,1,Both
247,-1.366759186157712,1.366759186157712,V,0.5393302105354987,1,12,1,Both
248,-2.812664033493671,2.812664033493671,I,0.0367805548032461,0,8,1,ABP only
249,-1.5090489854784421,1.5090489854784421,T,0.2181334904299421,0,10,1,ABP only
250,-2.5090225327244675,2.5090225327244675,I,0.0362016725021024,0,1,1,ABP only
251,-2.460703182914842,2.460703182914842,G,0.0,0,3,1,ABP only
252,-1.3507397678901716,1.3507397678901716,N,0.2319284804195554,1,4,1,Both
253,-2.5281169351218997,2.5281169351218997,E,0.0336332429077984,1,2,1,Both
254,-2.508444205785191,2.508444205785191,R,0.1524979522985609,0,5,1,ABP only
255,-3.1462713444719563,3.1462713444719563,F,0.0,0,0,0,No observed contact
256,-1.775381565866883,1.775381565866883,R,0.1493391611450427,1,3,1,Both
257,-2.415602217763099,2.415602217763099,C,0.0,0,0,0,No observed contact
258,-2.9732520936561255,2.9732520936561255,P,0.0,0,0,0,No observed contact
259,-4.275069678588267,4.275069678588267,E,0.0048047489868283,0,2,1,ABP only
260,-1.484549895283094,1.484549895283094,A,0.0,0,0,0,No observed contact
261,-2.82574932193944,2.82574932193944,L,0.0360486034638781,0,0,0,No observed contact
262,-4.2608967497331145,4.2608967497331145,F,0.0552750661028509,1,5,1,Both
263,-1.7284394250317376,1.7284394250317376,Q,0.2983862920670521,1,8,1,Both
264,-3.9586643718137857,3.9586643718137857,P,0.0303805840513186,1,5,1,Both
265,-1.047656379911519,1.047656379911519,S,0.5243508661234549,1,10,1,Both
266,-1.0955381272615254,1.0955381272615254,F,0.311821501545688,1,8,1,Both
267,-1.5050054204012377,1.5050054204012377,L,0.2507182246490425,1,4,1,Both
268,-2.483736121332349,2.483736121332349,G,0.6833119892885613,1,7,1,Both
269,-1.0956612279057005,1.0956612279057005,M,0.3043011720114897,1,7,1,Both
270,-2.0464801286965866,2.0464801286965866,E,0.8017373191194396,1,11,1,Both
271,-0.6885884553957663,0.6885884553957663,S,0.2947623021188073,1,7,1,Both
272,-0.5009515781979446,0.5009515781979446,C,0.280117193107865,1,8,1,Both
273,-3.77951229124603,3.77951229124603,G,0.0315458193090752,1,5,1,Both
274,-2.6822327536848842,2.6822327536848842,I,0.01769906322915,0,0,0,No observed contact
275,-2.106748329134505,2.106748329134505,H,0.0767951104196262,1,6,1,Both
276,-1.4544134694212936,1.4544134694212936,E,0.3165830533987318,1,11,1,Both
277,-1.155815080565516,1.155815080565516,T,0.0935452318179979,0,1,1,ABP only
278,-2.1567532722177036,2.1567532722177036,T,0.013250507209899,0,0,0,No observed contact
279,-1.1428100005457735,1.1428100005457735,F,0.1559853112384891,1,11,1,Both
280,-1.3467660118948825,1.3467660118948825,N,0.3114417071599664,0,7,1,ABP only
281,-2.750137142771667,2.750137142771667,S,0.0,0,0,0,No observed contact
282,-3.724798113783533,3.724798113783533,I,0.0,1,0,0,Actin only
283,-1.2974876220852927,1.2974876220852927,M,0.2797958517155883,1,11,1,Both
284,-1.875747499127779,1.875747499127779,K,0.3966357635303377,1,8,1,Both
285,-2.917604856159315,2.917604856159315,C,0.0384955337986606,1,8,1,Both
286,-2.9311089605260774,2.9311089605260774,D,0.4991239999853748,1,8,1,Both
287,-1.468487624395902,1.468487624395902,V,0.6555758552267529,1,8,1,Both
288,-2.6149448476457158,2.6149448476457158,D,0.733204166270443,1,12,1,Both
289,-2.1748863776953296,2.1748863776953296,I,0.0919513870081154,1,3,1,Both
290,-2.503402677724935,2.503402677724935,R,0.2068807556388593,1,10,1,Both
291,-2.0141896161603836,2.0141896161603836,K,0.5784089534350404,1,11,1,Both
292,-1.6388125648264449,1.6388125648264449,D,0.344291989656184,1,10,1,Both
293,-3.44195799337543,3.44195799337543,L,0.006008100577313,0,0,0,No observed contact
294,-2.1422567314780965,2.1422567314780965,Y,0.022440957749895,1,2,1,Both
295,-1.2435721559922717,1.2435721559922717,A,0.2059520988595206,0,9,1,ABP only
296,-2.898109270246059,2.898109270246059,N,0.1501890083496898,0,15,1,ABP only
297,-1.6449723718036,1.6449723718036,T,0.0537937101883008,0,0,0,No observed contact
298,-2.8459332203615384,2.8459332203615384,V,0.0208211761386192,0,1,1,ABP only
299,-3.149265439086907,3.149265439086907,L,0.0280081268869054,0,0,0,No observed contact
300,-2.9335403749482034,2.9335403749482034,S,0.0069126388649207,0,0,0,No observed contact
301,-4.917921569392602,4.917921569392602,G,0.0464472390784583,0,0,0,No observed contact
302,-4.412548805977376,4.412548805977376,G,0.0,0,1,1,ABP only
303,-2.4230308517588917,2.4230308517588917,T,0.0070210942793018,0,0,0,No observed contact
304,-3.3349632638077464,3.3349632638077464,T,0.0280843771172073,0,0,0,No observed contact
305,-2.5312346853087258,2.5312346853087258,M,0.2095781143152029,0,18,1,ABP only
306,-1.991460128876117,1.991460128876117,Y,0.0127397196356097,0,3,1,ABP only
307,-1.444824867369199,1.444824867369199,P,0.4633039067826094,0,7,1,ABP only
308,-3.119689901401286,3.119689901401286,G,0.3080442760892535,0,7,1,ABP only
309,-2.8335751357723233,2.8335751357723233,I,0.0362016725021024,0,2,1,ABP only
310,-1.378759912946217,1.378759912946217,A,0.2237909873769975,0,5,1,ABP only
311,-1.6557368998924162,1.6557368998924162,D,0.522035944483966,0,13,1,ABP only
312,-4.080726450346534,4.080726450346534,R,0.0562929833990139,1,3,1,Both
313,-2.8198957203980166,2.8198957203980166,M,0.0114892531331283,0,0,0,No observed contact
314,-1.1181845142676203,1.1181845142676203,Q,0.3435406685671445,0,12,1,ABP only
315,-1.6427916824959492,1.6427916824959492,K,0.3746025495620509,0,7,1,ABP only
316,-3.2728222396431326,3.2728222396431326,E,0.1873852104863053,1,6,1,Both
317,-2.884806036294163,2.884806036294163,I,0.0245203698688307,0,0,0,No observed contact
318,-0.8808443251292752,0.8808443251292752,T,0.4172032121555474,0,13,1,ABP only
319,-0.8213346282885918,0.8213346282885918,A,0.6435849175673425,0,12,1,ABP only
320,-1.7822750380215626,1.7822750380215626,L,0.3282351009092245,0,13,1,ABP only
321,-1.732003445784926,1.732003445784926,A,0.0664470712597035,0,11,1,ABP only
322,-2.2821493378897966,2.2821493378897966,P,0.4826637047713576,1,10,1,Both
323,-1.1797450323056478,1.1797450323056478,S,0.7538902185993097,1,13,1,Both
324,-1.1745947426391357,1.1745947426391357,T,0.6633170418436571,1,10,1,Both
325,-1.386609444374121,1.386609444374121,M,0.3129488545894462,1,4,1,Both
326,-1.698336564280634,1.698336564280634,K,0.6022526299764579,0,13,1,ABP only
327,-2.466999923868387,2.466999923868387,I,0.0847973585962291,0,6,1,ABP only
328,-2.095794738398827,2.095794738398827,K,0.4613908037794616,0,25,1,ABP only
329,-2.3312894020972244,2.3312894020972244,I,0.1366631715408386,0,14,1,ABP only
330,-1.233575013260951,1.233575013260951,I,0.1900328664834386,0,26,1,ABP only
331,-1.8658224568485167,1.8658224568485167,A,0.3088550879950114,0,13,1,ABP only
332,-1.8377804038388537,1.8377804038388537,P,0.227137148854542,0,27,1,ABP only
333,-2.0215877580908392,2.0215877580908392,P,0.6555266989424824,0,30,1,ABP only
334,-2.041675230138845,2.041675230138845,E,0.4669922536909437,0,34,1,ABP only
335,-2.194003148062133,2.194003148062133,R,0.1077623608514393,0,7,1,ABP only
336,-1.7452447848838113,1.7452447848838113,K,0.1833525058047956,0,17,1,ABP only
337,-1.804572491579259,1.804572491579259,Y,0.3211497987672044,0,25,1,ABP only
338,-2.062754797491689,2.062754797491689,S,0.0700048995651896,0,6,1,ABP only
339,-2.292564046663628,2.292564046663628,V,0.0825021229913896,0,0,0,No observed contact
340,-3.965301747193209,3.965301747193209,W,0.0042372919861049,0,8,1,ABP only
341,-1.6692409838110707,1.6692409838110707,I,0.1961629589506463,0,34,1,ABP only
342,-4.052475011766596,4.052475011766596,G,0.0,0,6,1,ABP only
343,-3.379009875808311,3.379009875808311,G,0.0,0,1,1,ABP only
344,-3.052269181482255,3.052269181482255,S,0.0622137497842869,0,25,1,ABP only
345,-2.378337286190393,2.378337286190393,I,0.3494152706308387,1,37,1,Both
346,-2.833991909303231,2.833991909303231,L,0.0660891063504431,1,14,1,Both
347,-2.727477900757037,2.727477900757037,A,0.1162823747044812,0,2,1,ABP only
348,-2.0186240519898075,2.0186240519898075,S,0.4289299550138917,0,34,1,ABP only
349,-2.135431928598671,2.135431928598671,L,0.3417842742402888,1,37,1,Both
350,-1.5781784677282746,1.5781784677282746,S,0.6793499942693596,1,38,1,Both
351,-1.7934275072740866,1.7934275072740866,T,0.5241522316808219,1,42,1,Both
352,-2.5221910576923103,2.5221910576923103,F,0.0553496265684961,1,18,1,Both
353,-1.5005831564020933,1.5005831564020933,Q,0.4037526288427226,0,16,1,ABP only
354,-1.2363132506744512,1.2363132506744512,Q,0.6419721995684081,1,32,1,Both
355,-1.4184810097707818,1.4184810097707818,M,0.3802204512791903,1,24,1,Both
356,-1.832554932539697,1.832554932539697,W,0.0975502218051473,0,7,1,ABP only
357,-2.4834973004585867,2.4834973004585867,I,0.0061300924672076,0,1,1,ABP only
358,-1.337278468198869,1.337278468198869,S,0.3148136895112315,0,7,1,ABP only
359,-2.0025184494642,2.0025184494642,K,0.2751569250379931,0,12,1,ABP only
360,-0.8849375047253076,0.8849375047253076,Q,0.5096299421728412,0,8,1,ABP only
361,-2.3661879769371983,2.3661879769371983,E,0.242760190505828,0,13,1,ABP only
362,-3.241016123455964,3.241016123455964,Y,0.0993970291452156,0,16,1,ABP only
363,-1.3713132190026585,1.3713132190026585,D,0.6025805201564367,0,16,1,ABP only
364,-3.1232186967395608,3.1232186967395608,E,0.5924461070804194,0,17,1,ABP only
365,-0.6458669178391625,0.6458669178391625,S,0.2879261965045959,0,17,1,ABP only
366,-3.1184718603181625,3.1184718603181625,G,0.228946585392523,0,15,1,ABP only
367,-1.5832206400701012,1.5832206400701012,P,0.2886155484875272,0,15,1,ABP only
368,-0.7137754332878065,0.7137754332878065,S,0.390995487210211,1,10,1,Both
369,-2.1274459867480364,2.1274459867480364,I,0.0306504623360384,0,11,1,ABP only
370,-2.548235132995278,2.548235132995278,V,0.0,0,0,0,No observed contact
371,-1.7124613661846475,1.7124613661846475,H,0.2832408885595937,1,11,1,Both
372,-1.537540009845458,1.537540009845458,R,0.6584015505780714,1,17,1,Both
373,-2.4001446625275413,2.4001446625275413,K,0.2710169981358922,1,20,1,Both
374,-2.551192883377141,2.551192883377141,C,0.0722059140637384,1,12,1,Both
375,-3.7545115344086133,3.7545115344086133,F,0.4993343182191552,1,18,1,Both
