kind,footprint,n_positions,n_scored,mean_sensitivity,median_sensitivity
abp,Actin-interacting protein 1,82,82,1.7187370427354371,1.544164551355252
abp,Actin-related protein 2,52,52,1.7135443368468688,1.627031458158069
abp,Actin-related protein 2/3 complex subunit 1,27,27,2.0986985140009793,2.0186240519898075
abp,Actin-related protein 2/3 complex subunit 1B,22,22,2.0599341965438236,1.9139434563498043
abp,Actin-related protein 2/3 complex subunit 2,76,76,1.8661292012224318,1.7878512726478246
abp,Actin-related protein 2/3 complex subunit 3,22,22,1.6306574870215946,1.5775419669308486
abp,Actin-related protein 2/3 complex subunit 4,30,30,2.167443148151204,2.0092093843243974
abp,Actin-related protein 2/3 complex subunit 5-like protein,8,8,1.3542108356419764,1.272890172464665
abp,Actin-related protein 3,76,76,1.8839636003409832,1.690148268999622
abp,Adducin 1,88,88,1.943455949652133,1.8430236029438292
abp,Adenylyl cyclase-associated protein 1,49,49,1.8960838137295064,1.8775552148096513
abp,Afadin,10,10,1.8553333317055867,1.9388823488377103
abp,Alpha-catenin-like protein hmp-1,55,55,1.9948223552442683,1.859140645685613
abp,Beta-adducin,132,132,1.8715534278220431,1.7769432292449445
abp,Catenin alpha-1,78,78,2.011991598982223,1.8725071080889837
abp,Cell invasion protein SipA,134,134,1.90105558581601,1.7788283019442228
abp,Cofilin,82,82,2.1376278354053593,2.021209622168049
abp,Cofilin (UNC-60B),71,71,2.1515523230876186,2.0215877580908392
abp,Cofilin-1,76,76,2.168886218263069,2.0172621855872013
abp,Cofilin-2,77,77,2.1114661911347676,2.0141896161603836
abp,"Coronin-1B,Methylated-DNA--protein-cysteine methyltransferase",98,98,1.8113774589321614,1.6631024830173802
abp,Dematin actin binding protein,125,125,1.937342817566208,1.804572491579259
abp,Epididymis secretory protein Li 37,43,43,1.9421552883906912,1.904185629661032
abp,F-actin-capping protein subunit alpha-1,46,46,2.1402456214127263,2.1314389576733537
abp,F-actin-capping protein subunit beta,45,45,2.064347731468131,2.0186240519898075
abp,Filamin-A,58,58,1.974138925593176,1.8816631376733226
abp,Gelsolin,119,119,1.9979784100876103,1.8181825000946492
abp,Inositol-trisphosphate 3-kinase A,37,37,2.0320371901084053,1.859140645685613
abp,Inverted formin-2,112,112,2.0233740910832525,1.9138941697889802
abp,Isoform 2 of F-actin-capping protein subunit beta,46,46,2.0716886351148953,2.0146092298535603
abp,"Isoform A2 of Troponin T, cardiac muscle",36,36,1.935277199575405,1.8242757797893527
abp,Leiomodin-2,93,93,1.9627745539415682,1.7822750380215626
abp,"Maltose/maltodextrin-binding periplasmic protein,Adenylate cyclase ExoY",53,53,2.0775218469407837,1.9554243635901056
abp,"Maltose/maltodextrin-binding periplasmic protein,TccC3",44,44,1.9986655044619075,1.9528287441792074
abp,Myosin heavy chain 4,52,52,1.901994341349119,1.8242757797893527
abp,"Myosin-14,Alpha-actinin A",53,53,1.9574294231156477,1.859140645685613
abp,Myosin-6,42,42,1.9752709150819374,1.8430236029438292
abp,Myosin-7,54,54,1.9608067546511772,1.8537037238672087
abp,Myosin-A,49,49,1.9242218916520955,1.8482668020488044
abp,Plastin-3,46,46,1.982878192695493,1.9528287441792074
abp,Profilin-1,29,29,2.1012875047829676,2.1274459867480364
abp,Protein diaphanous homolog 1,66,66,1.9721267657524337,1.8295189788943282
abp,Spectrin beta chain,76,76,2.106169918687795,1.980103197945056
abp,Src substrate cortactin,65,65,2.1236529986304253,2.0215877580908392
abp,Talin-1,72,72,1.97342393164527,1.853761511882043
abp,Tropomodulin-1,132,132,2.0144661806165303,1.903842135656156
abp,Tropomyosin alpha-1 chain,35,35,1.8488612551465828,1.8395902030042066
abp,Tropomyosin beta chain,11,11,2.262440783592759,2.508444205785191
abp,Tropomyosin-1.9,17,17,1.9856687546698804,1.859140645685613
abp,"Troponin T2, cardiac type",34,34,1.904923849284504,1.8430236029438292
abp,Unconventional myosin-Ib,66,66,1.9283527527726303,1.8483245900636387
abp,Utrophin,51,51,1.96829097518921,1.859140645685613
abp,Vibrio VopV,95,95,1.981714560605734,1.9034986416512798
abp,Vinculin,65,65,1.9168398708739876,1.859140645685613
abp,VopV,85,85,1.9288081549355949,1.8161798221497076
abp,"WD repeat-containing protein 1,Methylated-DNA--protein-cysteine methyltransferase",52,52,1.6960841085134857,1.5190615831237757
abp,beta-cardiac myosin II,38,38,1.9595151629315344,1.8430236029438292
homo,6685_1,39,39,1.6196691951456035,1.5360966766394544
homo,6685_109,31,31,1.6354131102109477,1.5360966766394544
homo,6685_115,16,16,1.8716269737751643,1.9961411539016594
homo,6685_116,18,18,1.6323447154553188,1.5661715510445744
homo,6685_117,31,31,2.313338150895007,2.279709326058113
homo,6685_17,19,19,1.984489532607514,2.0141896161603836
homo,6685_171,15,15,1.4497107533862783,1.180140317394131
homo,6685_2,41,41,1.9571063873333712,1.9328258540186962
homo,6685_216,23,23,1.8878738953865624,1.9458021791067321
homo,6685_23,28,28,1.8556088083385816,1.8016449396166503
homo,6685_274,29,29,1.568109507538784,1.5050054204012377
homo,6685_275,20,20,2.0647603297800923,2.0782231738192403
homo,6685_277,13,13,1.6068115936751706,1.5208542860167387
homo,6685_283,20,20,1.9710513269912333,1.8578629017085602
homo,6685_284,19,19,2.1140107804320003,2.1422567314780965
homo,6685_293,33,33,2.12035100159632,2.022076069020505
homo,6685_294,23,23,1.5837422162760546,1.5208542860167387
homo,6685_3,36,36,1.7492973798682008,1.6641477116757586
homo,6685_4,54,54,2.3112333417030775,2.2809293319739545
abp_site,Actin-interacting protein 1 / 6685_266,19,19,1.9888204514912282,2.0105944077173135
abp_site,Actin-interacting protein 1 / 6685_267,31,31,1.4995077531603136,1.409799589114042
abp_site,Actin-interacting protein 1 / 6685_291,20,20,1.589161059999853,1.5472736143397388
abp_site,Actin-interacting protein 1 / 6685_292,18,18,1.4748554915633418,1.2913275858446083
abp_site,Actin-interacting protein 1 / 6685_295,30,30,1.7570279834949474,1.613614412721853
abp_site,Actin-related protein 2 / 6685_109,27,27,1.5862486930384594,1.4988020301404155
abp_site,Actin-related protein 2 / 6685_3,32,32,1.7881499910942185,1.711429124499546
abp_site,Actin-related protein 2/3 complex subunit 1 / 6685_144,22,22,2.2536821766897117,2.0316314941148423
abp_site,Actin-related protein 2/3 complex subunit 1 / 6685_145,5,5,1.416770398170557,1.2915413399119926
abp_site,Actin-related protein 2/3 complex subunit 1 / 6685_193,5,5,1.416770398170557,1.2915413399119926
abp_site,Actin-related protein 2/3 complex subunit 1B / 6685_144,16,16,2.285341209331267,2.0781317074219645
abp_site,Actin-related protein 2/3 complex subunit 1B / 6685_145,5,5,1.416770398170557,1.2915413399119926
abp_site,Actin-related protein 2/3 complex subunit 1B / 6685_15,17,17,2.2491000195947852,2.0208314862452585
abp_site,Actin-related protein 2/3 complex subunit 2 / 6685_110,7,7,1.5130093170388765,1.2974876220852927
abp_site,Actin-related protein 2/3 complex subunit 2 / 6685_111,24,24,2.097799768383215,2.0635149852849515
abp_site,Actin-related protein 2/3 complex subunit 2 / 6685_112,22,22,1.5532014740766797,1.487197210276689
abp_site,Actin-related protein 2/3 complex subunit 2 / 6685_146,16,16,1.8475217433658684,1.901785382211544
abp_site,Actin-related protein 2/3 complex subunit 2 / 6685_147,10,10,2.1965652634547395,2.193650711473612
abp_site,Actin-related protein 2/3 complex subunit 2 / 6685_168,19,19,1.5098742563978842,1.4653454350749358
abp_site,Actin-related protein 2/3 complex subunit 2 / 6685_183,21,21,1.9317686856260428,1.944430118737475
abp_site,Actin-related protein 2/3 complex subunit 2 / 6685_184,17,17,2.2838691256647046,2.4421520216616606
abp_site,Actin-related protein 2/3 complex subunit 2 / 6685_195,14,14,2.0526704933314552,2.000863771199357
abp_site,Actin-related protein 2/3 complex subunit 3 / 6685_113,9,9,1.5041071070846537,1.5005831564020933
abp_site,Actin-related protein 2/3 complex subunit 3 / 6685_185,8,8,1.9552253034059595,1.7607471932395247
abp_site,Actin-related protein 2/3 complex subunit 3 / 6685_194,10,10,1.6888561888556128,1.5315162190705058
abp_site,Actin-related protein 2/3 complex subunit 4 / 6685_114,30,30,2.167443148151204,2.0092093843243974
abp_site,Actin-related protein 2/3 complex subunit 5-like protein / 6685_186,8,8,1.3542108356419764,1.272890172464665
abp_site,Actin-related protein 3 / 6685_106,27,27,2.2480980014975818,2.3661879769371983
abp_site,Actin-related protein 3 / 6685_107,8,8,1.135543885869783,1.2580411625572199
abp_site,Actin-related protein 3 / 6685_108,9,9,1.2958138552184164,1.2620892925454896
abp_site,Actin-related protein 3 / 6685_142,15,15,2.152483026950922,2.0025184494642
abp_site,Actin-related protein 3 / 6685_143,6,6,1.0325289240469162,0.9927894290138488
abp_site,Actin-related protein 3 / 6685_182,11,11,1.427228002982587,1.2911138317772237
abp_site,Actin-related protein 3 / 6685_3,41,41,1.7856928147010958,1.660460251536921
abp_site,Adducin 1 / 6685_150,46,46,2.2331862777962708,2.019727769117533
abp_site,Adducin 1 / 6685_151,36,36,2.020644178906327,1.9896703373656544
abp_site,Adducin 1 / 6685_152,24,24,1.7509812163423877,1.6496364081816828
abp_site,Adducin 1 / 6685_153,4,4,1.3331999300754864,1.1999486249970541
abp_site,Adducin 1 / 6685_154,11,11,2.00729231766898,1.875747499127779
abp_site,Adenylyl cyclase-associated protein 1 / 6685_208,7,7,1.6812296118922065,1.627337681687911
abp_site,Adenylyl cyclase-associated protein 1 / 6685_276,8,8,1.6922231823564382,1.701359623777397
abp_site,Adenylyl cyclase-associated protein 1 / 6685_65,40,40,1.9466328998373268,1.903842135656156
abp_site,Afadin / 6685_234,10,10,1.8553333317055867,1.9388823488377103
abp_site,Alpha-catenin-like protein hmp-1 / 6685_0,23,23,2.189705336829814,2.0215877580908392
abp_site,Alpha-catenin-like protein hmp-1 / 6685_141,37,37,1.853532093084758,1.7660604645896938
abp_site,Beta-adducin / 6685_150,42,42,2.2185757425518893,2.0146092298535603
abp_site,Beta-adducin / 6685_151,36,36,2.07377218308794,2.019727769117533
abp_site,Beta-adducin / 6685_152,14,14,1.3612679429693337,1.258377902848798
abp_site,Beta-adducin / 6685_155,53,53,2.0995520466298427,2.0105944077173135
abp_site,Beta-adducin / 6685_156,38,38,1.7077323070582673,1.6820406393892369
abp_site,Beta-adducin / 6685_157,31,31,1.8103245973496973,1.8377804038388537
abp_site,Beta-adducin / 6685_166,19,19,1.909309602132232,1.9687462670139955
abp_site,Catenin alpha-1 / 6685_0,28,28,2.1686626792616424,2.021209622168049
abp_site,Catenin alpha-1 / 6685_102,29,29,2.148955842901736,2.0215877580908392
abp_site,Catenin alpha-1 / 6685_141,51,51,1.9090039768738127,1.804572491579259
abp_site,Catenin alpha-1 / 6685_16,37,37,1.861707569920959,1.742989493856043
abp_site,Cell invasion protein SipA / 6685_154,12,12,1.9197662229786268,1.742210553108277
abp_site,Cell invasion protein SipA / 6685_178,52,52,2.080776803168131,2.078804890040947
abp_site,Cell invasion protein SipA / 6685_179,33,33,1.7517644783496344,1.550789092865046
abp_site,Cell invasion protein SipA / 6685_180,51,51,1.7801350679284944,1.6657447144978395
abp_site,Cell invasion protein SipA / 6685_181,10,10,1.4497770079112817,1.487197210276689
abp_site,Cell invasion protein SipA / 6685_189,35,35,1.6512427664916667,1.5090489854784421
abp_site,Cell invasion protein SipA / 6685_190,26,26,2.0366800540798895,1.9781982934120228
abp_site,Cell invasion protein SipA / 6685_191,33,33,1.8083305124407276,1.550789092865046
abp_site,Cell invasion protein SipA / 6685_192,13,13,1.4706383522427644,1.4653454350749358
abp_site,Cell invasion protein SipA / 6685_235,26,26,2.012010218163332,2.0163352383689093
abp_site,Cell invasion protein SipA / 6685_236,10,10,1.5120594074679075,1.487197210276689
abp_site,Cofilin / 6685_0,44,44,2.286054931654025,2.0792747679452583
abp_site,Cofilin / 6685_290,43,43,1.9638823907849814,1.904185629661032
abp_site,Cofilin (UNC-60B) / 6685_0,37,37,2.3278550375874367,2.095794738398827
abp_site,Cofilin (UNC-60B) / 6685_290,37,37,1.9557319600142309,1.904185629661032
abp_site,Cofilin-1 / 6685_0,42,42,2.3150369737756855,2.0792747679452583
abp_site,Cofilin-1 / 6685_200,35,35,2.275194483487374,2.041675230138845
abp_site,Cofilin-1 / 6685_21,37,37,1.9811918571001297,1.859140645685613
abp_site,Cofilin-2 / 6685_0,45,45,2.226990025764903,2.041675230138845
abp_site,Cofilin-2 / 6685_21,33,33,1.9395570179702162,1.848382378078473
abp_site,"Coronin-1B,Methylated-DNA--protein-cysteine methyltransferase / 6685_260",27,27,1.948003838632755,1.778504892623006
abp_site,"Coronin-1B,Methylated-DNA--protein-cysteine methyltransferase / 6685_261",35,35,1.9962635694085833,1.8181825000946492
abp_site,"Coronin-1B,Methylated-DNA--protein-cysteine methyltransferase / 6685_262",14,14,1.619552450739949,1.5674010187048943
abp_site,"Coronin-1B,Methylated-DNA--protein-cysteine methyltransferase / 6685_263",25,25,1.8865880590232171,1.832554932539697
abp_site,"Coronin-1B,Methylated-DNA--protein-cysteine methyltransferase / 6685_264",17,17,1.5189076920749174,1.4517555461835285
abp_site,"Coronin-1B,Methylated-DNA--protein-cysteine methyltransferase / 6685_265",11,11,1.6760716182914004,1.6427916824959492
abp_site,"Coronin-1B,Methylated-DNA--protein-cysteine methyltransferase / 6685_44",15,15,1.6252721601471734,1.537540009845458
abp_site,Dematin actin binding protein / 6685_158,51,51,1.9479795716161157,1.944430118737475
abp_site,Dematin actin binding protein / 6685_159,71,71,2.0668864546474848,1.950233124768309
abp_site,Dematin actin binding protein / 6685_160,14,14,1.3612679429693337,1.258377902848798
abp_site,Dematin actin binding protein / 6685_167,8,8,2.3916995274447275,2.7803119409899115
abp_site,Dematin actin binding protein / 6685_168,13,13,1.253850207771277,1.366759186157712
abp_site,Epididymis secretory protein Li 37 / 6685_15,17,17,2.2054639694792506,2.041675230138845
abp_site,Epididymis secretory protein Li 37 / 6685_16,26,26,1.7699919199866323,1.8071636333192491
abp_site,Epididymis secretory protein Li 37 / 6685_29,24,24,1.7348958031322825,1.7545249792228685
abp_site,F-actin-capping protein subunit alpha-1 / 6685_14,29,29,2.2740017086907183,2.1748863776953296
abp_site,F-actin-capping protein subunit alpha-1 / 6685_278,16,16,2.3034539819070234,2.2272978518767212
abp_site,F-actin-capping protein subunit alpha-1 / 6685_68,13,13,1.654037167393158,1.468487624395902
abp_site,F-actin-capping protein subunit alpha-1 / 6685_91,14,14,1.7442920023050263,1.5984635247138197
abp_site,F-actin-capping protein subunit alpha-1 / 6685_92,33,33,2.2827636773311895,2.279709326058113
abp_site,F-actin-capping protein subunit beta / 6685_169,6,6,1.9540625574912738,2.0690201972326747
abp_site,F-actin-capping protein subunit beta / 6685_170,40,40,2.087953317362389,2.0146092298535603
abp_site,F-actin-capping protein subunit beta / 6685_279,6,6,1.633738490398928,1.7740672087813856
abp_site,Filamin-A / 6685_15,18,18,2.1960754325508347,2.0312533581920516
abp_site,Filamin-A / 6685_16,43,43,1.8678756313372034,1.804572491579259
abp_site,Gelsolin / 6685_0,19,19,2.13417931165345,2.0208314862452585
abp_site,Gelsolin / 6685_102,25,25,2.1713304638505724,2.041675230138845
abp_site,Gelsolin / 6685_231,41,41,2.1440993713365644,2.0208314862452585
abp_site,Gelsolin / 6685_232,51,51,2.176755190879677,2.0186240519898075
abp_site,Gelsolin / 6685_233,82,82,1.9958224117219012,1.8483245900636387
abp_site,Gelsolin / 6685_286,40,40,1.8948061275273975,1.7853164780844764
abp_site,Gelsolin / 6685_287,46,46,1.8035701290202146,1.7324939667113575
abp_site,Inositol-trisphosphate 3-kinase A / 6685_102,22,22,2.24022554594941,2.021209622168049
abp_site,Inositol-trisphosphate 3-kinase A / 6685_121,20,20,2.3131632534267115,2.0316314941148423
abp_site,Inositol-trisphosphate 3-kinase A / 6685_144,24,24,2.259125355525338,2.0316314941148423
abp_site,Inositol-trisphosphate 3-kinase A / 6685_241,12,12,1.5940489247970022,1.6005562260876647
abp_site,Inverted formin-2 / 6685_0,18,18,2.3712526713920274,2.253175999300459
abp_site,Inverted formin-2 / 6685_200,33,33,2.063770389222627,2.0208314862452585
abp_site,Inverted formin-2 / 6685_202,12,12,2.0348577898519626,2.193650711473612
abp_site,Inverted formin-2 / 6685_209,11,11,1.372558956256405,1.2915413399119926
abp_site,Inverted formin-2 / 6685_210,9,9,1.9493018912667464,1.550789092865046
abp_site,Inverted formin-2 / 6685_211,48,48,2.17385486735685,2.0312533581920516
abp_site,Inverted formin-2 / 6685_212,12,12,1.7809842751302523,1.6665690444708952
abp_site,Inverted formin-2 / 6685_213,12,12,1.9602220890122455,2.0164068340750956
abp_site,Inverted formin-2 / 6685_214,13,13,1.9445124810013692,2.0025184494642
abp_site,Inverted formin-2 / 6685_215,29,29,2.077559808821351,1.8395902030042066
abp_site,Inverted formin-2 / 6685_217,8,8,2.3025512789986347,2.338609658374154
abp_site,Inverted formin-2 / 6685_218,17,17,2.253897926297395,2.135431928598671
abp_site,Inverted formin-2 / 6685_219,9,9,2.1145178970258556,2.0208314862452585
abp_site,Inverted formin-2 / 6685_220,18,18,2.313917561893097,2.193650711473612
abp_site,Inverted formin-2 / 6685_221,10,10,2.0893886280651817,1.7607471932395247
abp_site,Inverted formin-2 / 6685_222,21,21,1.603820598012717,1.6312943274029763
abp_site,Inverted formin-2 / 6685_223,12,12,1.175550877178674,1.1187240997409253
abp_site,Inverted formin-2 / 6685_26,12,12,2.368888905633703,2.4215997834240257
abp_site,Isoform 2 of F-actin-capping protein subunit beta / 6685_169,6,6,2.367261473002399,2.4473270868519146
abp_site,Isoform 2 of F-actin-capping protein subunit beta / 6685_89,41,41,2.019174887345282,1.9062596093242423
abp_site,Isoform 2 of F-actin-capping protein subunit beta / 6685_90,6,6,2.1598398762190585,2.2035776564030747
abp_site,"Isoform A2 of Troponin T, cardiac muscle / 6685_136",10,10,1.2997018185145435,1.2243194556264507
abp_site,"Isoform A2 of Troponin T, cardiac muscle / 6685_138",26,26,2.179729269214198,2.021209622168049
abp_site,Leiomodin-2 / 6685_164,42,42,2.0288706762391806,1.9320835606167
abp_site,Leiomodin-2 / 6685_282,22,22,1.7785836764123863,1.4732119121675666
abp_site,Leiomodin-2 / 6685_285,16,16,2.1138608075716006,2.1314389576733537
abp_site,Leiomodin-2 / 6685_59,11,11,2.013583022972007,1.667835171814596
abp_site,Leiomodin-2 / 6685_84,45,45,1.9818892446047518,1.8181825000946492
abp_site,"Maltose/maltodextrin-binding periplasmic protein,Adenylate cyclase ExoY / 6685_25",4,4,1.488171631842833,1.4211652163885193
abp_site,"Maltose/maltodextrin-binding periplasmic protein,Adenylate cyclase ExoY / 6685_95",49,49,2.125632068581433,2.0186240519898075
abp_site,"Maltose/maltodextrin-binding periplasmic protein,TccC3 / 6685_119",16,16,1.68946727904249,1.7543635267928628
abp_site,"Maltose/maltodextrin-binding periplasmic protein,TccC3 / 6685_120",28,28,2.1753502047015743,2.021209622168049
abp_site,Myosin heavy chain 4 / 6685_193,7,7,1.411041832563641,1.2915413399119926
abp_site,Myosin heavy chain 4 / 6685_97,45,45,1.9783647316046382,1.8658224568485167
abp_site,"Myosin-14,Alpha-actinin A / 6685_6",41,41,2.0678844508185548,1.9687462670139955
abp_site,"Myosin-14,Alpha-actinin A / 6685_80",12,12,1.5800414117973824,1.5184580324363175
abp_site,Myosin-6 / 6685_193,6,6,1.5056808526035157,1.4211652163885193
abp_site,Myosin-6 / 6685_248,7,7,1.5844832198974763,1.550789092865046
abp_site,Myosin-6 / 6685_6,34,34,2.0729960429025414,1.9272093772146706
abp_site,Myosin-6 / 6685_97,36,36,2.050561917192426,1.8816631376733226
abp_site,Myosin-7 / 6685_18,41,41,2.0594585124468643,1.9687462670139955
abp_site,Myosin-7 / 6685_25,7,7,1.411041832563641,1.2915413399119926
abp_site,Myosin-7 / 6685_6,47,47,2.042686636664214,1.950233124768309
abp_site,Myosin-A / 6685_6,35,35,2.0591815936753477,1.9687462670139955
abp_site,Myosin-A / 6685_69,14,14,1.5868226365939644,1.6005562260876647
abp_site,Plastin-3 / 6685_121,18,18,2.1946378827146984,2.0312533581920516
abp_site,Plastin-3 / 6685_29,28,28,1.846746963397432,1.8071636333192491
abp_site,Profilin-1 / 6685_5,29,29,2.1012875047829676,2.1274459867480364
abp_site,Protein diaphanous homolog 1 / 6685_102,22,22,2.205548846213352,2.058313112322043
abp_site,Protein diaphanous homolog 1 / 6685_200,38,38,1.952678764085589,1.9896703373656544
abp_site,Protein diaphanous homolog 1 / 6685_201,10,10,2.1093682039826085,2.193650711473612
abp_site,Protein diaphanous homolog 1 / 6685_211,37,37,2.187036303473605,2.0186240519898075
abp_site,Protein diaphanous homolog 1 / 6685_224,25,25,1.9914612565119123,1.9687462670139955
abp_site,Protein diaphanous homolog 1 / 6685_225,10,10,1.393333147742007,1.3716484430477607
abp_site,Spectrin beta chain / 6685_121,18,18,2.1428813150577044,2.019727769117533
abp_site,Spectrin beta chain / 6685_141,60,60,2.080055452801757,1.9272093772146706
abp_site,Src substrate cortactin / 6685_187,20,20,2.1373228704061487,1.9934322237173672
abp_site,Src substrate cortactin / 6685_188,60,60,2.085867343214788,2.017510551202821
abp_site,Talin-1 / 6685_121,19,19,2.243534439430794,2.0208314862452585
abp_site,Talin-1 / 6685_249,11,11,2.096571844388912,2.0215877580908392
abp_site,Talin-1 / 6685_250,50,50,1.8656581067116076,1.7545249792228685
abp_site,Tropomodulin-1 / 6685_162,97,97,2.064287205258528,1.904185629661032
abp_site,Tropomodulin-1 / 6685_164,83,83,2.0404495445280832,2.0159003191845954
abp_site,Tropomodulin-1 / 6685_59,12,12,1.9980558663282018,1.8024533385137524
abp_site,Tropomyosin alpha-1 chain / 6685_128,19,19,1.8814130586959303,1.6557368998924162
abp_site,Tropomyosin alpha-1 chain / 6685_129,17,17,1.8515490725018529,1.6438460356839122
abp_site,Tropomyosin alpha-1 chain / 6685_130,11,11,1.6362126916750268,1.6427916824959492
abp_site,Tropomyosin alpha-1 chain / 6685_135,8,8,1.7490511226835337,1.8595840252629463
abp_site,Tropomyosin alpha-1 chain / 6685_137,7,7,1.9130142159296402,1.8395902030042066
abp_site,Tropomyosin alpha-1 chain / 6685_139,10,10,1.7602722235476151,1.8562630902205088
abp_site,Tropomyosin alpha-1 chain / 6685_245,15,15,1.9932064554131517,1.8395902030042066
abp_site,Tropomyosin alpha-1 chain / 6685_251,5,5,1.9791544817221716,1.8775552148096513
abp_site,Tropomyosin alpha-1 chain / 6685_252,4,4,2.0367521157168813,2.058691248244833
abp_site,Tropomyosin beta chain / 6685_246,11,11,2.262440783592759,2.508444205785191
abp_site,Tropomyosin beta chain / 6685_247,7,7,2.047324183666892,1.6557368998924162
abp_site,Tropomyosin-1.9 / 6685_161,17,17,1.9856687546698804,1.859140645685613
abp_site,"Troponin T2, cardiac type / 6685_136",10,10,1.335245825279311,1.2243194556264507
abp_site,"Troponin T2, cardiac type / 6685_138",24,24,2.1422896926200017,2.021209622168049
abp_site,Unconventional myosin-Ib / 6685_33,19,19,1.7858372481425118,1.742989493856043
abp_site,Unconventional myosin-Ib / 6685_6,47,47,1.9859654035805505,1.904185629661032
abp_site,Utrophin / 6685_15,12,12,2.2936702211765714,2.256884607394532
abp_site,Utrophin / 6685_16,39,39,1.8681742841161757,1.804572491579259
abp_site,Vibrio VopV / 6685_257,50,50,2.0296106947429253,2.0679074489376363
abp_site,Vibrio VopV / 6685_258,21,21,1.929299966315299,1.8775552148096513
abp_site,Vibrio VopV / 6685_259,29,29,1.8114684782869475,1.7021460681949911
abp_site,Vinculin / 6685_51,41,41,1.7798502412804844,1.7660604645896938
abp_site,Vinculin / 6685_6,26,26,2.123751316693362,2.019727769117533
abp_site,VopV / 6685_257,45,45,2.102462448418637,2.0893347691786857
abp_site,VopV / 6685_258,21,21,1.8781098507960106,1.755023077184496
abp_site,VopV / 6685_259,22,22,1.5921679641687592,1.4614505469085977
abp_site,"WD repeat-containing protein 1,Methylated-DNA--protein-cysteine methyltransferase / 6685_266",21,21,1.949520038330798,1.832554932539697
abp_site,"WD repeat-containing protein 1,Methylated-DNA--protein-cysteine methyltransferase / 6685_267",31,31,1.524401704443694,1.4517555461835285
abp_site,beta-cardiac myosin II / 6685_140,5,5,1.416770398170557,1.2915413399119926
abp_site,beta-cardiac myosin II / 6685_97,33,33,2.041749218198349,1.904185629661032
