gene_PL,gene_population,shared_substitutions,cross_gene_positions_total,PL_gene_positions_total,population_gene_unannotated_positions_total,positions_with_any_ABP_contact,P60709_positions
ACTA1,ACTA2,10,10,124,129,9,114; 120; 195; 198; 266; 307; 332; 352; 356; 367
ACTA1,ACTB,5,4,124,55,4,46; 92; 295; 357
ACTA1,ACTC1,4,4,124,65,4,66; 72; 198; 352
ACTA1,ACTG1,22,18,124,155,16,4; 41; 46; 68; 71; 92; 93; 104; 111; 114; 132; 227; 268; 269; 307; 332; 333; 357
ACTA1,ACTG2,23,21,124,170,17,15; 40; 46; 71; 74; 93; 117; 132; 175; 183; 195; 224; 233; 239; 254; 263; 272; 276; 307; 332; 333
ACTA2,ACTC1,1,1,18,65,1,177
ACTA2,ACTG2,3,3,18,170,3,37; 44; 254
ACTB,ACTA1,8,8,83,124,5,24; 60; 74; 75; 110; 164; 209; 312
ACTB,ACTA2,5,5,83,129,3,60; 109; 160; 195; 302
ACTB,ACTC1,4,4,83,65,4,2; 53; 72; 146
ACTB,ACTG1,10,9,83,155,8,60; 73; 75; 86; 111; 199; 201; 268; 312
ACTB,ACTG2,14,14,83,170,11,7; 24; 40; 56; 74; 109; 117; 123; 195; 197; 206; 290; 305; 371
ACTC1,ACTA1,1,1,20,124,1,99
ACTC1,ACTB,2,2,20,55,2,113; 126
ACTC1,ACTG2,6,6,20,170,5,113; 123; 126; 254; 269; 275
ACTG1,ACTA1,3,3,46,124,2,165; 230; 243
ACTG1,ACTA2,4,4,46,129,3,118; 148; 165; 283
ACTG1,ACTC1,2,2,46,65,1,44; 89
ACTG1,ACTG2,7,7,46,170,7,26; 40; 51; 118; 147; 283; 290
ACTG2,ACTA1,1,1,26,124,0,9
ACTG2,ACTA2,1,1,26,129,0,9
ACTG2,ACTC1,1,1,26,65,1,177
ACTG2,ACTG1,1,1,26,155,1,62
