position,aa,pdb_id,chain,pdb_residue_number,pdb_insertion_code,pdb_residue_name,coordinate_status,rsa_eligible,sasa_isolated_A2,sasa_actin_fragment_A2,rsa_isolated,rsa_actin_fragment,delta_sasa_actin_A2,delta_rsa_actin
1,M,8DNH,B,,,,missing_coordinates,False,,,,,,
2,D,8DNH,B,1,,ASP,modified_residue,False,97.31824267661548,97.31824267661548,,,0.0,
3,D,8DNH,B,2,,ASP,complete_standard_residue,True,122.31658395361936,122.31658395361936,0.6337646836975096,0.6337646836975096,0.0,0.0
4,D,8DNH,B,3,,ASP,complete_standard_residue,True,99.46361404680398,99.46361404680398,0.5153555131958756,0.5153555131958756,0.0,0.0
5,I,8DNH,B,4,,ILE,complete_standard_residue,True,53.462707480933794,53.462707480933794,0.2713843019336741,0.2713843019336741,0.0,0.0
6,A,8DNH,B,5,,ALA,complete_standard_residue,True,15.353945045797564,15.353945045797564,0.11902282981238423,0.11902282981238423,0.0,0.0
7,A,8DNH,B,6,,ALA,complete_standard_residue,True,5.470690907144926,5.470690907144926,0.042408456644534305,0.042408456644534305,0.0,0.0
8,L,8DNH,B,7,,LEU,complete_standard_residue,True,0.12579460583749127,0.12579460583749127,0.0006258438101367725,0.0006258438101367725,0.0,0.0
9,V,8DNH,B,8,,VAL,complete_standard_residue,True,11.82469294872418,11.82469294872418,0.06795800545243783,0.06795800545243783,0.0,0.0
10,V,8DNH,B,9,,VAL,complete_standard_residue,True,2.3191760567575446,2.3191760567575446,0.01332859802734221,0.01332859802734221,0.0,0.0
11,D,8DNH,B,10,,ASP,complete_standard_residue,True,14.15359747073234,14.15359747073234,0.07333470192089295,0.07333470192089295,0.0,0.0
12,N,8DNH,B,11,,ASN,complete_standard_residue,True,40.43569822574814,40.43569822574814,0.20736255500383663,0.20736255500383663,0.0,0.0
13,G,8DNH,B,12,,GLY,complete_standard_residue,True,21.70129476493284,21.70129476493284,0.2086662958166619,0.2086662958166619,0.0,0.0
14,S,8DNH,B,13,,SER,complete_standard_residue,True,17.291816839210345,17.291816839210345,0.11156010864006674,0.11156010864006674,0.0,0.0
15,G,8DNH,B,14,,GLY,complete_standard_residue,True,14.675491932316067,14.675491932316067,0.14111049934919295,0.14111049934919295,0.0,0.0
16,M,8DNH,B,15,,MET,complete_standard_residue,True,89.04672898001259,89.04672898001259,0.3975300400893419,0.3975300400893419,0.0,0.0
17,C,8DNH,B,16,,CYS,complete_standard_residue,True,2.1550016606686984,2.1550016606686984,0.01290420156089041,0.01290420156089041,0.0,0.0
18,K,8DNH,B,17,,LYS,complete_standard_residue,True,36.368287380124016,36.368287380124016,0.15410291262764414,0.15410291262764414,0.0,0.0
19,A,8DNH,B,18,,ALA,complete_standard_residue,True,1.23418776393214,1.23418776393214,0.00956734700722589,0.00956734700722589,0.0,0.0
20,G,8DNH,B,19,,GLY,complete_standard_residue,True,0.0,0.0,0.0,0.0,0.0,0.0
21,F,8DNH,B,20,,PHE,complete_standard_residue,True,37.82853891542071,37.82853891542071,0.15761891214758628,0.15761891214758628,0.0,0.0
22,A,8DNH,B,21,,ALA,complete_standard_residue,True,33.35989171006173,33.35989171006173,0.2586038117059049,0.2586038117059049,0.0,0.0
23,G,8DNH,B,22,,GLY,complete_standard_residue,True,61.83429792051372,61.83429792051372,0.5945605569280166,0.5945605569280166,0.0,0.0
24,D,8DNH,B,23,,ASP,complete_standard_residue,True,57.68234812557843,57.68234812557843,0.29887227008071726,0.29887227008071726,0.0,0.0
25,D,8DNH,B,24,,ASP,complete_standard_residue,True,131.06348737755428,131.06348737755428,0.6790854268267061,0.6790854268267061,0.0,0.0
26,A,8DNH,B,25,,ALA,complete_standard_residue,True,48.34881772343257,48.34881772343257,0.37479703661575636,0.37479703661575636,0.0,0.0
27,P,8DNH,B,26,,PRO,complete_standard_residue,True,23.2082172770925,23.2082172770925,0.14596363067353774,0.14596363067353774,0.0,0.0
28,R,8DNH,B,27,,ARG,complete_standard_residue,True,153.0672860991013,153.0672860991013,0.5586397302886909,0.5586397302886909,0.0,0.0
29,A,8DNH,B,28,,ALA,complete_standard_residue,True,5.632388681025191,5.632388681025191,0.0436619277598852,0.0436619277598852,0.0,0.0
30,V,8DNH,B,29,,VAL,complete_standard_residue,True,67.29917557225258,67.29917557225258,0.3867768711048999,0.3867768711048999,0.0,0.0
31,F,8DNH,B,30,,PHE,complete_standard_residue,True,5.786551868524598,5.786551868524598,0.02411063278551916,0.02411063278551916,0.0,0.0
32,P,8DNH,B,31,,PRO,complete_standard_residue,True,19.064042923974842,19.064042923974842,0.11989964103128832,0.11989964103128832,0.0,0.0
33,S,8DNH,B,32,,SER,complete_standard_residue,True,8.008301901106568,8.008301901106568,0.051666463878106896,0.051666463878106896,0.0,0.0
34,I,8DNH,B,33,,ILE,complete_standard_residue,True,2.0127136933998604,2.0127136933998604,0.010216820778679494,0.010216820778679494,0.0,0.0
35,V,8DNH,B,34,,VAL,complete_standard_residue,True,1.0044928350588003,1.0044928350588003,0.00577294732792414,0.00577294732792414,0.0,0.0
36,G,8DNH,B,35,,GLY,complete_standard_residue,True,0.0,0.0,0.0,0.0,0.0,0.0
37,R,8DNH,B,36,,ARG,complete_standard_residue,True,81.20985070004303,81.20985070004303,0.2963863164235147,0.2963863164235147,0.0,0.0
38,P,8DNH,B,37,,PRO,complete_standard_residue,True,73.83365818478974,73.83365818478974,0.46436263009301726,0.46436263009301726,0.0,0.0
39,R,8DNH,B,38,,ARG,complete_standard_residue,True,142.70624153273053,97.59234925363506,0.520825699024564,0.35617645713005497,45.11389227909547,0.16464924189450902
40,H,8DNH,B,39,,HIS,complete_standard_residue,True,114.01355353771626,109.68476611030427,0.5089890782933761,0.4896641344210012,4.328787427411996,0.019324943872374933
41,Q,8DNH,B,40,,GLN,complete_standard_residue,True,148.8806112333683,148.8806112333683,0.661691605481637,0.661691605481637,0.0,0.0
42,G,8DNH,B,41,,GLY,complete_standard_residue,True,63.326287395593326,63.326287395593326,0.6089066095730128,0.6089066095730128,0.0,0.0
43,V,8DNH,B,42,,VAL,complete_standard_residue,True,108.57221426893445,108.57221426893445,0.6239782429249106,0.6239782429249106,0.0,0.0
44,M,8DNH,B,43,,MET,complete_standard_residue,True,128.11135501392394,128.11135501392394,0.5719256920264462,0.5719256920264462,0.0,0.0
45,V,8DNH,B,44,,VAL,complete_standard_residue,True,131.87170266659535,131.87170266659535,0.757883348658594,0.757883348658594,0.0,0.0
46,G,8DNH,B,45,,GLY,complete_standard_residue,True,86.88940777676798,86.88940777676798,0.8354750747766152,0.8354750747766152,0.0,0.0
47,M,8DNH,B,46,,MET,complete_standard_residue,True,120.8422410662744,120.8422410662744,0.5394742904744393,0.5394742904744393,0.0,0.0
48,G,8DNH,B,47,,GLY,complete_standard_residue,True,67.92636967459994,67.92636967459994,0.6531381699480764,0.6531381699480764,0.0,0.0
49,Q,8DNH,B,48,,GLN,complete_standard_residue,True,106.17883510269606,106.17883510269606,0.47190593378976026,0.47190593378976026,0.0,0.0
50,K,8DNH,B,49,,LYS,complete_standard_residue,True,119.89589256624885,119.89589256624885,0.5080334430773257,0.5080334430773257,0.0,0.0
51,D,8DNH,B,50,,ASP,complete_standard_residue,True,118.83209038888107,118.83209038888107,0.6157103128957568,0.6157103128957568,0.0,0.0
52,S,8DNH,B,51,,SER,complete_standard_residue,True,27.662282256551073,27.662282256551073,0.17846633713903917,0.17846633713903917,0.0,0.0
53,Y,8DNH,B,52,,TYR,complete_standard_residue,True,40.426029974356716,40.426029974356716,0.15371114058690766,0.15371114058690766,0.0,0.0
54,V,8DNH,B,53,,VAL,complete_standard_residue,True,24.775589267894986,24.775589267894986,0.14238844406836199,0.14238844406836199,0.0,0.0
55,G,8DNH,B,54,,GLY,complete_standard_residue,True,0.7263990533630318,0.7263990533630318,0.006984606282336844,0.006984606282336844,0.0,0.0
56,D,8DNH,B,55,,ASP,complete_standard_residue,True,87.41169755542728,87.41169755542728,0.45291035002812063,0.45291035002812063,0.0,0.0
57,E,8DNH,B,56,,GLU,complete_standard_residue,True,103.37562470282136,103.37562470282136,0.463567823779468,0.463567823779468,0.0,0.0
58,A,8DNH,B,57,,ALA,complete_standard_residue,True,0.7547676350249476,0.7547676350249476,0.005850911899418198,0.005850911899418198,0.0,0.0
59,Q,8DNH,B,58,,GLN,complete_standard_residue,True,48.56576171312315,48.56576171312315,0.2158478298361029,0.2158478298361029,0.0,0.0
60,S,8DNH,B,59,,SER,complete_standard_residue,True,90.81146367529522,90.81146367529522,0.5858804108083562,0.5858804108083562,0.0,0.0
61,K,8DNH,B,60,,LYS,complete_standard_residue,True,101.76561082773415,101.76561082773415,0.43121021537175486,0.43121021537175486,0.0,0.0
62,R,8DNH,B,61,,ARG,complete_standard_residue,True,65.41105220750634,65.41105220750634,0.2387264679106071,0.2387264679106071,0.0,0.0
63,G,8DNH,B,62,,GLY,complete_standard_residue,True,66.77798273302815,66.77798273302815,0.6420959878175784,0.6420959878175784,0.0,0.0
64,I,8DNH,B,63,,ILE,complete_standard_residue,True,94.76216304484156,94.76216304484156,0.48102620834944954,0.48102620834944954,0.0,0.0
65,L,8DNH,B,64,,LEU,complete_standard_residue,True,11.894886600580888,9.774290615456753,0.05917854030139745,0.04862831151968534,2.120595985124135,0.010550228781712113
66,T,8DNH,B,65,,THR,complete_standard_residue,True,47.03154268779461,37.84853646165775,0.2734392016732245,0.22004963059103344,9.183006226136861,0.053389571082191056
67,L,8DNH,B,66,,LEU,complete_standard_residue,True,22.165340724791527,22.165340724791527,0.11027532698901257,0.11027532698901257,0.0,0.0
68,K,8DNH,B,67,,LYS,complete_standard_residue,True,108.68369237525016,108.68369237525016,0.4605241202341108,0.4605241202341108,0.0,0.0
69,Y,8DNH,B,68,,TYR,complete_standard_residue,True,56.84384919235367,56.84384919235367,0.21613630871617368,0.21613630871617368,0.0,0.0
70,P,8DNH,B,69,,PRO,complete_standard_residue,True,2.617928428144544,2.617928428144544,0.016464958667575746,0.016464958667575746,0.0,0.0
71,I,8DNH,B,70,,ILE,complete_standard_residue,True,16.317661317209705,16.317661317209705,0.08283076810766347,0.08283076810766347,0.0,0.0
72,E,8DNH,B,71,,GLU,complete_standard_residue,True,84.43631871515728,84.43631871515728,0.3786382005164004,0.3786382005164004,0.0,0.0
73,H,8DNH,B,72,,HIC,modified_residue,False,116.93153678920211,116.93153678920211,,,0.0,
74,G,8DNH,B,73,,GLY,complete_standard_residue,True,23.596785164451752,23.596785164451752,0.22689216504280532,0.22689216504280532,0.0,0.0
75,I,8DNH,B,74,,ILE,complete_standard_residue,True,60.758794619508286,59.752437772808356,0.30842027725638727,0.3033118668670475,1.00635684669993,0.00510841038933979
76,V,8DNH,B,75,,VAL,complete_standard_residue,True,23.396341081177212,23.396341081177212,0.13446173035159317,0.13446173035159317,0.0,0.0
77,T,8DNH,B,76,,THR,complete_standard_residue,True,85.28137572304641,85.28137572304641,0.4958219518781768,0.4958219518781768,0.0,0.0
78,N,8DNH,B,77,,ASN,complete_standard_residue,True,56.441826125458505,56.441826125458505,0.28944526218183847,0.28944526218183847,0.0,0.0
79,W,8DNH,B,78,,TRP,complete_standard_residue,True,73.62191614893474,73.62191614893474,0.2583225128032798,0.2583225128032798,0.0,0.0
80,D,8DNH,B,79,,ASP,complete_standard_residue,True,107.004820025184,107.004820025184,0.5544291193014715,0.5544291193014715,0.0,0.0
81,D,8DNH,B,80,,ASP,complete_standard_residue,True,2.6786475601568003,2.6786475601568003,0.01387900290236684,0.01387900290236684,0.0,0.0
82,M,8DNH,B,81,,MET,complete_standard_residue,True,7.838404570400432,7.838404570400432,0.034992877546430504,0.034992877546430504,0.0,0.0
83,E,8DNH,B,82,,GLU,complete_standard_residue,True,88.10188844446074,88.10188844446074,0.3950757329348015,0.3950757329348015,0.0,0.0
84,K,8DNH,B,83,,LYS,complete_standard_residue,True,72.40404503184718,72.40404503184718,0.3067968009824033,0.3067968009824033,0.0,0.0
85,I,8DNH,B,84,,ILE,complete_standard_residue,True,3.7738381751247383,3.7738381751247383,0.01915653896002405,0.01915653896002405,0.0,0.0
86,W,8DNH,B,85,,TRP,complete_standard_residue,True,8.729471511698312,8.729471511698312,0.03062972460245022,0.03062972460245022,0.0,0.0
87,H,8DNH,B,86,,HIS,complete_standard_residue,True,91.37829469279774,91.37829469279774,0.40793881559284706,0.40793881559284706,0.0,0.0
88,H,8DNH,B,87,,HIS,complete_standard_residue,True,39.83025703453301,39.83025703453301,0.1778136474755938,0.1778136474755938,0.0,0.0
89,T,8DNH,B,88,,THR,complete_standard_residue,True,0.6289730291874565,0.6289730291874565,0.0036568199371363745,0.0036568199371363745,0.0,0.0
90,F,8DNH,B,89,,PHE,complete_standard_residue,True,3.3964543576122646,3.3964543576122646,0.01415189315671777,0.01415189315671777,0.0,0.0
91,Y,8DNH,B,90,,TYR,complete_standard_residue,True,91.02237449809397,91.02237449809397,0.34609267869997706,0.34609267869997706,0.0,0.0
92,N,8DNH,B,91,,ASN,complete_standard_residue,True,92.0843061188359,92.0843061188359,0.47222721086582514,0.47222721086582514,0.0,0.0
93,E,8DNH,B,92,,GLU,complete_standard_residue,True,79.19963457280276,79.19963457280276,0.35515531198566264,0.35515531198566264,0.0,0.0
94,L,8DNH,B,93,,LEU,complete_standard_residue,True,23.420981639556867,23.420981639556867,0.11652229671421327,0.11652229671421327,0.0,0.0
95,R,8DNH,B,94,,ARG,complete_standard_residue,True,198.44536799440652,198.44536799440652,0.7242531678627976,0.7242531678627976,0.0,0.0
96,V,8DNH,B,95,,VAL,complete_standard_residue,True,26.786794996821122,26.786794996821122,0.15394709768288,0.15394709768288,0.0,0.0
97,A,8DNH,B,96,,ALA,complete_standard_residue,True,39.909778598577006,39.909778598577006,0.30937812867113956,0.30937812867113956,0.0,0.0
98,P,8DNH,B,97,,PRO,complete_standard_residue,True,1.6069612942254707,1.6069612942254707,0.010106674806449502,0.010106674806449502,0.0,0.0
99,E,8DNH,B,98,,GLU,complete_standard_residue,True,104.18502463409223,104.18502463409223,0.4671974198838217,0.4671974198838217,0.0,0.0
100,E,8DNH,B,99,,GLU,complete_standard_residue,True,90.47218737667077,90.47218737667077,0.4057048761285685,0.4057048761285685,0.0,0.0
101,H,8DNH,B,100,,HIS,complete_standard_residue,True,16.255516687530886,16.255516687530886,0.07256927092647716,0.07256927092647716,0.0,0.0
102,P,8DNH,B,101,,PRO,complete_standard_residue,True,11.195719919536725,11.195719919536725,0.070413332827275,0.070413332827275,0.0,0.0
103,V,8DNH,B,102,,VAL,complete_standard_residue,True,1.1321514525374214,1.1321514525374214,0.0065066175433185144,0.0065066175433185144,0.0,0.0
104,L,8DNH,B,103,,LEU,complete_standard_residue,True,5.478666625494226,5.478666625494226,0.027257047888030975,0.027257047888030975,0.0,0.0
105,L,8DNH,B,104,,LEU,complete_standard_residue,True,9.560390043649337,9.560390043649337,0.04756412957039471,0.04756412957039471,0.0,0.0
106,T,8DNH,B,105,,THR,complete_standard_residue,True,25.27111529513958,25.27111529513958,0.14692508892523012,0.14692508892523012,0.0,0.0
107,E,8DNH,B,106,,GLU,complete_standard_residue,True,11.920254961258625,11.920254961258625,0.053454058122235984,0.053454058122235984,0.0,0.0
108,A,8DNH,B,107,,ALA,complete_standard_residue,True,11.955889784928907,11.955889784928907,0.09268131616223958,0.09268131616223958,0.0,0.0
109,P,8DNH,B,108,,PRO,complete_standard_residue,True,14.815394907162055,14.815394907162055,0.09317858432177394,0.09317858432177394,0.0,0.0
110,L,8DNH,B,109,,LEU,complete_standard_residue,True,126.84825150760938,69.42390144271923,0.6310858283960665,0.34539254449114043,57.42435006489015,0.2856932839049261
111,N,8DNH,B,110,,ASN,complete_standard_residue,True,29.750945261348406,21.364123333386317,0.15256895005819696,0.10955960683787855,8.386821927962089,0.04300934322031841
112,P,8DNH,B,111,,PRO,complete_standard_residue,True,60.906130078973895,17.177123836412473,0.383057421880339,0.10803222538624196,43.729006242561425,0.275025196494097
113,K,8DNH,B,112,,LYS,complete_standard_residue,True,134.9147474856329,83.18214125896975,0.5716726588374275,0.3524667002498718,51.73260622666314,0.21920595858755565
114,A,8DNH,B,113,,ALA,complete_standard_residue,True,66.65880641571422,64.80052163619239,0.516734933455149,0.5023296250867627,1.8582847795218385,0.014405308368386271
115,N,8DNH,B,114,,ASN,complete_standard_residue,True,13.865044803493998,13.865044803493998,0.07110279386407178,0.07110279386407178,0.0,0.0
116,R,8DNH,B,115,,ARG,complete_standard_residue,True,44.61355045211229,44.61355045211229,0.16282317683252662,0.16282317683252662,0.0,0.0
117,E,8DNH,B,116,,GLU,complete_standard_residue,True,62.57715368339381,62.57715368339381,0.2806150389389857,0.2806150389389857,0.0,0.0
118,K,8DNH,B,117,,LYS,complete_standard_residue,True,64.76134728479906,64.76134728479906,0.2744124884949113,0.2744124884949113,0.0,0.0
119,M,8DNH,B,118,,MET,complete_standard_residue,True,29.98650187851457,29.98650187851457,0.13386831195765433,0.13386831195765433,0.0,0.0
120,T,8DNH,B,119,,THR,complete_standard_residue,True,2.933964795114043,2.933964795114043,0.017057934855314205,0.017057934855314205,0.0,0.0
121,Q,8DNH,B,120,,GLN,complete_standard_residue,True,57.25368173498693,57.25368173498693,0.254460807711053,0.254460807711053,0.0,0.0
122,I,8DNH,B,121,,ILE,complete_standard_residue,True,23.272002079935884,23.272002079935884,0.11813199025348164,0.11813199025348164,0.0,0.0
123,M,8DNH,B,122,,MET,complete_standard_residue,True,2.6066056046222315,2.6066056046222315,0.011636632163492104,0.011636632163492104,0.0,0.0
124,F,8DNH,B,123,,PHE,complete_standard_residue,True,11.207312396428469,11.207312396428469,0.04669713498511862,0.04669713498511862,0.0,0.0
125,E,8DNH,B,124,,GLU,complete_standard_residue,True,115.46957832189695,115.46957832189695,0.5178007996497621,0.5178007996497621,0.0,0.0
126,T,8DNH,B,125,,THR,complete_standard_residue,True,75.05849316559275,75.05849316559275,0.4363865881720509,0.4363865881720509,0.0,0.0
127,F,8DNH,B,126,,PHE,complete_standard_residue,True,16.604887970548848,16.604887970548848,0.0691870332106202,0.0691870332106202,0.0,0.0
128,N,8DNH,B,127,,ASN,complete_standard_residue,True,94.60366707747409,94.60366707747409,0.48514701065371324,0.48514701065371324,0.0,0.0
129,T,8DNH,B,128,,THR,complete_standard_residue,True,0.5722358658636247,0.5722358658636247,0.003326952708509446,0.003326952708509446,0.0,0.0
130,P,8DNH,B,129,,PRO,complete_standard_residue,True,50.335026846811644,50.335026846811644,0.3165724958918971,0.3165724958918971,0.0,0.0
131,A,8DNH,B,130,,ALA,complete_standard_residue,True,11.069925313699231,11.069925313699231,0.08581337452480024,0.08581337452480024,0.0,0.0
132,M,8DNH,B,131,,MET,complete_standard_residue,True,5.5537650888813515,5.5537650888813515,0.024793594146791748,0.024793594146791748,0.0,0.0
133,Y,8DNH,B,132,,TYR,complete_standard_residue,True,24.661015383818565,24.661015383818565,0.09376811933010862,0.09376811933010862,0.0,0.0
134,V,8DNH,B,133,,VAL,complete_standard_residue,True,8.881408095404487,8.881408095404487,0.05104257526094533,0.05104257526094533,0.0,0.0
135,A,8DNH,B,134,,ALA,complete_standard_residue,True,9.294616541143396,9.294616541143396,0.07205129101661548,0.07205129101661548,0.0,0.0
136,I,8DNH,B,135,,ILE,complete_standard_residue,True,45.17639688293249,45.17639688293249,0.22932181158848977,0.22932181158848977,0.0,0.0
137,Q,8DNH,B,136,,GLN,complete_standard_residue,True,28.156666838464865,28.156666838464865,0.12514074150428828,0.12514074150428828,0.0,0.0
138,A,8DNH,B,137,,ALA,complete_standard_residue,True,0.9070668108832247,0.9070668108832247,0.0070315256657614315,0.0070315256657614315,0.0,0.0
139,V,8DNH,B,138,,VAL,complete_standard_residue,True,55.91999842271865,29.058553948460485,0.32137930127999226,0.16700318361184188,26.861444474258164,0.15437611766815038
140,L,8DNH,B,139,,LEU,complete_standard_residue,True,3.144865145937282,3.144865145937282,0.015646095253419312,0.015646095253419312,0.0,0.0
141,S,8DNH,B,140,,SER,complete_standard_residue,True,0.44644126002613344,0.44644126002613344,0.0028802661937169897,0.0028802661937169897,0.0,0.0
142,L,8DNH,B,141,,LEU,complete_standard_residue,True,8.008301901106568,2.599133850094443,0.039842298015455566,0.012931014179574343,5.409168051012125,0.026911283835881223
143,Y,8DNH,B,142,,TYR,complete_standard_residue,True,90.3213987832801,38.249424628206825,0.34342737179954413,0.14543507463196512,52.07197415507328,0.19799229716757902
144,A,8DNH,B,143,,ALA,complete_standard_residue,True,35.349101054424985,35.349101054424985,0.274024039181589,0.274024039181589,0.0,0.0
145,S,8DNH,B,144,,SER,complete_standard_residue,True,39.51371277675118,39.51371277675118,0.2549271792048463,0.2549271792048463,0.0,0.0
146,G,8DNH,B,145,,GLY,complete_standard_residue,True,66.23710912482592,66.23710912482592,0.6368952800464031,0.6368952800464031,0.0,0.0
147,R,8DNH,B,146,,ARG,complete_standard_residue,True,103.60889450233512,100.59541599715871,0.3781346514683763,0.36713655473415585,3.0134785051764084,0.010998096734220475
148,T,8DNH,B,147,,THR,complete_standard_residue,True,94.98345159537266,52.3786328679718,0.5522293697405387,0.30452693527890584,42.604818727400854,0.24770243446163287
149,T,8DNH,B,148,,THR,complete_standard_residue,True,30.964576537350556,30.964576537350556,0.18002660777529392,0.18002660777529392,0.0,0.0
150,G,8DNH,B,149,,GLY,complete_standard_residue,True,0.23740492084402465,0.23740492084402465,0.002282739623500237,0.002282739623500237,0.0,0.0
151,I,8DNH,B,150,,ILE,complete_standard_residue,True,2.7939858984455936,2.7939858984455936,0.01418266953525682,0.01418266953525682,0.0,0.0
152,V,8DNH,B,151,,VAL,complete_standard_residue,True,3.75965388429378,3.75965388429378,0.021607206231573448,0.021607206231573448,0.0,0.0
153,M,8DNH,B,152,,MET,complete_standard_residue,True,9.272607066611123,9.272607066611123,0.041395567261656795,0.041395567261656795,0.0,0.0
154,D,8DNH,B,153,,ASP,complete_standard_residue,True,12.725881054354375,12.725881054354375,0.0659372075355149,0.0659372075355149,0.0,0.0
155,S,8DNH,B,154,,SER,complete_standard_residue,True,6.549911759457114,6.549911759457114,0.04225749522230396,0.04225749522230396,0.0,0.0
156,G,8DNH,B,155,,GLY,complete_standard_residue,True,29.829711534158594,29.829711534158594,0.2868241493669096,0.2868241493669096,0.0,0.0
157,D,8DNH,B,156,,ASP,complete_standard_residue,True,50.8953037166406,50.8953037166406,0.26370623687378547,0.26370623687378547,0.0,0.0
158,G,8DNH,B,157,,GLY,complete_standard_residue,True,4.386850604635019,4.386850604635019,0.042181255813798266,0.042181255813798266,0.0,0.0
159,V,8DNH,B,158,,VAL,complete_standard_residue,True,12.498965125982522,12.498965125982522,0.07183313290794553,0.07183313290794553,0.0,0.0
160,T,8DNH,B,159,,THR,complete_standard_residue,True,5.070609082710265,5.070609082710265,0.02948028536459456,0.02948028536459456,0.0,0.0
161,H,8DNH,B,160,,HIS,complete_standard_residue,True,2.9596748039928586,2.9596748039928586,0.01321283394639669,0.01321283394639669,0.0,0.0
162,T,8DNH,B,161,,THR,complete_standard_residue,True,3.073943691782492,3.073943691782492,0.01787176564989821,0.01787176564989821,0.0,0.0
163,V,8DNH,B,162,,VAL,complete_standard_residue,True,13.054270425437178,13.054270425437178,0.07502454267492631,0.07502454267492631,0.0,0.0
164,P,8DNH,B,163,,PRO,complete_standard_residue,True,0.880562240862439,0.880562240862439,0.005538127301021629,0.005538127301021629,0.0,0.0
165,I,8DNH,B,164,,ILE,complete_standard_residue,True,25.410510379173235,6.792908715224528,0.1289873623308286,0.03448177012804329,18.617601663948708,0.09450559220278532
166,Y,8DNH,B,165,,TYR,complete_standard_residue,True,74.05472813283204,21.8835189198135,0.2815769130525933,0.08320729627305513,52.17120921301854,0.19836961677953818
167,E,8DNH,B,166,,GLU,complete_standard_residue,True,122.89486869433807,61.24828617086411,0.5510980658938927,0.2746559917975969,61.64658252347396,0.27644207409629573
168,G,8DNH,B,167,,GLY,complete_standard_residue,True,63.88185449443578,0.4771149852976208,0.6142486009080363,0.0045876440894002,63.40473950913816,0.6096609568186362
169,Y,8DNH,B,168,,TYR,complete_standard_residue,True,162.87614339672612,15.741510241501544,0.619300925462837,0.05985365110837089,147.13463315522458,0.5594472743544661
170,A,8DNH,B,169,,ALA,complete_standard_residue,True,48.72741105411667,12.449937954629377,0.37773186863656333,0.09651114693511145,36.277473099487295,0.28122072170145185
171,L,8DNH,B,170,,LEU,complete_standard_residue,True,28.42958091927303,4.528605810149686,0.1414407010909106,0.02253037716492381,23.900975109123344,0.11891032392598677
172,P,8DNH,B,171,,PRO,complete_standard_residue,True,92.42548308101574,83.76543160398319,0.5812923464214826,0.5268266138615295,8.660051477032553,0.05446573255995313
173,H,8DNH,B,172,,HIS,complete_standard_residue,True,116.17778362680488,56.78394032944667,0.5186508197625218,0.25349973361360123,59.39384329735821,0.2651510861489206
174,A,8DNH,B,173,,ALA,complete_standard_residue,True,0.349015235850558,0.349015235850558,0.002705544463957814,0.002705544463957814,0.0,0.0
175,I,8DNH,B,174,,ILE,complete_standard_residue,True,47.81654291612261,47.81654291612261,0.2427235681021452,0.2427235681021452,0.0,0.0
176,L,8DNH,B,175,,LEU,complete_standard_residue,True,46.1222034582253,46.1222034582253,0.2294636987971408,0.2294636987971408,0.0,0.0
177,R,8DNH,B,176,,ARG,complete_standard_residue,True,71.93414261968343,71.82022716106732,0.262533367225122,0.26211761737615813,0.11391545861610552,0.00041574984896386447
178,L,8DNH,B,177,,LEU,complete_standard_residue,True,22.89461826242341,22.89461826242341,0.11390357344489259,0.11390357344489259,0.0,0.0
179,D,8DNH,B,178,,ASP,complete_standard_residue,True,71.3495406597371,64.09487018431241,0.3696867391696223,0.33209777297571197,7.254670475424689,0.037588966193910334
180,L,8DNH,B,179,,LEU,complete_standard_residue,True,4.248648016812788,4.248648016812788,0.02113755232245168,0.02113755232245168,0.0,0.0
181,A,8DNH,B,180,,ALA,complete_standard_residue,True,0.8380093683695652,0.8380093683695652,0.006496196654027637,0.006496196654027637,0.0,0.0
182,G,8DNH,B,181,,GLY,complete_standard_residue,True,7.044497926899512,7.044497926899512,0.06773555698941838,0.06773555698941838,0.0,0.0
183,R,8DNH,B,182,,ARG,complete_standard_residue,True,64.67482258713144,64.67482258713144,0.23603949849318046,0.23603949849318046,0.0,0.0
184,D,8DNH,B,183,,ASP,complete_standard_residue,True,38.67036531886439,38.67036531886439,0.20036458714437508,0.20036458714437508,0.0,0.0
185,L,8DNH,B,184,,LEU,complete_standard_residue,True,0.880562240862439,0.880562240862439,0.004380906670957408,0.004380906670957408,0.0,0.0
186,T,8DNH,B,185,,THR,complete_standard_residue,True,11.758635727194697,11.758635727194697,0.06836416120462033,0.06836416120462033,0.0,0.0
187,D,8DNH,B,186,,ASP,complete_standard_residue,True,75.67584099296499,75.67584099296499,0.39210280307235745,0.39210280307235745,0.0,0.0
188,Y,8DNH,B,187,,TYR,complete_standard_residue,True,22.87464296913434,22.87464296913434,0.08697582877997848,0.08697582877997848,0.0,0.0
189,L,8DNH,B,188,,LEU,complete_standard_residue,True,8.050854773599442,8.050854773599442,0.04005400384875344,0.04005400384875344,0.0,0.0
190,M,8DNH,B,189,,MET,complete_standard_residue,True,39.94335567905918,39.94335567905918,0.17831855213865705,0.17831855213865705,0.0,0.0
191,K,8DNH,B,190,,LYS,complete_standard_residue,True,124.0833698471054,92.56894652753581,0.5257769908775652,0.39224129884549075,31.514423319569588,0.1335356920320745
192,I,8DNH,B,191,,ILE,complete_standard_residue,True,23.132023183267435,23.132023183267435,0.1174214374785149,0.1174214374785149,0.0,0.0
193,L,8DNH,B,192,,LEU,complete_standard_residue,True,4.723457858500836,4.723457858500836,0.023499790340800183,0.023499790340800183,0.0,0.0
194,T,8DNH,B,193,,THR,complete_standard_residue,True,87.42288424326794,34.29046286998156,0.5082725828096973,0.199363156220823,53.132421373286384,0.3089094265888743
195,E,8DNH,B,194,,GLU,complete_standard_residue,True,111.12609609484781,44.41490493063192,0.498323300873757,0.1991699772674077,66.71119116421589,0.2991533236063493
196,R,8DNH,B,195,,ARG,complete_standard_residue,True,99.84680457473786,97.02445009463034,0.3644043962581674,0.35410383246215454,2.8223544801075207,0.010300563796012852
197,G,8DNH,B,196,,GLY,complete_standard_residue,True,61.02032173594412,45.89420760737877,0.5867338628456166,0.44129045776325737,15.126114128565355,0.1454434050823592
198,Y,8DNH,B,197,,TYR,complete_standard_residue,True,56.347071764035405,56.347071764035405,0.21424742115602816,0.21424742115602816,0.0,0.0
199,S,8DNH,B,198,,SER,complete_standard_residue,True,88.13082774878808,88.13082774878808,0.5685859854760521,0.5685859854760521,0.0,0.0
200,F,8DNH,B,199,,PHE,complete_standard_residue,True,27.5627382753282,27.5627382753282,0.1148447428138675,0.1148447428138675,0.0,0.0
201,T,8DNH,B,200,,THR,complete_standard_residue,True,104.88369389629958,101.0870791744363,0.6097889180017417,0.5877155765955598,3.7966147218632784,0.02207334140618189
202,T,8DNH,B,201,,THR,complete_standard_residue,True,68.92239591745731,35.964209188034594,0.40071160417126345,0.2090942394653174,32.958186729422714,0.19161736470594604
203,T,8DNH,B,202,,THR,complete_standard_residue,True,43.42056860282279,30.549823475223636,0.25244516629548136,0.1776152527629281,12.870745127599154,0.07482991353255325
204,A,8DNH,B,203,,ALA,complete_standard_residue,True,23.946274257194226,23.946274257194226,0.18563003300150563,0.18563003300150563,0.0,0.0
205,E,8DNH,B,204,,GLU,complete_standard_residue,True,52.71377535426289,52.71377535426289,0.23638464284422822,0.23638464284422822,0.0,0.0
206,R,8DNH,B,205,,ARG,complete_standard_residue,True,82.17817071368962,82.17817071368962,0.29992033107185995,0.29992033107185995,0.0,0.0
207,E,8DNH,B,206,,GLU,complete_standard_residue,True,12.07182633481882,12.07182633481882,0.05413375038035345,0.05413375038035345,0.0,0.0
208,I,8DNH,B,207,,ILE,complete_standard_residue,True,28.93275934262299,28.93275934262299,0.1468667986935177,0.1468667986935177,0.0,0.0
209,V,8DNH,B,208,,VAL,complete_standard_residue,True,0.9779882650380144,0.9779882650380144,0.005620622212862152,0.005620622212862152,0.0,0.0
210,R,8DNH,B,209,,ARG,complete_standard_residue,True,62.75439317793079,62.75439317793079,0.22903063203624374,0.22903063203624374,0.0,0.0
211,D,8DNH,B,210,,ASP,complete_standard_residue,True,38.22746489555824,38.22746489555824,0.19806976629822923,0.19806976629822923,0.0,0.0
212,I,8DNH,B,211,,ILE,complete_standard_residue,True,6.232993128550731,6.232993128550731,0.0316395590281763,0.0316395590281763,0.0,0.0
213,K,8DNH,B,212,,LYS,complete_standard_residue,True,20.597776311439016,20.597776311439016,0.08727871318406363,0.08727871318406363,0.0,0.0
214,E,8DNH,B,213,,GLU,complete_standard_residue,True,112.07871599920809,112.07871599920809,0.5025951390099017,0.5025951390099017,0.0,0.0
215,K,8DNH,B,214,,LYS,complete_standard_residue,True,119.85532020612466,119.85532020612466,0.5078615262971384,0.5078615262971384,0.0,0.0
216,L,8DNH,B,215,,LEU,complete_standard_residue,True,24.40415353247331,24.40415353247331,0.12141369916653387,0.12141369916653387,0.0,0.0
217,C,8DNH,B,216,,CYS,complete_standard_residue,True,16.313102080871186,16.313102080871186,0.09768324599324063,0.09768324599324063,0.0,0.0
218,Y,8DNH,B,217,,TYR,complete_standard_residue,True,50.30106623022635,50.30106623022635,0.19125880695903555,0.19125880695903555,0.0,0.0
219,V,8DNH,B,218,,VAL,complete_standard_residue,True,10.27187700388333,10.27187700388333,0.05903377588438695,0.05903377588438695,0.0,0.0
220,A,8DNH,B,219,,ALA,complete_standard_residue,True,1.1321514525374214,1.1321514525374214,0.008776367849127298,0.008776367849127298,0.0,0.0
221,L,8DNH,B,220,,LEU,complete_standard_residue,True,91.91986337837456,91.91986337837456,0.4573127531262416,0.4573127531262416,0.0,0.0
222,D,8DNH,B,221,,ASP,complete_standard_residue,True,57.20640207454733,57.20640207454733,0.2964062283655302,0.2964062283655302,0.0,0.0
223,F,8DNH,B,222,,PHE,complete_standard_residue,True,33.256670756437224,33.256670756437224,0.1385694614851551,0.1385694614851551,0.0,0.0
224,E,8DNH,B,223,,GLU,complete_standard_residue,True,145.48174308540055,145.48174308540055,0.6523844981408097,0.6523844981408097,0.0,0.0
225,Q,8DNH,B,224,,GLN,complete_standard_residue,True,103.71108658436556,103.71108658436556,0.4609381625971803,0.4609381625971803,0.0,0.0
226,E,8DNH,B,225,,GLU,complete_standard_residue,True,40.40666205564733,40.40666205564733,0.1811957939715127,0.1811957939715127,0.0,0.0
227,M,8DNH,B,226,,MET,complete_standard_residue,True,61.980669958232234,61.980669958232234,0.2766994194563939,0.2766994194563939,0.0,0.0
228,A,8DNH,B,227,,ALA,complete_standard_residue,True,57.868694311819986,57.868694311819986,0.44859452954899215,0.44859452954899215,0.0,0.0
229,T,8DNH,B,228,,THR,complete_standard_residue,True,44.905828524639006,44.905828524639006,0.261080398399064,0.261080398399064,0.0,0.0
230,A,8DNH,B,229,,ALA,complete_standard_residue,True,28.92757571474457,28.92757571474457,0.22424477298251605,0.22424477298251605,0.0,0.0
231,A,8DNH,B,230,,ALA,complete_standard_residue,True,85.29008840667237,85.29008840667237,0.661163476020716,0.661163476020716,0.0,0.0
232,S,8DNH,B,231,,SER,complete_standard_residue,True,104.13567675848903,104.13567675848903,0.6718430758612195,0.6718430758612195,0.0,0.0
233,S,8DNH,B,232,,SER,complete_standard_residue,True,57.566192973199705,57.566192973199705,0.371394793375482,0.371394793375482,0.0,0.0
234,S,8DNH,B,233,,SER,complete_standard_residue,True,85.37212586283312,85.37212586283312,0.5507879087924717,0.5507879087924717,0.0,0.0
235,S,8DNH,B,234,,SER,complete_standard_residue,True,88.27916851790283,88.27916851790283,0.5695430226961473,0.5695430226961473,0.0,0.0
236,L,8DNH,B,235,,LEU,complete_standard_residue,True,38.66016168772492,38.66016168772492,0.19233911287425334,0.19233911287425334,0.0,0.0
237,E,8DNH,B,236,,GLU,complete_standard_residue,True,85.7674586463731,85.7674586463731,0.38460743787611257,0.38460743787611257,0.0,0.0
238,K,8DNH,B,237,,LYS,complete_standard_residue,True,102.24901685232061,102.24901685232061,0.4332585459844094,0.4332585459844094,0.0,0.0
239,S,8DNH,B,238,,SER,complete_standard_residue,True,85.11556115379301,85.11556115379301,0.5491326526051162,0.5491326526051162,0.0,0.0
240,Y,8DNH,B,239,,TYR,complete_standard_residue,True,47.525842184907376,47.525842184907376,0.18070662427721434,0.18070662427721434,0.0,0.0
241,E,8DNH,B,240,,GLU,complete_standard_residue,True,107.17950566669299,107.17950566669299,0.48062558594929594,0.48062558594929594,0.0,0.0
242,L,8DNH,B,241,,LEU,complete_standard_residue,True,22.061473126679154,22.061473126679154,0.10975857276954804,0.10975857276954804,0.0,0.0
243,P,8DNH,B,242,,PRO,complete_standard_residue,True,102.99794374300373,102.99794374300373,0.647785809704426,0.647785809704426,0.0,0.0
244,D,8DNH,B,243,,ASP,complete_standard_residue,True,103.78378172937269,103.78378172937269,0.5377398017065943,0.5377398017065943,0.0,0.0
245,G,8DNH,B,244,,GLY,complete_standard_residue,True,44.94071460206018,44.94071460206018,0.43212225578904023,0.43212225578904023,0.0,0.0
246,Q,8DNH,B,245,,GLN,complete_standard_residue,True,109.75567840148052,109.75567840148052,0.4878030151176912,0.4878030151176912,0.0,0.0
247,V,8DNH,B,246,,VAL,complete_standard_residue,True,83.18350785177407,83.18350785177407,0.4780661370791613,0.4780661370791613,0.0,0.0
248,I,8DNH,B,247,,ILE,complete_standard_residue,True,5.995588207706707,5.995588207706707,0.030434457907140642,0.030434457907140642,0.0,0.0
249,T,8DNH,B,248,,THR,complete_standard_residue,True,44.78142407355073,44.78142407355073,0.2603571167066903,0.2603571167066903,0.0,0.0
250,I,8DNH,B,249,,ILE,complete_standard_residue,True,10.818336102024249,10.818336102024249,0.05491541168540228,0.05491541168540228,0.0,0.0
251,G,8DNH,B,250,,GLY,complete_standard_residue,True,6.636881516083992,6.636881516083992,0.06381616842388455,0.06381616842388455,0.0,0.0
252,N,8DNH,B,251,,ASN,complete_standard_residue,True,45.73851551145463,45.73851551145463,0.23455648980233143,0.23455648980233143,0.0,0.0
253,E,8DNH,B,252,,GLU,complete_standard_residue,True,5.710038379446418,5.710038379446418,0.02560555327106017,0.02560555327106017,0.0,0.0
254,R,8DNH,B,253,,ARG,complete_standard_residue,True,38.5201801730626,38.5201801730626,0.1405845991717613,0.1405845991717613,0.0,0.0
255,F,8DNH,B,254,,PHE,complete_standard_residue,True,1.9701608209069867,1.9701608209069867,0.008209003420445778,0.008209003420445778,0.0,0.0
256,R,8DNH,B,255,,ARG,complete_standard_residue,True,50.973046353844516,50.85913089522841,0.1860330158899435,0.1856172660409796,0.11391545861610552,0.0004157498489638922
257,C,8DNH,B,256,,CYS,complete_standard_residue,True,1.6898495983965596,1.6898495983965596,0.010118859870638082,0.010118859870638082,0.0,0.0
258,P,8DNH,B,257,,PRO,complete_standard_residue,True,0.9779882650380143,0.9779882650380143,0.006150869591434052,0.006150869591434052,0.0,0.0
259,E,8DNH,B,258,,GLU,complete_standard_residue,True,1.1348977281154347,1.1348977281154347,0.005089227480338272,0.005089227480338272,0.0,0.0
260,A,8DNH,B,259,,ALA,complete_standard_residue,True,1.229577476712997,1.229577476712997,0.00953160834661238,0.00953160834661238,0.0,0.0
261,L,8DNH,B,260,,LEU,complete_standard_residue,True,10.830656381214077,10.830656381214077,0.05388386259310486,0.05388386259310486,0.0,0.0
262,F,8DNH,B,261,,PHE,complete_standard_residue,True,13.62391447736159,13.62391447736159,0.056766310322339954,0.056766310322339954,0.0,0.0
263,Q,8DNH,B,262,,GLN,complete_standard_residue,True,66.13181079305923,66.13181079305923,0.2939191590802632,0.2939191590802632,0.0,0.0
264,P,8DNH,B,263,,PRO,complete_standard_residue,True,6.792908715224529,6.792908715224529,0.042722696322166846,0.042722696322166846,0.0,0.0
265,S,8DNH,B,264,,SER,complete_standard_residue,True,86.63460628660471,86.63460628660471,0.5589329437845465,0.5589329437845465,0.0,0.0
266,F,8DNH,B,265,,PHE,complete_standard_residue,True,68.62866224033442,68.62866224033442,0.28595275933472675,0.28595275933472675,0.0,0.0
267,L,8DNH,B,266,,LEU,complete_standard_residue,True,52.25485935340812,32.106401477267156,0.2599744246438215,0.15973334068292117,20.148457876140967,0.10024108396090031
268,G,8DNH,B,267,,GLY,complete_standard_residue,True,68.33438794747572,30.899787733854964,0.6570614225718819,0.29711334359475927,37.434600213620755,0.35994807897712267
269,M,8DNH,B,268,,MET,complete_standard_residue,True,66.33370262694831,65.83052420359834,0.2961326010131621,0.29388626876606405,0.503178423349965,0.0022463322470980263
270,E,8DNH,B,269,,GLU,complete_standard_residue,True,193.1412181498161,64.72484590515516,0.8661041172637494,0.29024594576302765,128.41637224466092,0.5758581715007217
271,S,8DNH,B,270,,SER,complete_standard_residue,True,47.93946820066982,47.93946820066982,0.30928689161722467,0.30928689161722467,0.0,0.0
272,C,8DNH,B,271,,CYS,complete_standard_residue,True,61.45689446804719,61.45689446804719,0.368005356096091,0.368005356096091,0.0,0.0
273,G,8DNH,B,272,,GLY,complete_standard_residue,True,6.834927516966294,6.834927516966294,0.06572045689390668,0.06572045689390668,0.0,0.0
274,I,8DNH,B,273,,ILE,complete_standard_residue,True,15.975914941361392,15.975914941361392,0.08109601493076848,0.08109601493076848,0.0,0.0
275,H,8DNH,B,274,,HIS,complete_standard_residue,True,34.29954861773514,34.29954861773514,0.1531229849006033,0.1531229849006033,0.0,0.0
276,E,8DNH,B,275,,GLU,complete_standard_residue,True,70.16665510383808,70.16665510383808,0.3146486775956865,0.3146486775956865,0.0,0.0
277,T,8DNH,B,276,,THR,complete_standard_residue,True,15.966594883155741,15.966594883155741,0.09282904001834734,0.09282904001834734,0.0,0.0
278,T,8DNH,B,277,,THR,complete_standard_residue,True,9.388314542036712,9.388314542036712,0.05458322408160879,0.05458322408160879,0.0,0.0
279,F,8DNH,B,278,,PHE,complete_standard_residue,True,35.34828424033505,35.34828424033505,0.1472845176680627,0.1472845176680627,0.0,0.0
280,N,8DNH,B,279,,ASN,complete_standard_residue,True,62.73473597089789,62.73473597089789,0.32171659472255326,0.32171659472255326,0.0,0.0
281,S,8DNH,B,280,,SER,complete_standard_residue,True,0.5031784233499651,0.5031784233499651,0.0032463124087094525,0.0032463124087094525,0.0,0.0
282,I,8DNH,B,281,,ILE,complete_standard_residue,True,6.792908715224529,6.792908715224529,0.03448177012804329,0.03448177012804329,0.0,0.0
283,M,8DNH,B,282,,MET,complete_standard_residue,True,80.98630543878909,66.62098033116806,0.3615460064231656,0.29741509076414313,14.365325107621032,0.06413091565902246
284,K,8DNH,B,283,,LYS,complete_standard_residue,True,94.16941912393469,94.16941912393469,0.39902296238955376,0.39902296238955376,0.0,0.0
285,C,8DNH,B,284,,CYS,complete_standard_residue,True,6.810093227039665,6.810093227039665,0.04077900135951895,0.04077900135951895,0.0,0.0
286,D,8DNH,B,285,,ASP,complete_standard_residue,True,93.78169423060412,54.375796986733334,0.4859155141482079,0.28173988076027634,39.40589724387078,0.20417563338793154
287,V,8DNH,B,286,,VAL,complete_standard_residue,True,117.45099651647931,39.82972427277883,0.6750057271062029,0.2289064613378094,77.62127224370047,0.4460992657683935
288,D,8DNH,B,287,,ASP,complete_standard_residue,True,138.97504655088744,43.55046691406403,0.7200779614035618,0.22565008763763747,95.42457963682341,0.49442787376592434
289,I,8DNH,B,288,,ILE,complete_standard_residue,True,21.3567144107116,3.3680857759503486,0.10840971782087107,0.01709688211142309,17.988628634761252,0.09131283570944798
290,R,8DNH,B,289,,ARG,complete_standard_residue,True,57.630586459619735,30.529342909116114,0.21033060751686034,0.11142095952232159,27.10124355050362,0.09890964799453875
291,K,8DNH,B,290,,LYS,complete_standard_residue,True,123.28915558932383,109.28818977967225,0.5224116762259484,0.46308554991386547,14.000965809651575,0.05932612631208295
292,D,8DNH,B,291,,ASP,complete_standard_residue,True,61.86812632840819,61.86812632840819,0.32056024004356576,0.32056024004356576,0.0,0.0
293,L,8DNH,B,292,,LEU,complete_standard_residue,True,1.5095352700498954,1.5095352700498954,0.0075101257216412705,0.0075101257216412705,0.0,0.0
294,Y,8DNH,B,293,,TYR,complete_standard_residue,True,11.987448392131155,3.171369715958068,0.04557965168110705,0.012058439984631436,8.816078676173086,0.033521211696475615
295,A,8DNH,B,294,,ALA,complete_standard_residue,True,34.63720568714602,34.63720568714602,0.2685054704429924,0.2685054704429924,0.0,0.0
296,N,8DNH,B,295,,ASN,complete_standard_residue,True,34.2507636108157,34.2507636108157,0.17564494159392668,0.17564494159392668,0.0,0.0
297,T,8DNH,B,296,,THR,complete_standard_residue,True,10.725774310473984,10.725774310473984,0.062359152967872,0.062359152967872,0.0,0.0
298,V,8DNH,B,297,,VAL,complete_standard_residue,True,9.308800831974354,9.308800831974354,0.05349885535617445,0.05349885535617445,0.0,0.0
299,L,8DNH,B,298,,LEU,complete_standard_residue,True,3.952641921003801,3.952641921003801,0.01966488517912339,0.01966488517912339,0.0,0.0
300,S,8DNH,B,299,,SER,complete_standard_residue,True,0.8928825200522669,0.8928825200522669,0.0057605323874339795,0.0057605323874339795,0.0,0.0
301,G,8DNH,B,300,,GLY,complete_standard_residue,True,9.914015566719037,9.914015566719037,0.09532707275691382,0.09532707275691382,0.0,0.0
302,G,8DNH,B,301,,GLY,complete_standard_residue,True,44.99755779413607,44.99755779413607,0.4326688249436161,0.4326688249436161,0.0,0.0
303,T,8DNH,B,302,,THR,complete_standard_residue,True,12.685379380064907,12.685379380064907,0.07375220569805178,0.07375220569805178,0.0,0.0
304,T,8DNH,B,303,,THR,complete_standard_residue,True,6.163935686037073,6.163935686037073,0.03583683538393647,0.03583683538393647,0.0,0.0
305,M,8DNH,B,304,,MET,complete_standard_residue,True,88.54288820421148,88.54288820421148,0.3952807509116584,0.3952807509116584,0.0,0.0
306,Y,8DNH,B,305,,TYR,complete_standard_residue,True,24.462909169077072,24.462909169077072,0.09301486376074933,0.09301486376074933,0.0,0.0
307,P,8DNH,B,306,,PRO,complete_standard_residue,True,77.26439255424042,77.26439255424042,0.4859395758128328,0.4859395758128328,0.0,0.0
308,G,8DNH,B,307,,GLY,complete_standard_residue,True,35.32717404669987,35.32717404669987,0.3396843658336526,0.3396843658336526,0.0,0.0
309,I,8DNH,B,308,,ILE,complete_standard_residue,True,11.160082477872566,11.160082477872566,0.056650164862297285,0.056650164862297285,0.0,0.0
310,A,8DNH,B,309,,ALA,complete_standard_residue,True,30.796095541332416,30.796095541332416,0.2387294228010265,0.2387294228010265,0.0,0.0
311,D,8DNH,B,310,,ASP,complete_standard_residue,True,105.19485555866825,105.19485555866825,0.5450510650708199,0.5450510650708199,0.0,0.0
312,R,8DNH,B,311,,ARG,complete_standard_residue,True,19.261286509733544,19.261286509733544,0.07029666609391805,0.07029666609391805,0.0,0.0
313,M,8DNH,B,312,,MET,complete_standard_residue,True,5.365840252331366,5.365840252331366,0.02395464398362217,0.02395464398362217,0.0,0.0
314,Q,8DNH,B,313,,GLN,complete_standard_residue,True,80.21983929812035,80.21983929812035,0.35653261910275713,0.35653261910275713,0.0,0.0
315,K,8DNH,B,314,,LYS,complete_standard_residue,True,94.51455580185498,94.51455580185498,0.4004854059400635,0.4004854059400635,0.0,0.0
316,E,8DNH,B,315,,GLU,complete_standard_residue,True,41.240943400734636,41.240943400734636,0.18493696592257686,0.18493696592257686,0.0,0.0
317,I,8DNH,B,316,,ILE,complete_standard_residue,True,9.183006226136863,9.183006226136863,0.04661424480272519,0.04661424480272519,0.0,0.0
318,T,8DNH,B,317,,THR,complete_standard_residue,True,75.47239668870627,75.47239668870627,0.4387930040041062,0.4387930040041062,0.0,0.0
319,A,8DNH,B,318,,ALA,complete_standard_residue,True,81.70684542185316,81.70684542185316,0.6333863986190167,0.6333863986190167,0.0,0.0
320,L,8DNH,B,319,,LEU,complete_standard_residue,True,70.34350582628416,70.34350582628416,0.34996769067803063,0.34996769067803063,0.0,0.0
321,A,8DNH,B,320,,ALA,complete_standard_residue,True,7.715296026281759,7.715296026281759,0.059808496327765574,0.059808496327765574,0.0,0.0
322,P,8DNH,B,321,,PRO,complete_standard_residue,True,67.83067938036547,40.53324991362986,0.42660804641739286,0.25492610008572236,27.297429466735608,0.1716819463316705
323,S,8DNH,B,322,,SER,complete_standard_residue,True,114.34847218553077,114.34847218553077,0.7377320786163275,0.7377320786163275,0.0,0.0
324,T,8DNH,B,323,,THR,complete_standard_residue,True,118.16323614995322,90.44173356288505,0.6869955590113559,0.525824032342355,27.721502587068173,0.16117152666900092
325,M,8DNH,B,324,,MET,complete_standard_residue,True,69.51607315318168,30.142361526046916,0.31033961229098966,0.13456411395556658,39.37371162713477,0.17577549833542308
326,K,8DNH,B,325,,LYS,complete_standard_residue,True,147.4386162783798,147.4386162783798,0.6247398994846602,0.6247398994846602,0.0,0.0
327,I,8DNH,B,326,,ILE,complete_standard_residue,True,20.41567258427674,20.41567258427674,0.10363285575774996,0.10363285575774996,0.0,0.0
328,K,8DNH,B,327,,LYS,complete_standard_residue,True,115.25488973393229,115.25488973393229,0.48836817683869616,0.48836817683869616,0.0,0.0
329,I,8DNH,B,328,,ILE,complete_standard_residue,True,32.59323314684295,32.59323314684295,0.16544788399412663,0.16544788399412663,0.0,0.0
330,I,8DNH,B,329,,ILE,complete_standard_residue,True,42.141192955559575,42.141192955559575,0.2139146850536019,0.2139146850536019,0.0,0.0
331,A,8DNH,B,330,,ALA,complete_standard_residue,True,43.45004983188285,43.45004983188285,0.3368220917200221,0.3368220917200221,0.0,0.0
332,P,8DNH,B,331,,PRO,complete_standard_residue,True,40.93812004886736,40.93812004886736,0.2574724531375306,0.2574724531375306,0.0,0.0
333,P,8DNH,B,332,,PRO,complete_standard_residue,True,116.74266685686219,116.74266685686219,0.7342306091626553,0.7342306091626553,0.0,0.0
334,E,8DNH,B,333,,GLU,complete_standard_residue,True,113.88830478360234,113.88830478360234,0.5107098869219836,0.5107098869219836,0.0,0.0
335,R,8DNH,B,334,,ARG,complete_standard_residue,True,20.97994582176046,20.97994582176046,0.07656914533489219,0.07656914533489219,0.0,0.0
336,K,8DNH,B,335,,LYS,complete_standard_residue,True,91.15868296734546,91.15868296734546,0.3862656057938367,0.3862656057938367,0.0,0.0
337,Y,8DNH,B,336,,TYR,complete_standard_residue,True,80.95394179846934,80.95394179846934,0.3078096646329633,0.3078096646329633,0.0,0.0
338,S,8DNH,B,337,,SER,complete_standard_residue,True,13.299285854484523,13.299285854484523,0.0858018442224808,0.0858018442224808,0.0,0.0
339,V,8DNH,B,338,,VAL,complete_standard_residue,True,21.919905107726763,21.919905107726763,0.1259764661363607,0.1259764661363607,0.0,0.0
340,W,8DNH,B,339,,TRP,complete_standard_residue,True,5.2428599899127155,5.2428599899127155,0.01839599996460602,0.01839599996460602,0.0,0.0
341,I,8DNH,B,340,,ILE,complete_standard_residue,True,36.35464108703498,36.35464108703498,0.18454132531489836,0.18454132531489836,0.0,0.0
342,G,8DNH,B,341,,GLY,complete_standard_residue,True,0.0,0.0,0.0,0.0,0.0,0.0
343,G,8DNH,B,342,,GLY,complete_standard_residue,True,1.8727347967314112,1.8727347967314112,0.018007065353186646,0.018007065353186646,0.0,0.0
344,S,8DNH,B,343,,SER,complete_standard_residue,True,7.185613032911009,7.185613032911009,0.04635879376071619,0.04635879376071619,0.0,0.0
345,I,8DNH,B,344,,ILE,complete_standard_residue,True,73.05456938663825,73.05456938663825,0.37083537759714846,0.37083537759714846,0.0,0.0
346,L,8DNH,B,345,,LEU,complete_standard_residue,True,16.227504153036374,11.69889834288669,0.08073385150764366,0.05820347434271985,4.528605810149685,0.022530377164923808
347,A,8DNH,B,346,,ALA,complete_standard_residue,True,12.560820467337827,12.560820467337827,0.09737070129719246,0.09737070129719246,0.0,0.0
348,S,8DNH,B,347,,SER,complete_standard_residue,True,75.51722197988525,75.51722197988525,0.48720788374119517,0.48720788374119517,0.0,0.0
349,L,8DNH,B,348,,LEU,complete_standard_residue,True,66.93505058473518,53.97820618347358,0.33301020191410535,0.2685482894700178,12.956844401261598,0.06446191244408755
350,S,8DNH,B,349,,SER,complete_standard_residue,True,103.86115392044285,103.86115392044285,0.6700719607770507,0.6700719607770507,0.0,0.0
351,T,8DNH,B,350,,THR,complete_standard_residue,True,115.8334166390847,78.1879160746407,0.6734500967388646,0.45458090741070173,37.645500564444006,0.21886918932816285
352,F,8DNH,B,351,,PHE,complete_standard_residue,True,8.428238591111915,1.5095352700498952,0.035117660796299646,0.006289730291874563,6.91870332106202,0.028827930504425083
353,Q,8DNH,B,352,,GLN,complete_standard_residue,True,53.4697603564411,53.4697603564411,0.23764337936196045,0.23764337936196045,0.0,0.0
354,Q,8DNH,B,353,,GLN,complete_standard_residue,True,161.68834648431198,161.68834648431198,0.7186148732636088,0.7186148732636088,0.0,0.0
355,M,8DNH,B,354,,MET,complete_standard_residue,True,87.07383759149086,66.29940167115886,0.38872248924772707,0.2959794717462449,20.774435920331996,0.09274301750148217
356,W,8DNH,B,355,,TRP,complete_standard_residue,True,36.67144845320155,36.67144845320155,0.12867174895860192,0.12867174895860192,0.0,0.0
357,I,8DNH,B,356,,ILE,complete_standard_residue,True,9.057211620299372,9.057211620299372,0.045975693504057724,0.045975693504057724,0.0,0.0
358,S,8DNH,B,357,,SER,complete_standard_residue,True,54.0708569868157,54.0708569868157,0.3488442386246174,0.3488442386246174,0.0,0.0
359,K,8DNH,B,358,,LYS,complete_standard_residue,True,80.5760919780466,80.5760919780466,0.34142411855104493,0.34142411855104493,0.0,0.0
360,Q,8DNH,B,359,,GLN,complete_standard_residue,True,125.1313894483797,125.1313894483797,0.5561395086594653,0.5561395086594653,0.0,0.0
361,E,8DNH,B,360,,GLU,complete_standard_residue,True,74.9033482303891,74.9033482303891,0.3358894539479332,0.3358894539479332,0.0,0.0
362,Y,8DNH,B,361,,TYR,complete_standard_residue,True,27.866345716361938,27.866345716361938,0.10595568713445604,0.10595568713445604,0.0,0.0
363,D,8DNH,B,362,,ASP,complete_standard_residue,True,99.86059093049934,99.86059093049934,0.5174123882409293,0.5174123882409293,0.0,0.0
364,E,8DNH,B,363,,GLU,complete_standard_residue,True,153.87171053300705,153.87171053300705,0.6900076705516011,0.6900076705516011,0.0,0.0
365,S,8DNH,B,364,,SER,complete_standard_residue,True,83.08394685359099,83.08394685359099,0.5360254635715548,0.5360254635715548,0.0,0.0
366,G,8DNH,B,365,,GLY,complete_standard_residue,True,9.54851089642795,9.54851089642795,0.09181260477334569,0.09181260477334569,0.0,0.0
367,P,8DNH,B,366,,PRO,complete_standard_residue,True,42.252803270566105,42.252803270566105,0.2657409010727428,0.2657409010727428,0.0,0.0
368,S,8DNH,B,367,,SER,complete_standard_residue,True,55.4497334184028,55.4497334184028,0.3577402156025987,0.3577402156025987,0.0,0.0
369,I,8DNH,B,368,,ILE,complete_standard_residue,True,21.812817377144462,21.812817377144462,0.11072496130530184,0.11072496130530184,0.0,0.0
370,V,8DNH,B,369,,VAL,complete_standard_residue,True,2.5158921167498254,2.5158921167498254,0.014459150096263364,0.014459150096263364,0.0,0.0
371,H,8DNH,B,370,,HIS,complete_standard_residue,True,60.10405922156446,60.10405922156446,0.2683216929534128,0.2683216929534128,0.0,0.0
372,R,8DNH,B,371,,ARG,complete_standard_residue,True,225.07492496991853,225.07492496991853,0.821441332007002,0.821441332007002,0.0,0.0
373,K,8DNH,B,372,,LYS,complete_standard_residue,True,88.44521085262363,88.44521085262363,0.3747678425958628,0.3747678425958628,0.0,0.0
374,C,8DNH,B,373,,CYS,complete_standard_residue,True,14.843573684267817,14.843573684267817,0.08888367475609471,0.08888367475609471,0.0,0.0
375,F,8DNH,B,374,,PHE,complete_standard_residue,True,201.13562243042136,131.59098172804303,0.8380650934600891,0.5482957572001793,69.54464070237833,0.28976933625990975
