position,aa,pdb_id,chain,pdb_residue_number,pdb_insertion_code,pdb_residue_name,coordinate_status,rsa_eligible,sasa_isolated_A2,sasa_actin_fragment_A2,sasa_with_abp_A2,rsa_isolated,rsa_actin_fragment,rsa_with_abp,delta_sasa_actin_A2,delta_rsa_actin,delta_sasa_abp_A2,delta_rsa_abp
1,M,7PDZ,I,,,,missing_coordinates,False,,,,,,,,,,
2,D,7PDZ,I,,,,missing_coordinates,False,,,,,,,,,,
3,D,7PDZ,I,,,,missing_coordinates,False,,,,,,,,,,
4,D,7PDZ,I,,,,missing_coordinates,False,,,,,,,,,,
5,I,7PDZ,I,5,,ILE,complete_standard_residue,True,136.63445661320486,136.63445661320486,136.63445661320486,0.693575921894441,0.693575921894441,0.693575921894441,0.0,0.0,0.0,0.0
6,A,7PDZ,I,6,,ALA,complete_standard_residue,True,48.945359044459465,48.945359044459465,48.945359044459465,0.37942138794154623,0.37942138794154623,0.37942138794154623,0.0,0.0,0.0,0.0
7,A,7PDZ,I,7,,ALA,complete_standard_residue,True,5.425301438285248,5.425301438285248,5.425301438285248,0.04205660029678487,0.04205660029678487,0.04205660029678487,0.0,0.0,0.0,0.0
8,L,7PDZ,I,8,,LEU,complete_standard_residue,True,0.880562240862439,0.880562240862439,0.880562240862439,0.004380906670957408,0.004380906670957408,0.004380906670957408,0.0,0.0,0.0,0.0
9,V,7PDZ,I,9,,VAL,complete_standard_residue,True,1.201208895051081,1.201208895051081,1.201208895051081,0.006903499396845293,0.006903499396845293,0.006903499396845293,0.0,0.0,0.0,0.0
10,V,7PDZ,I,10,,VAL,complete_standard_residue,True,3.144865145937282,3.144865145937282,3.144865145937282,0.018073937620329206,0.018073937620329206,0.018073937620329206,0.0,0.0,0.0,0.0
11,D,7PDZ,I,11,,ASP,complete_standard_residue,True,11.830693390692536,11.830693390692536,11.830693390692536,0.061298929485453554,0.061298929485453554,0.061298929485453554,0.0,0.0,0.0,0.0
12,N,7PDZ,I,12,,ASN,complete_standard_residue,True,19.00098592342954,19.00098592342954,19.00098592342954,0.09744095345348482,0.09744095345348482,0.09744095345348482,0.0,0.0,0.0,0.0
13,G,7PDZ,I,13,,GLY,complete_standard_residue,True,15.467144483088038,15.467144483088038,15.467144483088038,0.14872254310661576,0.14872254310661576,0.14872254310661576,0.0,0.0,0.0,0.0
14,S,7PDZ,I,14,,SER,complete_standard_residue,True,18.5393851698529,18.5393851698529,18.5393851698529,0.11960893657969612,0.11960893657969612,0.11960893657969612,0.0,0.0,0.0,0.0
15,G,7PDZ,I,15,,GLY,complete_standard_residue,True,10.175441890390575,10.175441890390575,10.175441890390575,0.09784078740760169,0.09784078740760169,0.09784078740760169,0.0,0.0,0.0,0.0
16,M,7PDZ,I,16,,MET,complete_standard_residue,True,82.66626556531153,82.66626556531153,82.66626556531153,0.36904582841656935,0.36904582841656935,0.36904582841656935,0.0,0.0,0.0,0.0
17,C,7PDZ,I,17,,CYS,complete_standard_residue,True,3.344879878215832,3.344879878215832,3.344879878215832,0.020029220827639714,0.020029220827639714,0.020029220827639714,0.0,0.0,0.0,0.0
18,K,7PDZ,I,18,,LYS,complete_standard_residue,True,29.749311633168546,29.749311633168546,29.749311633168546,0.12605640522529044,0.12605640522529044,0.12605640522529044,0.0,0.0,0.0,0.0
19,A,7PDZ,I,19,,ALA,complete_standard_residue,True,0.0,0.0,0.0,0.0,0.0,0.0,0.0,0.0,0.0,0.0
20,G,7PDZ,I,20,,GLY,complete_standard_residue,True,0.2278309172322098,0.2278309172322098,0.2278309172322098,0.0021906818964635556,0.0021906818964635556,0.0021906818964635556,0.0,0.0,0.0,0.0
21,F,7PDZ,I,21,,PHE,complete_standard_residue,True,38.604759701278866,38.604759701278866,38.604759701278866,0.16085316542199526,0.16085316542199526,0.16085316542199526,0.0,0.0,0.0,0.0
22,A,7PDZ,I,22,,ALA,complete_standard_residue,True,24.528492533714633,24.528492533714633,24.528492533714633,0.19014335297453205,0.19014335297453205,0.19014335297453205,0.0,0.0,0.0,0.0
23,G,7PDZ,I,23,,GLY,complete_standard_residue,True,56.098196103014956,56.098196103014956,56.098196103014956,0.5394057317597591,0.5394057317597591,0.5394057317597591,0.0,0.0,0.0,0.0
24,D,7PDZ,I,24,,ASP,complete_standard_residue,True,46.221582505833844,46.221582505833844,46.221582505833844,0.23949006479706655,0.23949006479706655,0.23949006479706655,0.0,0.0,0.0,0.0
25,D,7PDZ,I,25,,ASP,complete_standard_residue,True,118.69139808888086,118.69139808888086,118.69139808888086,0.6149813372480873,0.6149813372480873,0.6149813372480873,0.0,0.0,0.0,0.0
26,A,7PDZ,I,26,,ALA,complete_standard_residue,True,56.38327076538639,56.38327076538639,56.38327076538639,0.43707961833632863,0.43707961833632863,0.43707961833632863,0.0,0.0,0.0,0.0
27,P,7PDZ,I,27,,PRO,complete_standard_residue,True,25.107456643844696,25.107456643844696,25.107456643844696,0.1579085323512245,0.1579085323512245,0.1579085323512245,0.0,0.0,0.0,0.0
28,R,7PDZ,I,28,,ARG,complete_standard_residue,True,149.64619380110327,149.64619380110327,149.64619380110327,0.5461539919748294,0.5461539919748294,0.5461539919748294,0.0,0.0,0.0,0.0
29,A,7PDZ,I,29,,ALA,complete_standard_residue,True,2.6416867225873166,2.6416867225873166,2.6416867225873166,0.020478191647963696,0.020478191647963696,0.020478191647963696,0.0,0.0,0.0,0.0
30,V,7PDZ,I,30,,VAL,complete_standard_residue,True,55.49044060521169,55.49044060521169,55.49044060521169,0.31891057819087176,0.31891057819087176,0.31891057819087176,0.0,0.0,0.0,0.0
31,F,7PDZ,I,31,,PHE,complete_standard_residue,True,0.12579460583749127,0.12579460583749127,0.12579460583749127,0.000524144190989547,0.000524144190989547,0.000524144190989547,0.0,0.0,0.0,0.0
32,P,7PDZ,I,32,,PRO,complete_standard_residue,True,15.095352700498953,15.095352700498953,15.095352700498953,0.09493932516037078,0.09493932516037078,0.09493932516037078,0.0,0.0,0.0,0.0
33,S,7PDZ,I,33,,SER,complete_standard_residue,True,5.044104512689479,5.044104512689479,5.044104512689479,0.03254260975928696,0.03254260975928696,0.03254260975928696,0.0,0.0,0.0,0.0
34,I,7PDZ,I,34,,ILE,complete_standard_residue,True,1.0063568466999302,1.0063568466999302,1.0063568466999302,0.005108410389339747,0.005108410389339747,0.005108410389339747,0.0,0.0,0.0,0.0
35,V,7PDZ,I,35,,VAL,complete_standard_residue,True,0.8238250775386073,0.8238250775386073,0.8238250775386073,0.0047346268824057895,0.0047346268824057895,0.0047346268824057895,0.0,0.0,0.0,0.0
36,G,7PDZ,I,36,,GLY,complete_standard_residue,True,0.0,0.0,0.0,0.0,0.0,0.0,0.0,0.0,0.0,0.0
37,R,7PDZ,I,37,,ARG,complete_standard_residue,True,96.76396624875488,96.76396624875488,96.76396624875488,0.35315316149180614,0.35315316149180614,0.35315316149180614,0.0,0.0,0.0,0.0
38,P,7PDZ,I,38,,PRO,complete_standard_residue,True,62.83651833688643,53.77930671658706,53.77930671658706,0.3951982285338769,0.3382346334376545,0.3382346334376545,9.05721162029937,0.05696359509622245,0.0,0.0
39,R,7PDZ,I,39,,ARG,complete_standard_residue,True,118.16103965308962,56.697841055784224,56.697841055784224,0.43124467026675045,0.20692642721089133,0.20692642721089133,61.46319859730539,0.22431824305585912,0.0,0.0
40,H,7PDZ,I,40,,HIS,complete_standard_residue,True,123.77706194538654,31.804299382713268,31.804299382713268,0.5525761693990471,0.1419834793871128,0.1419834793871128,91.97276256267327,0.41059269001193427,0.0,0.0
41,Q,7PDZ,I,41,,GLN,complete_standard_residue,True,159.45306011438385,76.69175089932573,76.69175089932573,0.7086802671750393,0.34085222621922545,0.34085222621922545,82.76130921505812,0.36782804095581384,0.0,0.0
42,G,7PDZ,I,42,,GLY,complete_standard_residue,True,47.923888519101894,28.478117216774052,28.478117216774052,0.46080662037597975,0.27382805016128897,0.27382805016128897,19.44577130232784,0.18697857021469078,0.0,0.0
43,V,7PDZ,I,43,,VAL,complete_standard_residue,True,111.21867752135216,30.561041578990825,30.561041578990825,0.6391878018468515,0.17563816999420015,0.17563816999420015,80.65763594236134,0.4635496318526514,0.0,0.0
44,M,7PDZ,I,44,,MET,complete_standard_residue,True,143.4888004817673,2.2423169924874706,2.2423169924874706,0.6405750021507469,0.010010343716461922,0.010010343716461922,141.24648348927983,0.630564658434285,0.0,0.0
45,V,7PDZ,I,45,,VAL,complete_standard_residue,True,128.95113938214277,51.96290067613451,51.96290067613451,0.7410985021962229,0.2986373602076696,0.2986373602076696,76.98823870600826,0.44246114198855324,0.0,0.0
46,G,7PDZ,I,46,,GLY,complete_standard_residue,True,81.56871613785952,52.03836696766149,52.03836696766149,0.7843145782486493,0.5003689131505913,0.5003689131505913,29.530349170198036,0.28394566509805796,0.0,0.0
47,M,7PDZ,I,47,,MET,complete_standard_residue,True,148.50881028780069,69.81139071660076,69.81139071660076,0.662985760213396,0.3116579942705391,0.3116579942705391,78.69741957119993,0.35132776594285686,0.0,0.0
48,G,7PDZ,I,48,,GLY,complete_standard_residue,True,60.441544812376335,60.441544812376335,60.441544812376335,0.5811687001190032,0.5811687001190032,0.5811687001190032,0.0,0.0,0.0,0.0
49,Q,7PDZ,I,49,,GLN,complete_standard_residue,True,99.15665033761869,81.71448080099833,81.71448080099833,0.4406962237227497,0.36317547022665925,0.36317547022665925,17.442169536620355,0.07752075349609044,0.0,0.0
50,K,7PDZ,I,50,,LYS,complete_standard_residue,True,91.47314984698512,91.47314984698512,91.47314984698512,0.38759809257197086,0.38759809257197086,0.38759809257197086,0.0,0.0,0.0,0.0
51,D,7PDZ,I,51,,ASP,complete_standard_residue,True,138.3145266954702,138.3145266954702,138.3145266954702,0.7166555787330062,0.7166555787330062,0.7166555787330062,0.0,0.0,0.0,0.0
52,S,7PDZ,I,52,,SER,complete_standard_residue,True,16.090326509817373,16.090326509817373,16.090326509817373,0.10380855812785403,0.10380855812785403,0.10380855812785403,0.0,0.0,0.0,0.0
53,Y,7PDZ,I,53,,TYR,complete_standard_residue,True,23.60724143200045,9.552933997084818,9.552933997084818,0.0897613742661614,0.036322942954695125,0.036322942954695125,14.054307434915632,0.05343843131146628,0.0,0.0
54,V,7PDZ,I,54,,VAL,complete_standard_residue,True,5.084174217989077,5.084174217989077,5.084174217989077,0.02921939205740849,0.02921939205740849,0.02921939205740849,0.0,0.0,0.0,0.0
55,G,7PDZ,I,55,,GLY,complete_standard_residue,True,0.0,0.0,0.0,0.0,0.0,0.0,0.0,0.0,0.0,0.0
56,D,7PDZ,I,56,,ASP,complete_standard_residue,True,84.1571764269134,84.1571764269134,84.1571764269134,0.4360475462534373,0.4360475462534373,0.4360475462534373,0.0,0.0,0.0,0.0
57,E,7PDZ,I,57,,GLU,complete_standard_residue,True,73.50791560551758,73.50791560551758,73.50791560551758,0.3296319085449219,0.3296319085449219,0.3296319085449219,0.0,0.0,0.0,0.0
58,A,7PDZ,I,58,,ALA,complete_standard_residue,True,0.37738381751247385,0.37738381751247385,0.37738381751247385,0.0029254559497090995,0.0029254559497090995,0.0029254559497090995,0.0,0.0,0.0,0.0
59,Q,7PDZ,I,59,,GLN,complete_standard_residue,True,30.01603808544607,29.1231555653938,29.1231555653938,0.13340461371309364,0.1294362469573058,0.1294362469573058,0.8928825200522681,0.00396836675578785,0.0,0.0
60,S,7PDZ,I,60,,SER,complete_standard_residue,True,98.44178616528205,84.37888647445885,84.37888647445885,0.6351082978405294,0.5443799127384442,0.5443799127384442,14.062899690823201,0.09072838510208514,0.0,0.0
61,K,7PDZ,I,61,,LYS,complete_standard_residue,True,81.93039853708876,38.55431226824691,38.55431226824691,0.34716270566563034,0.16336572995019877,0.16336572995019877,43.37608626884185,0.18379697571543158,0.0,0.0
62,R,7PDZ,I,62,,ARG,complete_standard_residue,True,60.943352715931184,39.07796602171665,39.07796602171665,0.22242099531361745,0.14262031394787097,0.14262031394787097,21.865386694214536,0.07980068136574647,0.0,0.0
63,G,7PDZ,I,63,,GLY,complete_standard_residue,True,61.027618084882086,2.5233363823418946,2.5233363823418946,0.5868040200469431,0.024262849830210525,0.024262849830210525,58.50428170254019,0.5625411702167326,0.0,0.0
64,I,7PDZ,I,64,,ILE,complete_standard_residue,True,93.2293106123173,2.6237744084740986,2.6237744084740986,0.4732452315346056,0.013318651819665475,0.013318651819665475,90.6055362038432,0.45992657971494016,0.0,0.0
65,L,7PDZ,I,65,,LEU,complete_standard_residue,True,6.546183736174854,1.9399282276039407,1.9399282276039407,0.032568078289427135,0.009651384216935028,0.009651384216935028,4.6062555085709125,0.022916694072492107,0.0,0.0
66,T,7PDZ,I,66,,THR,complete_standard_residue,True,53.61282324989783,33.68872221311297,33.68872221311297,0.31170246075521996,0.19586466402972655,0.19586466402972655,19.92410103678486,0.11583779672549341,0.0,0.0
67,L,7PDZ,I,67,,LEU,complete_standard_residue,True,9.299480773768703,9.299480773768703,9.299480773768703,0.04626607350133683,0.04626607350133683,0.04626607350133683,0.0,0.0,0.0,0.0
68,K,7PDZ,I,68,,LYS,complete_standard_residue,True,112.79723489099837,112.79723489099837,112.79723489099837,0.477954385131349,0.477954385131349,0.477954385131349,0.0,0.0,0.0,0.0
69,Y,7PDZ,I,69,,TYR,complete_standard_residue,True,34.23950231014952,34.23950231014952,34.23950231014952,0.13018822171159514,0.13018822171159514,0.13018822171159514,0.0,0.0,0.0,0.0
70,P,7PDZ,I,70,,PRO,complete_standard_residue,True,1.7136078928393323,1.7136078928393323,1.7136078928393323,0.010777408131064984,0.010777408131064984,0.010777408131064984,0.0,0.0,0.0,0.0
71,I,7PDZ,I,71,,ILE,complete_standard_residue,True,8.15289108499416,8.15289108499416,8.15289108499416,0.041385233933980504,0.041385233933980504,0.041385233933980504,0.0,0.0,0.0,0.0
72,E,7PDZ,I,72,,GLU,complete_standard_residue,True,77.89499921160775,77.89499921160775,77.89499921160775,0.34930492920003475,0.34930492920003475,0.34930492920003475,0.0,0.0,0.0,0.0
73,H,7PDZ,I,73,,HIC,modified_residue,False,146.2374204732981,146.2374204732981,146.2374204732981,,,,0.0,,0.0,
74,G,7PDZ,I,74,,GLY,complete_standard_residue,True,18.5874240485171,18.5874240485171,18.5874240485171,0.17872523123574136,0.17872523123574136,0.17872523123574136,0.0,0.0,0.0,0.0
75,I,7PDZ,I,75,,ILE,complete_standard_residue,True,78.45558631371125,78.45558631371125,78.45558631371125,0.39825170717619923,0.39825170717619923,0.39825170717619923,0.0,0.0,0.0,0.0
76,V,7PDZ,I,76,,VAL,complete_standard_residue,True,31.206866634770915,31.206866634770915,31.206866634770915,0.17934980824580984,0.17934980824580984,0.17934980824580984,0.0,0.0,0.0,0.0
77,T,7PDZ,I,77,,THR,complete_standard_residue,True,88.53339535840989,88.53339535840989,88.53339535840989,0.5147290427814528,0.5147290427814528,0.5147290427814528,0.0,0.0,0.0,0.0
78,N,7PDZ,I,78,,ASN,complete_standard_residue,True,70.25080266306449,70.25080266306449,70.25080266306449,0.3602605264772538,0.3602605264772538,0.3602605264772538,0.0,0.0,0.0,0.0
79,W,7PDZ,I,79,,TRP,complete_standard_residue,True,69.01398381528497,69.01398381528497,69.01398381528497,0.2421543291764385,0.2421543291764385,0.2421543291764385,0.0,0.0,0.0,0.0
80,D,7PDZ,I,80,,ASP,complete_standard_residue,True,111.32899978337073,111.32899978337073,111.32899978337073,0.5768341957687603,0.5768341957687603,0.5768341957687603,0.0,0.0,0.0,0.0
81,D,7PDZ,I,81,,ASP,complete_standard_residue,True,19.65759973198083,19.65759973198083,19.65759973198083,0.10185284835223228,0.10185284835223228,0.10185284835223228,0.0,0.0,0.0,0.0
82,M,7PDZ,I,82,,MET,complete_standard_residue,True,6.4814983434374405,6.4814983434374405,6.4814983434374405,0.028935260461774286,0.028935260461774286,0.028935260461774286,0.0,0.0,0.0,0.0
83,E,7PDZ,I,83,,GLU,complete_standard_residue,True,50.03910976279451,50.03910976279451,50.03910976279451,0.22439062673898882,0.22439062673898882,0.22439062673898882,0.0,0.0,0.0,0.0
84,K,7PDZ,I,84,,LYS,complete_standard_residue,True,76.4525264727365,76.4525264727365,76.4525264727365,0.32395138335905294,0.32395138335905294,0.32395138335905294,0.0,0.0,0.0,0.0
85,I,7PDZ,I,85,,ILE,complete_standard_residue,True,1.0063568466999302,1.0063568466999302,1.0063568466999302,0.005108410389339747,0.005108410389339747,0.005108410389339747,0.0,0.0,0.0,0.0
86,W,7PDZ,I,86,,TRP,complete_standard_residue,True,2.0127136933998604,2.0127136933998604,2.0127136933998604,0.007062153310174949,0.007062153310174949,0.007062153310174949,0.0,0.0,0.0,0.0
87,H,7PDZ,I,87,,HIS,complete_standard_residue,True,92.83525933678061,92.83525933678061,92.83525933678061,0.41444312203919914,0.41444312203919914,0.41444312203919914,0.0,0.0,0.0,0.0
88,H,7PDZ,I,88,,HIS,complete_standard_residue,True,17.719662488721106,17.719662488721106,17.719662488721106,0.07910563611036207,0.07910563611036207,0.07910563611036207,0.0,0.0,0.0,0.0
89,T,7PDZ,I,89,,THR,complete_standard_residue,True,1.1321514525374217,1.1321514525374217,1.1321514525374217,0.006582275886845475,0.006582275886845475,0.006582275886845475,0.0,0.0,0.0,0.0
90,F,7PDZ,I,90,,PHE,complete_standard_residue,True,2.8932759342622996,2.8932759342622996,2.8932759342622996,0.012055316392759582,0.012055316392759582,0.012055316392759582,0.0,0.0,0.0,0.0
91,Y,7PDZ,I,91,,TYR,complete_standard_residue,True,107.38280990827923,107.38280990827923,107.38280990827923,0.4082996574459286,0.4082996574459286,0.4082996574459286,0.0,0.0,0.0,0.0
92,N,7PDZ,I,92,,ASN,complete_standard_residue,True,86.96766615876585,86.96766615876585,86.96766615876585,0.4459880315834146,0.4459880315834146,0.4459880315834146,0.0,0.0,0.0,0.0
93,E,7PDZ,I,93,,GLU,complete_standard_residue,True,55.51474344238108,55.51474344238108,55.51474344238108,0.24894503785821112,0.24894503785821112,0.24894503785821112,0.0,0.0,0.0,0.0
94,L,7PDZ,I,94,,LEU,complete_standard_residue,True,29.102651437341372,29.102651437341372,29.102651437341372,0.14478931063353917,0.14478931063353917,0.14478931063353917,0.0,0.0,0.0,0.0
95,R,7PDZ,I,95,,ARG,complete_standard_residue,True,204.62747910294155,204.62747910294155,204.62747910294155,0.7468156171640202,0.7468156171640202,0.7468156171640202,0.0,0.0,0.0,0.0
96,V,7PDZ,I,96,,VAL,complete_standard_residue,True,22.320164955745128,22.320164955745128,22.320164955745128,0.12827681009048925,0.12827681009048925,0.12827681009048925,0.0,0.0,0.0,0.0
97,A,7PDZ,I,97,,ALA,complete_standard_residue,True,41.530480433671116,41.530480433671116,41.530480433671116,0.3219417087881482,0.3219417087881482,0.3219417087881482,0.0,0.0,0.0,0.0
98,P,7PDZ,I,98,,PRO,complete_standard_residue,True,2.767481328424808,2.767481328424808,2.767481328424808,0.017405542946067974,0.017405542946067974,0.017405542946067974,0.0,0.0,0.0,0.0
99,E,7PDZ,I,99,,GLU,complete_standard_residue,True,94.25473954441841,94.25473954441841,94.25473954441841,0.4226669934727283,0.4226669934727283,0.4226669934727283,0.0,0.0,0.0,0.0
100,E,7PDZ,I,100,,GLU,complete_standard_residue,True,102.42349174532238,102.42349174532238,102.42349174532238,0.4592981692615353,0.4592981692615353,0.4592981692615353,0.0,0.0,0.0,0.0
101,H,7PDZ,I,101,,HIS,complete_standard_residue,True,41.78295321827992,41.78295321827992,41.78295321827992,0.18653104115303537,0.18653104115303537,0.18653104115303537,0.0,0.0,0.0,0.0
102,P,7PDZ,I,102,,PRO,complete_standard_residue,True,9.057211620299372,9.057211620299372,9.057211620299372,0.05696359509622246,0.05696359509622246,0.05696359509622246,0.0,0.0,0.0,0.0
103,V,7PDZ,I,103,,VAL,complete_standard_residue,True,0.5031784233499651,0.5031784233499651,0.5031784233499651,0.002891830019252673,0.002891830019252673,0.002891830019252673,0.0,0.0,0.0,0.0
104,L,7PDZ,I,104,,LEU,complete_standard_residue,True,0.12579460583749127,0.12579460583749127,0.12579460583749127,0.0006258438101367725,0.0006258438101367725,0.0006258438101367725,0.0,0.0,0.0,0.0
105,L,7PDZ,I,105,,LEU,complete_standard_residue,True,0.12579460583749127,0.12579460583749127,0.12579460583749127,0.0006258438101367725,0.0006258438101367725,0.0006258438101367725,0.0,0.0,0.0,0.0
106,T,7PDZ,I,106,,THR,complete_standard_residue,True,2.4856595234467793,2.4856595234467793,2.4856595234467793,0.014451508857248717,0.014451508857248717,0.014451508857248717,0.0,0.0,0.0,0.0
107,E,7PDZ,I,107,,GLU,complete_standard_residue,True,12.686615073175318,12.686615073175318,12.686615073175318,0.05689065055235568,0.05689065055235568,0.05689065055235568,0.0,0.0,0.0,0.0
108,A,7PDZ,I,108,,ALA,complete_standard_residue,True,12.82403488082803,12.82403488082803,12.82403488082803,0.09941112310719404,0.09941112310719404,0.09941112310719404,0.0,0.0,0.0,0.0
109,P,7PDZ,I,109,,PRO,complete_standard_residue,True,8.903048432799965,8.903048432799965,8.903048432799965,0.05599401530062871,0.05599401530062871,0.05599401530062871,0.0,0.0,0.0,0.0
110,L,7PDZ,I,110,,LEU,complete_standard_residue,True,108.79916946721447,108.79916946721447,101.37728772280249,0.5412894003344003,0.5412894003344003,0.5043646155363308,0.0,0.0,7.4218817444119765,0.03692478479806949
111,N,7PDZ,I,111,,ASN,complete_standard_residue,True,19.777210636278507,19.777210636278507,19.777210636278507,0.10142159300655645,0.10142159300655645,0.10142159300655645,0.0,0.0,0.0,0.0
112,P,7PDZ,I,112,,PRO,complete_standard_residue,True,70.94815769234508,70.94815769234508,70.94815769234508,0.44621482825374265,0.44621482825374265,0.44621482825374265,0.0,0.0,0.0,0.0
113,K,7PDZ,I,113,,LYS,complete_standard_residue,True,91.76454172858413,91.76454172858413,91.76454172858413,0.38883280393467856,0.38883280393467856,0.38883280393467856,0.0,0.0,0.0,0.0
114,A,7PDZ,I,114,,ALA,complete_standard_residue,True,63.3932975668944,63.3932975668944,63.3932975668944,0.4914209113712744,0.4914209113712744,0.4914209113712744,0.0,0.0,0.0,0.0
115,N,7PDZ,I,115,,ASN,complete_standard_residue,True,27.028342892977072,27.028342892977072,27.028342892977072,0.13860688663065165,0.13860688663065165,0.13860688663065165,0.0,0.0,0.0,0.0
116,R,7PDZ,I,116,,ARG,complete_standard_residue,True,66.73469289525863,66.73469289525863,66.73469289525863,0.24355727334035998,0.24355727334035998,0.24355727334035998,0.0,0.0,0.0,0.0
117,E,7PDZ,I,117,,GLU,complete_standard_residue,True,63.730217671028626,63.730217671028626,63.730217671028626,0.2857857294664961,0.2857857294664961,0.2857857294664961,0.0,0.0,0.0,0.0
118,K,7PDZ,I,118,,LYS,complete_standard_residue,True,103.05307476708343,103.05307476708343,103.05307476708343,0.4366655710469637,0.4366655710469637,0.4366655710469637,0.0,0.0,0.0,0.0
119,M,7PDZ,I,119,,MET,complete_standard_residue,True,11.2347280283188,11.2347280283188,11.2347280283188,0.05015503584070893,0.05015503584070893,0.05015503584070893,0.0,0.0,0.0,0.0
120,T,7PDZ,I,120,,THR,complete_standard_residue,True,13.914328538247185,13.914328538247185,13.914328538247185,0.08089725894329759,0.08089725894329759,0.08089725894329759,0.0,0.0,0.0,0.0
121,Q,7PDZ,I,121,,GLN,complete_standard_residue,True,63.466124920592364,63.466124920592364,63.466124920592364,0.28207166631374386,0.28207166631374386,0.28207166631374386,0.0,0.0,0.0,0.0
122,I,7PDZ,I,122,,ILE,complete_standard_residue,True,10.440952284511777,10.440952284511777,10.440952284511777,0.05299975778939988,0.05299975778939988,0.05299975778939988,0.0,0.0,0.0,0.0
123,M,7PDZ,I,123,,MET,complete_standard_residue,True,1.1651381754001144,1.1651381754001144,1.1651381754001144,0.005201509711607654,0.005201509711607654,0.005201509711607654,0.0,0.0,0.0,0.0
124,F,7PDZ,I,124,,PHE,complete_standard_residue,True,8.082223576245536,8.082223576245536,8.082223576245536,0.033675931567689735,0.033675931567689735,0.033675931567689735,0.0,0.0,0.0,0.0
125,E,7PDZ,I,125,,GLU,complete_standard_residue,True,105.18910906210606,105.18910906210606,105.18910906210606,0.4717000406372469,0.4717000406372469,0.4717000406372469,0.0,0.0,0.0,0.0
126,T,7PDZ,I,126,,THR,complete_standard_residue,True,61.69431902384528,61.69431902384528,61.69431902384528,0.3586879013014261,0.3586879013014261,0.3586879013014261,0.0,0.0,0.0,0.0
127,F,7PDZ,I,127,,PHE,complete_standard_residue,True,8.032942459486224,8.032942459486224,8.032942459486224,0.0334705935811926,0.0334705935811926,0.0334705935811926,0.0,0.0,0.0,0.0
128,N,7PDZ,I,128,,ASN,complete_standard_residue,True,49.390349935877204,49.390349935877204,49.390349935877204,0.2532838458250113,0.2532838458250113,0.2532838458250113,0.0,0.0,0.0,0.0
129,T,7PDZ,I,129,,THR,complete_standard_residue,True,0.880562240862439,0.880562240862439,0.880562240862439,0.005119547911990924,0.005119547911990924,0.005119547911990924,0.0,0.0,0.0,0.0
130,P,7PDZ,I,130,,PRO,complete_standard_residue,True,38.984415937477436,38.984415937477436,38.984415937477436,0.2451850058960845,0.2451850058960845,0.2451850058960845,0.0,0.0,0.0,0.0
131,A,7PDZ,I,131,,ALA,complete_standard_residue,True,13.208433612936584,13.208433612936584,13.208433612936584,0.10239095823981849,0.10239095823981849,0.10239095823981849,0.0,0.0,0.0,0.0
132,M,7PDZ,I,132,,MET,complete_standard_residue,True,1.9446458525720818,1.9446458525720818,1.9446458525720818,0.008681454698982507,0.008681454698982507,0.008681454698982507,0.0,0.0,0.0,0.0
133,Y,7PDZ,I,133,,TYR,complete_standard_residue,True,68.80341856767811,68.80341856767811,42.00275867527914,0.2616099565310955,0.2616099565310955,0.1597063067501108,0.0,0.0,26.80065989239897,0.10190364978098468
134,V,7PDZ,I,134,,VAL,complete_standard_residue,True,19.156581153580206,19.156581153580206,19.156581153580206,0.11009529398609313,0.11009529398609313,0.11009529398609313,0.0,0.0,0.0,0.0
135,A,7PDZ,I,135,,ALA,complete_standard_residue,True,8.554033196949407,8.554033196949407,8.554033196949407,0.06631033486007291,0.06631033486007291,0.06631033486007291,0.0,0.0,0.0,0.0
136,I,7PDZ,I,136,,ILE,complete_standard_residue,True,65.182966035871,65.182966035871,64.93137682419602,0.3308780001820863,0.3308780001820863,0.32960089758475136,0.0,0.0,0.2515892116749825,0.0012771025973349337
137,Q,7PDZ,I,137,,GLN,complete_standard_residue,True,28.878996220344558,28.878996220344558,28.878996220344558,0.12835109431264247,0.12835109431264247,0.12835109431264247,0.0,0.0,0.0,0.0
138,A,7PDZ,I,138,,ALA,complete_standard_residue,True,3.348937768726719,3.348937768726719,3.348937768726719,0.02596075789710635,0.02596075789710635,0.02596075789710635,0.0,0.0,0.0,0.0
139,V,7PDZ,I,139,,VAL,complete_standard_residue,True,32.91376984528871,32.91376984528871,26.62403955341415,0.1891595968120041,0.1891595968120041,0.15301172157134568,0.0,0.0,6.289730291874562,0.036147875240658406
140,L,7PDZ,I,140,,LEU,complete_standard_residue,True,4.151221992637212,4.151221992637212,4.151221992637212,0.02065284573451349,0.02065284573451349,0.02065284573451349,0.0,0.0,0.0,0.0
141,S,7PDZ,I,141,,SER,complete_standard_residue,True,0.11161031500653336,0.11161031500653336,0.11161031500653336,0.0007200665484292474,0.0007200665484292474,0.0007200665484292474,0.0,0.0,0.0,0.0
142,L,7PDZ,I,142,,LEU,complete_standard_residue,True,3.2706597517747733,3.2706597517747733,3.2706597517747733,0.016271939063556087,0.016271939063556087,0.016271939063556087,0.0,0.0,0.0,0.0
143,Y,7PDZ,I,143,,TYR,complete_standard_residue,True,77.44289784881741,77.44289784881741,31.055648690384245,0.294459687638089,0.294459687638089,0.1180823144121074,0.0,0.0,46.387249158433164,0.1763773732259816
144,A,7PDZ,I,144,,ALA,complete_standard_residue,True,34.298327323591046,34.298327323591046,34.298327323591046,0.2658785063844267,0.2658785063844267,0.2658785063844267,0.0,0.0,0.0,0.0
145,S,7PDZ,I,145,,SER,complete_standard_residue,True,47.5153531924352,47.5153531924352,47.5153531924352,0.30655066575764645,0.30655066575764645,0.30655066575764645,0.0,0.0,0.0,0.0
146,G,7PDZ,I,146,,GLY,complete_standard_residue,True,54.74497470243524,54.74497470243524,45.544783964483244,0.5263939875234158,0.5263939875234158,0.4379306150431081,0.0,0.0,9.200190737952,0.08846337248030772
147,R,7PDZ,I,147,,ARG,complete_standard_residue,True,110.3635988328981,110.3635988328981,110.3635988328981,0.40278685705437267,0.40278685705437267,0.40278685705437267,0.0,0.0,0.0,0.0
148,T,7PDZ,I,148,,THR,complete_standard_residue,True,104.41918324252754,104.41918324252754,86.93373303111626,0.6070882746658578,0.6070882746658578,0.5054286804134667,0.0,0.0,17.485450211411276,0.10165959425239113
149,T,7PDZ,I,149,,THR,complete_standard_residue,True,22.870307571272384,22.870307571272384,22.870307571272384,0.13296690448414178,0.13296690448414178,0.13296690448414178,0.0,0.0,0.0,0.0
150,G,7PDZ,I,150,,GLY,complete_standard_residue,True,0.0,0.0,0.0,0.0,0.0,0.0,0.0,0.0,0.0,0.0
151,I,7PDZ,I,151,,ILE,complete_standard_residue,True,0.3348309450196001,0.3348309450196001,0.3348309450196001,0.001699649467104569,0.001699649467104569,0.001699649467104569,0.0,0.0,0.0,0.0
152,V,7PDZ,I,152,,VAL,complete_standard_residue,True,0.12579460583749127,0.12579460583749127,0.12579460583749127,0.0007229575048131682,0.0007229575048131682,0.0007229575048131682,0.0,0.0,0.0,0.0
153,M,7PDZ,I,153,,MET,complete_standard_residue,True,4.408963489925475,4.408963489925475,4.408963489925475,0.019682872722881585,0.019682872722881585,0.019682872722881585,0.0,0.0,0.0,0.0
154,D,7PDZ,I,154,,ASP,complete_standard_residue,True,18.486623430232797,18.486623430232797,18.486623430232797,0.0957856136281492,0.0957856136281492,0.0957856136281492,0.0,0.0,0.0,0.0
155,S,7PDZ,I,155,,SER,complete_standard_residue,True,3.08626397097232,3.08626397097232,3.08626397097232,0.019911380457885937,0.019911380457885937,0.019911380457885937,0.0,0.0,0.0,0.0
156,G,7PDZ,I,156,,GLY,complete_standard_residue,True,24.75290304194525,24.75290304194525,24.75290304194525,0.2380086830956274,0.2380086830956274,0.2380086830956274,0.0,0.0,0.0,0.0
157,D,7PDZ,I,157,,ASP,complete_standard_residue,True,30.791184184817304,30.791184184817304,30.791184184817304,0.1595398144291052,0.1595398144291052,0.1595398144291052,0.0,0.0,0.0,0.0
158,G,7PDZ,I,158,,GLY,complete_standard_residue,True,1.9533179572929285,1.9533179572929285,1.9533179572929285,0.018781903435508927,0.018781903435508927,0.018781903435508927,0.0,0.0,0.0,0.0
159,V,7PDZ,I,159,,VAL,complete_standard_residue,True,18.074251433537903,18.074251433537903,18.074251433537903,0.10387500823872357,0.10387500823872357,0.10387500823872357,0.0,0.0,0.0,0.0
160,T,7PDZ,I,160,,THR,complete_standard_residue,True,0.22322063001306672,0.22322063001306672,0.22322063001306672,0.0012977943605410856,0.0012977943605410856,0.0012977943605410856,0.0,0.0,0.0,0.0
161,H,7PDZ,I,161,,HIS,complete_standard_residue,True,7.673470956086968,7.673470956086968,7.673470956086968,0.03425656676824539,0.03425656676824539,0.03425656676824539,0.0,0.0,0.0,0.0
162,T,7PDZ,I,162,,THR,complete_standard_residue,True,0.0,0.0,0.0,0.0,0.0,0.0,0.0,0.0,0.0,0.0
163,V,7PDZ,I,163,,VAL,complete_standard_residue,True,0.25158921167498255,0.25158921167498255,0.25158921167498255,0.0014459150096263365,0.0014459150096263365,0.0014459150096263365,0.0,0.0,0.0,0.0
164,P,7PDZ,I,164,,PRO,complete_standard_residue,True,0.12579460583749127,0.12579460583749127,0.12579460583749127,0.0007911610430030898,0.0007911610430030898,0.0007911610430030898,0.0,0.0,0.0,0.0
165,I,7PDZ,I,165,,ILE,complete_standard_residue,True,2.767481328424808,2.767481328424808,2.767481328424808,0.014048128570684304,0.014048128570684304,0.014048128570684304,0.0,0.0,0.0,0.0
166,Y,7PDZ,I,166,,TYR,complete_standard_residue,True,71.51002630245185,71.51002630245185,71.51002630245185,0.2719012406937333,0.2719012406937333,0.2719012406937333,0.0,0.0,0.0,0.0
167,E,7PDZ,I,167,,GLU,complete_standard_residue,True,136.9032146287317,136.9032146287317,117.42555485197299,0.6139157606669583,0.6139157606669583,0.5265719948518968,0.0,0.0,19.4776597767587,0.08734376581506154
168,G,7PDZ,I,168,,GLY,complete_standard_residue,True,42.145483847525604,42.145483847525604,12.15206784717926,0.4052450369954385,0.4052450369954385,0.1168468062228775,0.0,0.0,29.993416000346343,0.288398230772561
169,Y,7PDZ,I,169,,TYR,complete_standard_residue,True,138.28459386246615,138.28459386246615,26.105949036935144,0.5257969348382744,0.5257969348382744,0.09926216363853667,0.0,0.0,112.17864482553101,0.4265347711997377
170,A,7PDZ,I,170,,ALA,complete_standard_residue,True,27.188971216358176,27.188971216358176,26.068257779073697,0.21076721873145873,0.21076721873145873,0.20207951766723797,0.0,0.0,1.1207134372844791,0.00868770106422076
171,L,7PDZ,I,171,,LEU,complete_standard_residue,True,39.49950623297226,39.49950623297226,39.49950623297226,0.19651495638294655,0.19651495638294655,0.19651495638294655,0.0,0.0,0.0,0.0
172,P,7PDZ,I,172,,PRO,complete_standard_residue,True,93.21307512328295,93.21307512328295,69.3016437466109,0.5862457554923456,0.5862457554923456,0.435859394632773,0.0,0.0,23.91143137667204,0.15038636085957258
173,H,7PDZ,I,173,,HIS,complete_standard_residue,True,108.55804306807289,108.55804306807289,61.1393553725917,0.4846341208396111,0.4846341208396111,0.27294355077049864,0.0,0.0,47.41868769548119,0.21169057006911246
174,A,7PDZ,I,174,,ALA,complete_standard_residue,True,0.0,0.0,0.0,0.0,0.0,0.0,0.0,0.0,0.0,0.0
175,I,7PDZ,I,175,,ILE,complete_standard_residue,True,16.539966958362413,16.539966958362413,16.539966958362413,0.08395922313889549,0.08395922313889549,0.08395922313889549,0.0,0.0,0.0,0.0
176,L,7PDZ,I,176,,LEU,complete_standard_residue,True,38.33898619877292,38.33898619877292,32.17505051273585,0.19074122486951703,0.19074122486951703,0.16007487817281518,0.0,0.0,6.163935686037071,0.030666346696701846
177,R,7PDZ,I,177,,ARG,complete_standard_residue,True,79.20531431052108,79.20531431052108,79.20531431052108,0.28907049018438347,0.28907049018438347,0.28907049018438347,0.0,0.0,0.0,0.0
178,L,7PDZ,I,178,,LEU,complete_standard_residue,True,4.654400415987177,4.654400415987177,4.654400415987177,0.023156220975060583,0.023156220975060583,0.023156220975060583,0.0,0.0,0.0,0.0
179,D,7PDZ,I,179,,ASP,complete_standard_residue,True,79.37110269983569,79.37110269983569,79.37110269983569,0.41124923678671343,0.41124923678671343,0.41124923678671343,0.0,0.0,0.0,0.0
180,L,7PDZ,I,180,,LEU,complete_standard_residue,True,3.3964543576122646,3.3964543576122646,3.3964543576122646,0.016897782873692858,0.016897782873692858,0.016897782873692858,0.0,0.0,0.0,0.0
181,A,7PDZ,I,181,,ALA,complete_standard_residue,True,0.7547676350249476,0.7547676350249476,0.7547676350249476,0.005850911899418198,0.005850911899418198,0.005850911899418198,0.0,0.0,0.0,0.0
182,G,7PDZ,I,182,,GLY,complete_standard_residue,True,2.390097510912334,2.390097510912334,2.390097510912334,0.02298170683569552,0.02298170683569552,0.02298170683569552,0.0,0.0,0.0,0.0
183,R,7PDZ,I,183,,ARG,complete_standard_residue,True,24.757779055543008,24.757779055543008,24.757779055543008,0.09035685786694528,0.09035685786694528,0.09035685786694528,0.0,0.0,0.0,0.0
184,D,7PDZ,I,184,,ASP,complete_standard_residue,True,32.623378037351074,32.623378037351074,32.623378037351074,0.16903304682565323,0.16903304682565323,0.16903304682565323,0.0,0.0,0.0,0.0
185,L,7PDZ,I,185,,LEU,complete_standard_residue,True,0.880562240862439,0.880562240862439,0.880562240862439,0.004380906670957408,0.004380906670957408,0.004380906670957408,0.0,0.0,0.0,0.0
186,T,7PDZ,I,186,,THR,complete_standard_residue,True,6.5054948753231105,6.5054948753231105,6.5054948753231105,0.03782264462397157,0.03782264462397157,0.03782264462397157,0.0,0.0,0.0,0.0
187,D,7PDZ,I,187,,ASP,complete_standard_residue,True,58.294136642950754,49.25370112742156,49.25370112742156,0.30204215877176555,0.2552005239762775,0.2552005239762775,9.040435515529197,0.04684163479548803,0.0,0.0
188,Y,7PDZ,I,188,,TYR,complete_standard_residue,True,33.22357407783165,33.22357407783165,33.22357407783165,0.12632537672179334,0.12632537672179334,0.12632537672179334,0.0,0.0,0.0,0.0
189,L,7PDZ,I,189,,LEU,complete_standard_residue,True,3.144865145937282,3.144865145937282,3.144865145937282,0.015646095253419312,0.015646095253419312,0.015646095253419312,0.0,0.0,0.0,0.0
190,M,7PDZ,I,190,,MET,complete_standard_residue,True,30.556957508541167,30.556957508541167,30.556957508541167,0.13641498887741593,0.13641498887741593,0.13641498887741593,0.0,0.0,0.0,0.0
191,K,7PDZ,I,191,,LYS,complete_standard_residue,True,139.00931609075036,85.35078266774279,85.35078266774279,0.5890225258082642,0.361655858761622,0.361655858761622,53.65853342300757,0.2273666670466422,0.0,0.0
192,I,7PDZ,I,192,,ILE,complete_standard_residue,True,1.8869190875623691,1.8869190875623691,1.8869190875623691,0.009578269480012025,0.009578269480012025,0.009578269480012025,0.0,0.0,0.0,0.0
193,L,7PDZ,I,193,,LEU,complete_standard_residue,True,4.277016598474703,4.277016598474703,4.277016598474703,0.021278689544650266,0.021278689544650266,0.021278689544650266,0.0,0.0,0.0,0.0
194,T,7PDZ,I,194,,THR,complete_standard_residue,True,81.14020159091294,41.158021062643144,41.158021062643144,0.47174535808670315,0.23929082013164618,0.23929082013164618,39.982180528269794,0.23245453795505697,0.0,0.0
195,E,7PDZ,I,195,,GLU,complete_standard_residue,True,120.41034407123743,56.70890338891567,56.70890338891567,0.5399566998710199,0.25430001519693124,0.25430001519693124,63.70144068232176,0.28565668467408867,0.0,0.0
196,R,7PDZ,I,196,,ARG,complete_standard_residue,True,82.23885712077839,80.47773263905351,80.47773263905351,0.30014181430941017,0.2937143526972756,0.2937143526972756,1.7611244817248775,0.0064274616121345884,0.0,0.0
197,G,7PDZ,I,197,,GLY,complete_standard_residue,True,63.78212332665063,47.18911450332316,47.18911450332316,0.6132896473716406,0.45374148560887656,0.45374148560887656,16.593008823327466,0.15954816176276404,0.0,0.0
198,Y,7PDZ,I,198,,TYR,complete_standard_residue,True,47.566817716088764,47.566817716088764,47.566817716088764,0.1808624247760029,0.1808624247760029,0.1808624247760029,0.0,0.0,0.0,0.0
199,S,7PDZ,I,199,,SER,complete_standard_residue,True,88.85102739264802,82.0427981772495,82.0427981772495,0.5732324347912775,0.5293083753370935,0.5293083753370935,6.808229215398526,0.043924059454183983,0.0,0.0
200,F,7PDZ,I,200,,PHE,complete_standard_residue,True,27.361665873522945,25.223157574285594,25.223157574285594,0.11400694113967894,0.10509648989285664,0.10509648989285664,2.138508299237351,0.008910451246822298,0.0,0.0
201,T,7PDZ,I,201,,THR,complete_standard_residue,True,105.26594194643735,87.89096584068955,87.89096584068955,0.6120112903862637,0.5109939874458694,0.5109939874458694,17.374976105747805,0.10101730294039424,0.0,0.0
202,T,7PDZ,I,202,,THR,complete_standard_residue,True,37.93642120714499,11.698898342886688,11.698898342886688,0.22056058841363366,0.06801685083073655,0.06801685083073655,26.237522864258302,0.1525437375828971,0.0,0.0
203,T,7PDZ,I,203,,THR,complete_standard_residue,True,57.882722832015205,41.06173124781061,41.06173124781061,0.33652745832566977,0.2387309956268059,0.2387309956268059,16.82099158420459,0.09779646269886388,0.0,0.0
204,A,7PDZ,I,204,,ALA,complete_standard_residue,True,12.209079899860281,1.5996924342232273,1.5996924342232273,0.09464403023147505,0.012400716544366103,0.012400716544366103,10.609387465637054,0.08224331368710895,0.0,0.0
205,E,7PDZ,I,205,,GLU,complete_standard_residue,True,57.599106392233814,25.63527562557432,25.63527562557432,0.2582919569158467,0.11495639293979515,0.11495639293979515,31.963830766659495,0.14333556397605157,0.0,0.0
206,R,7PDZ,I,206,,ARG,complete_standard_residue,True,60.931829615877206,60.931829615877206,60.931829615877206,0.2223789402039314,0.2223789402039314,0.2223789402039314,0.0,0.0,0.0,0.0
207,E,7PDZ,I,207,,GLU,complete_standard_residue,True,6.475262282020065,6.475262282020065,6.475262282020065,0.029037050592018228,0.029037050592018228,0.029037050592018228,0.0,0.0,0.0,0.0
208,I,7PDZ,I,208,,ILE,complete_standard_residue,True,29.939116189322924,3.144865145937282,3.144865145937282,0.15197520908285747,0.01596378246668671,0.01596378246668671,26.794251043385643,0.13601142661617077,0.0,0.0
209,V,7PDZ,I,209,,VAL,complete_standard_residue,True,0.0,0.0,0.0,0.0,0.0,0.0,0.0,0.0,0.0,0.0
210,R,7PDZ,I,210,,ARG,complete_standard_residue,True,49.474684681665885,49.474684681665885,49.474684681665885,0.1805645426338171,0.1805645426338171,0.1805645426338171,0.0,0.0,0.0,0.0
211,D,7PDZ,I,211,,ASP,complete_standard_residue,True,70.11178195215538,70.11178195215538,70.11178195215538,0.36327348161738543,0.36327348161738543,0.36327348161738543,0.0,0.0,0.0,0.0
212,I,7PDZ,I,212,,ILE,complete_standard_residue,True,9.811979255324319,9.811979255324319,9.811979255324319,0.04980700129606253,0.04980700129606253,0.04980700129606253,0.0,0.0,0.0,0.0
213,K,7PDZ,I,213,,LYS,complete_standard_residue,True,18.21831570965296,18.21831570965296,18.21831570965296,0.07719625300700407,0.07719625300700407,0.07719625300700407,0.0,0.0,0.0,0.0
214,E,7PDZ,I,214,,GLU,complete_standard_residue,True,111.63600276246422,111.63600276246422,111.63600276246422,0.5006098778585839,0.5006098778585839,0.5006098778585839,0.0,0.0,0.0,0.0
215,K,7PDZ,I,215,,LYS,complete_standard_residue,True,158.6780710946453,158.6780710946453,158.6780710946453,0.6723647080281581,0.6723647080281581,0.6723647080281581,0.0,0.0,0.0,0.0
216,L,7PDZ,I,216,,LEU,complete_standard_residue,True,22.23354862829178,22.23354862829178,22.23354862829178,0.11061466979249641,0.11061466979249641,0.11061466979249641,0.0,0.0,0.0,0.0
217,C,7PDZ,I,217,,CYS,complete_standard_residue,True,8.72899372781558,8.72899372781558,8.72899372781558,0.05226942351985377,0.05226942351985377,0.05226942351985377,0.0,0.0,0.0,0.0
218,Y,7PDZ,I,218,,TYR,complete_standard_residue,True,28.778596155123587,28.778596155123587,28.778596155123587,0.1094243199814585,0.1094243199814585,0.1094243199814585,0.0,0.0,0.0,0.0
219,V,7PDZ,I,219,,VAL,complete_standard_residue,True,9.031843259621635,9.031843259621635,9.031843259621635,0.05190714517023928,0.05190714517023928,0.05190714517023928,0.0,0.0,0.0,0.0
220,A,7PDZ,I,220,,ALA,complete_standard_residue,True,3.5054938026306104,3.5054938026306104,3.5054938026306104,0.02717437056302799,0.02717437056302799,0.02717437056302799,0.0,0.0,0.0,0.0
221,L,7PDZ,I,221,,LEU,complete_standard_residue,True,93.68779202618833,93.68779202618833,93.68779202618833,0.466108418040738,0.466108418040738,0.466108418040738,0.0,0.0,0.0,0.0
222,D,7PDZ,I,222,,ASP,complete_standard_residue,True,72.4873509060418,72.4873509060418,72.4873509060418,0.3755821290468487,0.3755821290468487,0.3755821290468487,0.0,0.0,0.0,0.0
223,F,7PDZ,I,223,,PHE,complete_standard_residue,True,28.83985328487777,28.83985328487777,28.83985328487777,0.12016605535365738,0.12016605535365738,0.12016605535365738,0.0,0.0,0.0,0.0
224,E,7PDZ,I,224,,GLU,complete_standard_residue,True,118.67077222411311,118.67077222411311,117.10822781402163,0.5321559292561125,0.5321559292561125,0.5251490036503212,0.0,0.0,1.5625444100914763,0.007006925605791303
225,Q,7PDZ,I,225,,GLN,complete_standard_residue,True,124.02369791264435,124.02369791264435,124.02369791264435,0.5512164351673082,0.5512164351673082,0.5512164351673082,0.0,0.0,0.0,0.0
226,E,7PDZ,I,226,,GLU,complete_standard_residue,True,51.89100794625098,51.89100794625098,51.89100794625098,0.23269510289798645,0.23269510289798645,0.23269510289798645,0.0,0.0,0.0,0.0
227,M,7PDZ,I,227,,MET,complete_standard_residue,True,65.30999895281279,65.30999895281279,65.30999895281279,0.2915624953250571,0.2915624953250571,0.2915624953250571,0.0,0.0,0.0,0.0
228,A,7PDZ,I,228,,ALA,complete_standard_residue,True,60.13148663442723,60.13148663442723,60.13148663442723,0.46613555530563744,0.46613555530563744,0.46613555530563744,0.0,0.0,0.0,0.0
229,T,7PDZ,I,229,,THR,complete_standard_residue,True,75.59168296176307,75.59168296176307,75.59168296176307,0.4394865288474597,0.4394865288474597,0.4394865288474597,0.0,0.0,0.0,0.0
230,A,7PDZ,I,230,,ALA,complete_standard_residue,True,15.154362282508881,15.154362282508881,15.154362282508881,0.11747567660859598,0.11747567660859598,0.11747567660859598,0.0,0.0,0.0,0.0
231,A,7PDZ,I,231,,ALA,complete_standard_residue,True,81.46198445444463,81.46198445444463,81.46198445444463,0.6314882515848421,0.6314882515848421,0.6314882515848421,0.0,0.0,0.0,0.0
232,S,7PDZ,I,232,,SER,complete_standard_residue,True,100.46883861115168,100.46883861115168,100.46883861115168,0.6481860555558173,0.6481860555558173,0.6481860555558173,0.0,0.0,0.0,0.0
233,S,7PDZ,I,233,,SER,complete_standard_residue,True,43.809027843436105,43.809027843436105,43.809027843436105,0.282638889312491,0.282638889312491,0.282638889312491,0.0,0.0,0.0,0.0
234,S,7PDZ,I,234,,SER,complete_standard_residue,True,90.24008258443274,90.24008258443274,90.24008258443274,0.5821940811898887,0.5821940811898887,0.5821940811898887,0.0,0.0,0.0,0.0
235,S,7PDZ,I,235,,SER,complete_standard_residue,True,96.46573354915266,96.46573354915266,96.46573354915266,0.6223595712848559,0.6223595712848559,0.6223595712848559,0.0,0.0,0.0,0.0
236,L,7PDZ,I,236,,LEU,complete_standard_residue,True,40.88324689718466,40.88324689718466,40.88324689718466,0.20339923829445106,0.20339923829445106,0.20339923829445106,0.0,0.0,0.0,0.0
237,E,7PDZ,I,237,,GLU,complete_standard_residue,True,63.812323195030196,63.812323195030196,63.812323195030196,0.28615391567278115,0.28615391567278115,0.28615391567278115,0.0,0.0,0.0,0.0
238,K,7PDZ,I,238,,LYS,complete_standard_residue,True,115.26578844244636,115.26578844244636,115.26578844244636,0.4884143578069761,0.4884143578069761,0.4884143578069761,0.0,0.0,0.0,0.0
239,S,7PDZ,I,239,,SER,complete_standard_residue,True,69.66028665494778,69.66028665494778,69.66028665494778,0.44942120422546955,0.44942120422546955,0.44942120422546955,0.0,0.0,0.0,0.0
240,Y,7PDZ,I,240,,TYR,complete_standard_residue,True,52.29630874148142,52.29630874148142,52.29630874148142,0.1988452803858609,0.1988452803858609,0.1988452803858609,0.0,0.0,0.0,0.0
241,E,7PDZ,I,241,,GLU,complete_standard_residue,True,92.04114063577558,88.14150785481334,88.14150785481334,0.4127405409676035,0.39525339845207774,0.39525339845207774,3.8996327809622358,0.017487142515525744,0.0,0.0
242,L,7PDZ,I,242,,LEU,complete_standard_residue,True,28.152623346920308,18.969617120783443,18.969617120783443,0.14006280272099655,0.09437620458101216,0.09437620458101216,9.183006226136865,0.045686598139984394,0.0,0.0
243,P,7PDZ,I,243,,PRO,complete_standard_residue,True,108.22378546371256,36.0101366546362,36.0101366546362,0.6806527387654878,0.2264788468845044,0.2264788468845044,72.21364880907636,0.45417389188098345,0.0,0.0
244,D,7PDZ,I,244,,ASP,complete_standard_residue,True,122.28126983419914,4.884349290266682,4.884349290266682,0.6335817089854877,0.02530750927599317,0.02530750927599317,117.39692054393245,0.6082741997094946,0.0,0.0
245,G,7PDZ,I,245,,GLY,complete_standard_residue,True,54.115648244074265,8.516785689050284,8.516785689050284,0.5203427715776372,0.08189217008702196,0.08189217008702196,45.598862555023985,0.4384506014906152,0.0,0.0
246,Q,7PDZ,I,246,,GLN,complete_standard_residue,True,100.39715532077841,88.68471278656392,88.68471278656392,0.4462095792034596,0.3941542790513952,0.3941542790513952,11.712442534214489,0.05205530015206439,0.0,0.0
247,V,7PDZ,I,247,,VAL,complete_standard_residue,True,91.25751616323046,91.25751616323046,91.25751616323046,0.5244684836967268,0.5244684836967268,0.5244684836967268,0.0,0.0,0.0,0.0
248,I,7PDZ,I,248,,ILE,complete_standard_residue,True,12.202076766236654,12.202076766236654,12.202076766236654,0.06193947597074444,0.06193947597074444,0.06193947597074444,0.0,0.0,0.0,0.0
249,T,7PDZ,I,249,,THR,complete_standard_residue,True,63.01203519145168,63.01203519145168,63.01203519145168,0.3663490418107656,0.3663490418107656,0.3663490418107656,0.0,0.0,0.0,0.0
250,I,7PDZ,I,250,,ILE,complete_standard_residue,True,7.92506016776195,7.92506016776195,7.92506016776195,0.04022873181605051,0.04022873181605051,0.04022873181605051,0.0,0.0,0.0,0.0
251,G,7PDZ,I,251,,GLY,complete_standard_residue,True,1.5095352700498954,1.5095352700498954,1.5095352700498954,0.014514762212018225,0.014514762212018225,0.014514762212018225,0.0,0.0,0.0,0.0
252,N,7PDZ,I,252,,ASN,complete_standard_residue,True,50.51542887795322,50.51542887795322,50.51542887795322,0.25905348142540113,0.25905348142540113,0.25905348142540113,0.0,0.0,0.0,0.0
253,E,7PDZ,I,253,,GLU,complete_standard_residue,True,13.202113775715112,13.202113775715112,13.202113775715112,0.0592023039269736,0.0592023039269736,0.0592023039269736,0.0,0.0,0.0,0.0
254,R,7PDZ,I,254,,ARG,complete_standard_residue,True,24.119315798547838,24.119315798547838,24.119315798547838,0.08802669999470014,0.08802669999470014,0.08802669999470014,0.0,0.0,0.0,0.0
255,F,7PDZ,I,255,,PHE,complete_standard_residue,True,2.094091415103348,2.094091415103348,2.094091415103348,0.00872538089626395,0.00872538089626395,0.00872538089626395,0.0,0.0,0.0,0.0
256,R,7PDZ,I,256,,ARG,complete_standard_residue,True,45.05449654298852,45.05449654298852,45.05449654298852,0.1644324691349946,0.1644324691349946,0.1644324691349946,0.0,0.0,0.0,0.0
257,C,7PDZ,I,257,,CYS,complete_standard_residue,True,0.6702064327658226,0.6702064327658226,0.6702064327658226,0.004013212172250435,0.004013212172250435,0.004013212172250435,0.0,0.0,0.0,0.0
258,P,7PDZ,I,258,,PRO,complete_standard_residue,True,0.6289730291874563,0.6289730291874563,0.6289730291874563,0.003955805215015449,0.003955805215015449,0.003955805215015449,0.0,0.0,0.0,0.0
259,E,7PDZ,I,259,,GLU,complete_standard_residue,True,5.82865182807658,5.82865182807658,5.82865182807658,0.026137452143841167,0.026137452143841167,0.026137452143841167,0.0,0.0,0.0,0.0
260,A,7PDZ,I,260,,ALA,complete_standard_residue,True,0.9638039742070564,0.9638039742070564,0.9638039742070564,0.007471348637264004,0.007471348637264004,0.007471348637264004,0.0,0.0,0.0,0.0
261,L,7PDZ,I,261,,LEU,complete_standard_residue,True,6.415524897712055,6.415524897712055,6.415524897712055,0.0319180343169754,0.0319180343169754,0.0319180343169754,0.0,0.0,0.0,0.0
262,F,7PDZ,I,262,,PHE,complete_standard_residue,True,11.122206651442722,11.122206651442722,11.122206651442722,0.046342527714344675,0.046342527714344675,0.046342527714344675,0.0,0.0,0.0,0.0
263,Q,7PDZ,I,263,,GLN,complete_standard_residue,True,60.06467935765171,60.06467935765171,55.60026675739037,0.26695413047845207,0.26695413047845207,0.24711229669951276,0.0,0.0,4.4644126002613405,0.019841833778939305
264,P,7PDZ,I,264,,PRO,complete_standard_residue,True,9.183006226136865,9.183006226136865,9.183006226136865,0.057754756139225566,0.057754756139225566,0.057754756139225566,0.0,0.0,0.0,0.0
265,S,7PDZ,I,265,,SER,complete_standard_residue,True,80.78992710000706,80.78992710000706,33.930459913825075,0.5212253361290778,0.5212253361290778,0.21890619299241984,0.0,0.0,46.85946718618199,0.302319143136658
266,F,7PDZ,I,266,,PHE,complete_standard_residue,True,75.64965581819732,69.84591943785759,69.84591943785759,0.31520689924248885,0.2910246643244066,0.2910246643244066,5.803736380339728,0.024182234918082246,0.0,0.0
267,L,7PDZ,I,267,,LEU,complete_standard_residue,True,64.46066414292704,39.840337619960216,39.840337619960216,0.3206998216066022,0.1982106349251752,0.1982106349251752,24.620326522966828,0.122489186681427,0.0,0.0
268,G,7PDZ,I,268,,GLY,complete_standard_residue,True,65.01835050781372,47.72962813736717,3.8913821732557397,0.6251764471905166,0.45893873209006897,0.03741713628130519,17.28872237044655,0.1662377151004476,43.83824596411143,0.4215215958087638
269,M,7PDZ,I,269,,MET,complete_standard_residue,True,52.694232029963686,52.694232029963686,45.52280328788363,0.2352421072766236,0.2352421072766236,0.20322680039233765,0.0,0.0,7.171428742080053,0.03201530688428594
270,E,7PDZ,I,270,,GLU,complete_standard_residue,True,185.2308855066148,182.36970617729668,71.31052862396422,0.8306317735722637,0.8178013729923618,0.31977815526441355,2.8611793293181336,0.012830400579901924,111.05917755333246,0.4980232177279482
271,S,7PDZ,I,271,,SER,complete_standard_residue,True,51.817451481258,51.817451481258,51.817451481258,0.3343061385887613,0.3343061385887613,0.3343061385887613,0.0,0.0,0.0,0.0
272,C,7PDZ,I,272,,CYS,complete_standard_residue,True,57.13140047693371,57.13140047693371,25.697671582665436,0.34210419447265694,0.34210419447265694,0.15387827295009243,0.0,0.0,31.433728894268278,0.1882259215225645
273,G,7PDZ,I,273,,GLY,complete_standard_residue,True,0.0,0.0,0.0,0.0,0.0,0.0,0.0,0.0,0.0,0.0
274,I,7PDZ,I,274,,ILE,complete_standard_residue,True,3.8996327809622295,3.8996327809622295,3.8996327809622295,0.01979509025869152,0.01979509025869152,0.01979509025869152,0.0,0.0,0.0,0.0
275,H,7PDZ,I,275,,HIS,complete_standard_residue,True,8.164148458669525,8.164148458669525,8.164148458669525,0.036447091333346095,0.036447091333346095,0.036447091333346095,0.0,0.0,0.0,0.0
276,E,7PDZ,I,276,,GLU,complete_standard_residue,True,50.468366511005506,50.468366511005506,42.54403414554164,0.22631554489240138,0.22631554489240138,0.19078042217731675,0.0,0.0,7.924332365463869,0.03553512271508463
277,T,7PDZ,I,277,,THR,complete_standard_residue,True,11.824692948724179,11.824692948724179,10.818336102024249,0.06874821481816383,0.06874821481816383,0.06289730291874564,0.0,0.0,1.00635684669993,0.005850911899418193
278,T,7PDZ,I,278,,THR,complete_standard_residue,True,0.5031784233499651,0.5031784233499651,0.5031784233499651,0.0029254559497090995,0.0029254559497090995,0.0029254559497090995,0.0,0.0,0.0,0.0
279,F,7PDZ,I,279,,PHE,complete_standard_residue,True,33.46136515277268,33.46136515277268,33.46136515277268,0.1394223548032195,0.1394223548032195,0.1394223548032195,0.0,0.0,0.0,0.0
280,N,7PDZ,I,280,,ASN,complete_standard_residue,True,60.549516115892466,60.549516115892466,27.33709207398718,0.3105103390558588,0.3105103390558588,0.1401902157640368,0.0,0.0,33.21242404190529,0.17032012329182197
281,S,7PDZ,I,281,,SER,complete_standard_residue,True,0.0,0.0,0.0,0.0,0.0,0.0,0.0,0.0,0.0,0.0
282,I,7PDZ,I,282,,ILE,complete_standard_residue,True,0.37738381751247385,0.37738381751247385,0.37738381751247385,0.0019156538960024053,0.0019156538960024053,0.0019156538960024053,0.0,0.0,0.0,0.0
283,M,7PDZ,I,283,,MET,complete_standard_residue,True,71.35055905935563,71.35055905935563,52.301428228509835,0.3185292815149805,0.3185292815149805,0.23348851887727604,0.0,0.0,19.049130830845797,0.08504076263770446
284,K,7PDZ,I,284,,LYS,complete_standard_residue,True,99.77901424126114,99.77901424126114,46.94033309008233,0.4227924332256828,0.4227924332256828,0.1988997164833997,0.0,0.0,52.838681151178804,0.22389271674228306
285,C,7PDZ,I,285,,CYS,complete_standard_residue,True,9.237151575521482,9.237151575521482,9.237151575521482,0.055312284883362164,0.055312284883362164,0.055312284883362164,0.0,0.0,0.0,0.0
286,D,7PDZ,I,286,,ASP,complete_standard_residue,True,102.00348567847928,102.00348567847928,91.17728512284555,0.5285154698366802,0.5285154698366802,0.47242116643961424,0.0,0.0,10.826200555633733,0.05609430339706595
287,V,7PDZ,I,287,,VAL,complete_standard_residue,True,90.21510430484284,90.21510430484284,35.63212451859301,0.5184776109473727,0.5184776109473727,0.20478232481950007,0.0,0.0,54.58297978624983,0.31369528612787256
288,D,7PDZ,I,288,,ASP,complete_standard_residue,True,133.17537067905246,133.17537067905246,100.22195917046321,0.6900278273526035,0.6900278273526035,0.5192847625412601,0.0,0.0,32.953411508589255,0.17074306481134338
289,I,7PDZ,I,289,,ILE,complete_standard_residue,True,11.447309131211705,11.447309131211705,11.447309131211705,0.05810816817873962,0.05810816817873962,0.05810816817873962,0.0,0.0,0.0,0.0
290,R,7PDZ,I,290,,ARG,complete_standard_residue,True,60.815343287272924,60.815343287272924,27.43811391275418,0.22195380761778438,0.22195380761778438,0.10013910187136561,0.0,0.0,33.37722937451875,0.12181470574641877
291,K,7PDZ,I,291,,LYS,complete_standard_residue,True,120.15360002961668,120.15360002961668,120.15360002961668,0.509125423854308,0.509125423854308,0.509125423854308,0.0,0.0,0.0,0.0
292,D,7PDZ,I,292,,ASP,complete_standard_residue,True,62.145337846167074,62.145337846167074,62.145337846167074,0.32199656915112473,0.32199656915112473,0.32199656915112473,0.0,0.0,0.0,0.0
293,L,7PDZ,I,293,,LEU,complete_standard_residue,True,0.12579460583749127,0.12579460583749127,0.12579460583749127,0.0006258438101367725,0.0006258438101367725,0.0006258438101367725,0.0,0.0,0.0,0.0
294,Y,7PDZ,I,294,,TYR,complete_standard_residue,True,2.6823755834390606,2.6823755834390606,2.6823755834390606,0.010199146705091484,0.010199146705091484,0.010199146705091484,0.0,0.0,0.0,0.0
295,A,7PDZ,I,295,,ALA,complete_standard_residue,True,36.73875314881389,36.73875314881389,36.73875314881389,0.28479653603731697,0.28479653603731697,0.28479653603731697,0.0,0.0,0.0,0.0
296,N,7PDZ,I,296,,ASN,complete_standard_residue,True,25.16049719981281,25.16049719981281,25.16049719981281,0.12902819076827082,0.12902819076827082,0.12902819076827082,0.0,0.0,0.0,0.0
297,T,7PDZ,I,297,,THR,complete_standard_residue,True,0.8380093683695652,0.8380093683695652,0.8380093683695652,0.004872147490520728,0.004872147490520728,0.004872147490520728,0.0,0.0,0.0,0.0
298,V,7PDZ,I,298,,VAL,complete_standard_residue,True,0.7547676350249477,0.7547676350249477,0.7547676350249477,0.00433774502887901,0.00433774502887901,0.00433774502887901,0.0,0.0,0.0,0.0
299,L,7PDZ,I,299,,LEU,complete_standard_residue,True,6.000452440332015,6.000452440332015,6.000452440332015,0.029852997215582166,0.029852997215582166,0.029852997215582166,0.0,0.0,0.0,0.0
300,S,7PDZ,I,300,,SER,complete_standard_residue,True,0.0,0.0,0.0,0.0,0.0,0.0,0.0,0.0,0.0,0.0
301,G,7PDZ,I,301,,GLY,complete_standard_residue,True,11.11256588898702,11.11256588898702,11.11256588898702,0.10685159508641365,0.10685159508641365,0.10685159508641365,0.0,0.0,0.0,0.0
302,G,7PDZ,I,302,,GLY,complete_standard_residue,True,48.23089411618926,48.23089411618926,48.23089411618926,0.4637585972710506,0.4637585972710506,0.4637585972710506,0.0,0.0,0.0,0.0
303,T,7PDZ,I,303,,THR,complete_standard_residue,True,14.21469097586915,14.21469097586915,14.21469097586915,0.08264355218528575,0.08264355218528575,0.08264355218528575,0.0,0.0,0.0,0.0
304,T,7PDZ,I,304,,THR,complete_standard_residue,True,2.1385082992373516,2.1385082992373516,2.1385082992373516,0.012433187786263672,0.012433187786263672,0.012433187786263672,0.0,0.0,0.0,0.0
305,M,7PDZ,I,305,,MET,complete_standard_residue,True,56.06499601365121,56.06499601365121,56.06499601365121,0.25029016077522864,0.25029016077522864,0.25029016077522864,0.0,0.0,0.0,0.0
306,Y,7PDZ,I,306,,TYR,complete_standard_residue,True,16.807978845634036,16.807978845634036,16.807978845634036,0.06390866481229672,0.06390866481229672,0.06390866481229672,0.0,0.0,0.0,0.0
307,P,7PDZ,I,307,,PRO,complete_standard_residue,True,80.8859315535069,80.8859315535069,80.8859315535069,0.5087165506509868,0.5087165506509868,0.5087165506509868,0.0,0.0,0.0,0.0
308,G,7PDZ,I,308,,GLY,complete_standard_residue,True,32.75517308515693,32.75517308515693,32.75517308515693,0.3149535873572782,0.3149535873572782,0.3149535873572782,0.0,0.0,0.0,0.0
309,I,7PDZ,I,309,,ILE,complete_standard_residue,True,3.816478750412525,3.816478750412525,3.816478750412525,0.01937298858077424,0.01937298858077424,0.01937298858077424,0.0,0.0,0.0,0.0
310,A,7PDZ,I,310,,ALA,complete_standard_residue,True,24.290413479447025,24.290413479447025,24.290413479447025,0.18829777891044205,0.18829777891044205,0.18829777891044205,0.0,0.0,0.0,0.0
311,D,7PDZ,I,311,,ASP,complete_standard_residue,True,93.13933147172767,93.13933147172767,93.13933147172767,0.48258720969807084,0.48258720969807084,0.48258720969807084,0.0,0.0,0.0,0.0
312,R,7PDZ,I,312,,ARG,complete_standard_residue,True,12.606851344697615,12.606851344697615,12.606851344697615,0.04601040636750955,0.04601040636750955,0.04601040636750955,0.0,0.0,0.0,0.0
313,M,7PDZ,I,313,,MET,complete_standard_residue,True,0.25158921167498255,0.25158921167498255,0.25158921167498255,0.0011231661235490292,0.0011231661235490292,0.0011231661235490292,0.0,0.0,0.0,0.0
314,Q,7PDZ,I,314,,GLN,complete_standard_residue,True,53.21934138802959,53.21934138802959,53.21934138802959,0.2365304061690204,0.2365304061690204,0.2365304061690204,0.0,0.0,0.0,0.0
315,K,7PDZ,I,315,,LYS,complete_standard_residue,True,131.5367853277778,131.5367853277778,131.5367853277778,0.5573592598634652,0.5573592598634652,0.5573592598634652,0.0,0.0,0.0,0.0
316,E,7PDZ,I,316,,GLU,complete_standard_residue,True,43.66313751659115,43.66313751659115,43.66313751659115,0.19579882294435494,0.19579882294435494,0.19579882294435494,0.0,0.0,0.0,0.0
317,I,7PDZ,I,317,,ILE,complete_standard_residue,True,0.25158921167498255,0.25158921167498255,0.25158921167498255,0.0012771025973349367,0.0012771025973349367,0.0012771025973349367,0.0,0.0,0.0,0.0
318,T,7PDZ,I,318,,THR,complete_standard_residue,True,50.5742957792968,50.5742957792968,50.5742957792968,0.29403660336800463,0.29403660336800463,0.29403660336800463,0.0,0.0,0.0,0.0
319,A,7PDZ,I,319,,ALA,complete_standard_residue,True,80.49713197368943,80.49713197368943,80.49713197368943,0.6240087749898405,0.6240087749898405,0.6240087749898405,0.0,0.0,0.0,0.0
320,L,7PDZ,I,320,,LEU,complete_standard_residue,True,63.15602878173202,63.15602878173202,58.50162836574485,0.3142090984165772,0.3142090984165772,0.29105287744151664,0.0,0.0,4.654400415987169,0.023156220975060537
321,A,7PDZ,I,321,,ALA,complete_standard_residue,True,5.7204946469951174,5.7204946469951174,5.7204946469951174,0.0443449197441482,0.0443449197441482,0.0443449197441482,0.0,0.0,0.0,0.0
322,P,7PDZ,I,322,,PRO,complete_standard_residue,True,77.1286705156176,77.1286705156176,77.1286705156176,0.4850859780856453,0.4850859780856453,0.4850859780856453,0.0,0.0,0.0,0.0
323,S,7PDZ,I,323,,SER,complete_standard_residue,True,92.76483268346877,92.76483268346877,92.76483268346877,0.5984827915062502,0.5984827915062502,0.5984827915062502,0.0,0.0,0.0,0.0
324,T,7PDZ,I,324,,THR,complete_standard_residue,True,133.44871411085663,133.44871411085663,133.44871411085663,0.775864616923585,0.775864616923585,0.775864616923585,0.0,0.0,0.0,0.0
325,M,7PDZ,I,325,,MET,complete_standard_residue,True,49.4895352519388,49.4895352519388,49.4895352519388,0.22093542523186963,0.22093542523186963,0.22093542523186963,0.0,0.0,0.0,0.0
326,K,7PDZ,I,326,,LYS,complete_standard_residue,True,148.07318134249064,148.07318134249064,148.07318134249064,0.627428734502079,0.627428734502079,0.627428734502079,0.0,0.0,0.0,0.0
327,I,7PDZ,I,327,,ILE,complete_standard_residue,True,19.892367023992776,19.892367023992776,19.892367023992776,0.10097648235529327,0.10097648235529327,0.10097648235529327,0.0,0.0,0.0,0.0
328,K,7PDZ,I,328,,LYS,complete_standard_residue,True,126.52914946980874,126.52914946980874,126.52914946980874,0.5361404638551218,0.5361404638551218,0.5361404638551218,0.0,0.0,0.0,0.0
329,I,7PDZ,I,329,,ILE,complete_standard_residue,True,31.453205459723584,31.453205459723584,31.453205459723584,0.15966094141991666,0.15966094141991666,0.15966094141991666,0.0,0.0,0.0,0.0
330,I,7PDZ,I,330,,ILE,complete_standard_residue,True,30.23139426184965,30.23139426184965,30.23139426184965,0.15345885412106422,0.15345885412106422,0.15345885412106422,0.0,0.0,0.0,0.0
331,A,7PDZ,I,331,,ALA,complete_standard_residue,True,29.35876061544671,29.35876061544671,29.35876061544671,0.22758729159261015,0.22758729159261015,0.22758729159261015,0.0,0.0,0.0,0.0
332,P,7PDZ,I,332,,PRO,complete_standard_residue,True,71.548496413492,71.548496413492,71.548496413492,0.4499905434810818,0.4499905434810818,0.4499905434810818,0.0,0.0,0.0,0.0
333,P,7PDZ,I,333,,PRO,complete_standard_residue,True,107.42600157127833,107.42600157127833,107.42600157127833,0.6756352300080398,0.6756352300080398,0.6756352300080398,0.0,0.0,0.0,0.0
334,E,7PDZ,I,334,,GLU,complete_standard_residue,True,119.30716333895387,119.30716333895387,119.30716333895387,0.535009701071542,0.535009701071542,0.535009701071542,0.0,0.0,0.0,0.0
335,R,7PDZ,I,335,,ARG,complete_standard_residue,True,30.311973495420354,30.311973495420354,30.311973495420354,0.11062764049423486,0.11062764049423486,0.11062764049423486,0.0,0.0,0.0,0.0
336,K,7PDZ,I,336,,LYS,complete_standard_residue,True,111.39661602025457,111.39661602025457,111.39661602025457,0.47201955940785834,0.47201955940785834,0.47201955940785834,0.0,0.0,0.0,0.0
337,Y,7PDZ,I,337,,TYR,complete_standard_residue,True,80.67139219119323,80.67139219119323,80.67139219119323,0.3067353315254496,0.3067353315254496,0.3067353315254496,0.0,0.0,0.0,0.0
338,S,7PDZ,I,338,,SER,complete_standard_residue,True,11.07958702010596,11.07958702010596,11.07958702010596,0.07148120658132877,0.07148120658132877,0.07148120658132877,0.0,0.0,0.0,0.0
339,V,7PDZ,I,339,,VAL,complete_standard_residue,True,13.609663427686744,13.609663427686744,13.609663427686744,0.0782164564809583,0.0782164564809583,0.0782164564809583,0.0,0.0,0.0,0.0
340,W,7PDZ,I,340,,TRP,complete_standard_residue,True,3.5292520970733827,3.5292520970733827,3.5292520970733827,0.012383340691485554,0.012383340691485554,0.012383340691485554,0.0,0.0,0.0,0.0
341,I,7PDZ,I,341,,ILE,complete_standard_residue,True,22.977859995768032,22.977859995768032,22.977859995768032,0.1166388832272489,0.1166388832272489,0.1166388832272489,0.0,0.0,0.0,0.0
342,G,7PDZ,I,342,,GLY,complete_standard_residue,True,0.0,0.0,0.0,0.0,0.0,0.0,0.0,0.0,0.0,0.0
343,G,7PDZ,I,343,,GLY,complete_standard_residue,True,0.37738381751247385,0.37738381751247385,0.37738381751247385,0.003628690553004556,0.003628690553004556,0.003628690553004556,0.0,0.0,0.0,0.0
344,S,7PDZ,I,344,,SER,complete_standard_residue,True,1.592777003394513,1.592777003394513,1.592777003394513,0.010275980667061374,0.010275980667061374,0.010275980667061374,0.0,0.0,0.0,0.0
345,I,7PDZ,I,345,,ILE,complete_standard_residue,True,70.54240529317069,70.54240529317069,52.55377665840943,0.3580832755998512,0.3580832755998512,0.2667704398904032,0.0,0.0,17.988628634761255,0.09131283570944798
346,L,7PDZ,I,346,,LEU,complete_standard_residue,True,27.800607890085573,27.800607890085573,17.73703942308627,0.13831148204022672,0.13831148204022672,0.08824397722928493,0.0,0.0,10.063568466999303,0.0500675048109418
347,A,7PDZ,I,347,,ALA,complete_standard_residue,True,12.053914020705603,12.053914020705603,12.053914020705603,0.09344119395895817,0.09344119395895817,0.09344119395895817,0.0,0.0,0.0,0.0
348,S,7PDZ,I,348,,SER,complete_standard_residue,True,69.12479302416483,69.12479302416483,55.7296912117397,0.445966406607515,0.445966406607515,0.3595463949144497,0.0,0.0,13.395101812425132,0.08642001169306535
349,L,7PDZ,I,349,,LEU,complete_standard_residue,True,71.9810191090658,71.9810191090658,2.2908074750956287,0.35811452293067564,0.35811452293067564,0.011397052114903624,0.0,0.0,69.69021163397016,0.34671747081577203
350,S,7PDZ,I,350,,SER,complete_standard_residue,True,85.02757823353535,85.02757823353535,65.55604194445725,0.5485650208615184,0.5485650208615184,0.4229422060932726,0.0,0.0,19.471536289078102,0.12562281476824577
351,T,7PDZ,I,351,,THR,complete_standard_residue,True,95.6548806312795,95.6548806312795,45.33176565661272,0.5561330269260436,0.5561330269260436,0.26355677707332975,0.0,0.0,50.32311497466678,0.29257624985271385
352,F,7PDZ,I,352,,PHE,complete_standard_residue,True,17.79856227921907,17.79856227921907,2.767481328424808,0.07416067616341279,0.07416067616341279,0.011531172201770032,0.0,0.0,15.031080950794262,0.06262950396164275
353,Q,7PDZ,I,353,,GLN,complete_standard_residue,True,86.13493728404819,86.13493728404819,86.13493728404819,0.38282194348465864,0.38282194348465864,0.38282194348465864,0.0,0.0,0.0,0.0
354,Q,7PDZ,I,354,,GLN,complete_standard_residue,True,142.55187675970248,142.55187675970248,142.55187675970248,0.6335638967097889,0.6335638967097889,0.6335638967097889,0.0,0.0,0.0,0.0
355,M,7PDZ,I,355,,MET,complete_standard_residue,True,124.28393435809834,124.28393435809834,75.25938099882961,0.5548389926700819,0.5548389926700819,0.33597937945906076,0.0,0.0,49.02455335926872,0.2188596132110211
356,W,7PDZ,I,356,,TRP,complete_standard_residue,True,23.439335085638533,23.439335085638533,23.439335085638533,0.08224328100224046,0.08224328100224046,0.08224328100224046,0.0,0.0,0.0,0.0
357,I,7PDZ,I,357,,ILE,complete_standard_residue,True,29.43593776597296,29.43593776597296,29.43593776597296,0.1494210038881876,0.1494210038881876,0.1494210038881876,0.0,0.0,0.0,0.0
358,S,7PDZ,I,358,,SER,complete_standard_residue,True,45.28159049494407,45.28159049494407,45.28159049494407,0.2921392935157682,0.2921392935157682,0.2921392935157682,0.0,0.0,0.0,0.0
359,K,7PDZ,I,359,,LYS,complete_standard_residue,True,66.94275795871201,66.94275795871201,66.94275795871201,0.283655754062339,0.283655754062339,0.283655754062339,0.0,0.0,0.0,0.0
360,Q,7PDZ,I,360,,GLN,complete_standard_residue,True,111.28585262626756,111.28585262626756,111.28585262626756,0.49460378945007805,0.49460378945007805,0.49460378945007805,0.0,0.0,0.0,0.0
361,E,7PDZ,I,361,,GLU,complete_standard_residue,True,79.48227188287377,79.48227188287377,79.48227188287377,0.3564227438693891,0.3564227438693891,0.3564227438693891,0.0,0.0,0.0,0.0
362,Y,7PDZ,I,362,,TYR,complete_standard_residue,True,9.149045609551557,9.149045609551557,9.149045609551557,0.034787245663694136,0.034787245663694136,0.034787245663694136,0.0,0.0,0.0,0.0
363,D,7PDZ,I,363,,ASP,complete_standard_residue,True,89.17996130645744,89.17996130645744,89.17996130645744,0.46207233837542716,0.46207233837542716,0.46207233837542716,0.0,0.0,0.0,0.0
364,E,7PDZ,I,364,,GLU,complete_standard_residue,True,137.0499217696666,137.0499217696666,137.0499217696666,0.6145736402227202,0.6145736402227202,0.6145736402227202,0.0,0.0,0.0,0.0
365,S,7PDZ,I,365,,SER,complete_standard_residue,True,32.32289386301379,32.32289386301379,32.32289386301379,0.208534799116218,0.208534799116218,0.208534799116218,0.0,0.0,0.0,0.0
366,G,7PDZ,I,366,,GLY,complete_standard_residue,True,16.82296686058554,16.82296686058554,16.82296686058554,0.16175929673639944,0.16175929673639944,0.16175929673639944,0.0,0.0,0.0,0.0
367,P,7PDZ,I,367,,PRO,complete_standard_residue,True,43.20055894230107,43.20055894230107,43.20055894230107,0.2717016285679313,0.2717016285679313,0.2717016285679313,0.0,0.0,0.0,0.0
368,S,7PDZ,I,368,,SER,complete_standard_residue,True,60.81022510924143,60.81022510924143,60.81022510924143,0.39232403296284796,0.39232403296284796,0.39232403296284796,0.0,0.0,0.0,0.0
369,I,7PDZ,I,369,,ILE,complete_standard_residue,True,42.00607829151643,42.00607829151643,42.00607829151643,0.2132288238148042,0.2132288238148042,0.2132288238148042,0.0,0.0,0.0,0.0
370,V,7PDZ,I,370,,VAL,complete_standard_residue,True,17.108066393898813,17.108066393898813,17.108066393898813,0.09832222065459088,0.09832222065459088,0.09832222065459088,0.0,0.0,0.0,0.0
371,H,7PDZ,I,371,,HIS,complete_standard_residue,True,97.28670108637343,97.28670108637343,97.28670108637343,0.43431562984988137,0.43431562984988137,0.43431562984988137,0.0,0.0,0.0,0.0
372,R,7PDZ,I,372,,ARG,complete_standard_residue,True,214.68654331147377,214.68654331147377,137.14782819571883,0.7835275303338459,0.7835275303338459,0.5005395189624775,0.0,0.0,77.53871511575494,0.2829880113713684
373,K,7PDZ,I,373,,LYS,complete_standard_residue,True,118.57274537034253,118.57274537034253,77.40263702996471,0.5024268871624683,0.5024268871624683,0.32797727555069794,0.0,0.0,41.17010834037782,0.17444961161177036
374,C,7PDZ,I,374,,CYS,complete_standard_residue,True,21.040984349025834,21.040984349025834,21.040984349025834,0.12599391825763973,0.12599391825763973,0.12599391825763973,0.0,0.0,0.0,0.0
375,F,7PDZ,I,375,,PHE,complete_standard_residue,True,218.1541207087694,218.1541207087694,162.0497265052483,0.9089755029532058,0.9089755029532058,0.6752071937718679,0.0,0.0,56.10439420352111,0.23376830918133795
