pdb_id,partner
6vao,Cofilin-1
9qey,"Coronin-1B,Methylated-DNA--protein-cysteine methyltransferase"
9qf2,"Coronin-1B,Methylated-DNA--protein-cysteine methyltransferase"
9qfb,"Coronin-1B,Methylated-DNA--protein-cysteine methyltransferase"
9qfd,Cofilin-1
9qfe,Cofilin-1
9qfe,"Coronin-1B,Methylated-DNA--protein-cysteine methyltransferase"
9qfk,"Coronin-1B,Methylated-DNA--protein-cysteine methyltransferase"
9qfk,Cofilin-1
9qfw,Cofilin-1
9qfw,"WD repeat-containing protein 1,Methylated-DNA--protein-cysteine methyltransferase"
9q7k,Cofilin-2
9q7l,Cofilin-2
9q7m,Cofilin-2
9q7n,Cofilin-2
9y52,Cofilin-2
9y9j,Cofilin-2
9y9l,Cofilin-2
9y9m,Cofilin-2
9y9p,Cofilin-2
38jl,Cofilin (UNC-60B)
38jl,Actin-interacting protein 1
38kl,Cofilin
38kl,Actin-interacting protein 1
38km,Cofilin
38km,Actin-interacting protein 1
38kn,Cofilin
38ko,Cofilin
38ko,Actin-interacting protein 1
38kp,Cofilin
38kq,Cofilin
38kq,Actin-interacting protein 1
5yu8,Cofilin-2
9qfg,Cofilin-1
9qfg,"Coronin-1B,Methylated-DNA--protein-cysteine methyltransferase"
9qfj,Cofilin-1
9qfo,Cofilin-1
9qfq,Cofilin-1
9qfq,"WD repeat-containing protein 1,Methylated-DNA--protein-cysteine methyltransferase"
