c70,PDB_count,PDB_denominator,PDB_fraction,context_present,context_total,other_present,other_total,odds_ratio,p_value,PDB_ids,q_BH
0_7797_1,133,159,0.8364779874213837,6,29,127,130,0.0061622731941116055,3.4795380641367023e-19,12bw; 12bx; 12by; 12bz; 12rv; 3j8a; 5jlf; 5jlh; 5ogw; 5ooc; 5ood; 5ooe; 5oof; 6c1d; 6c1g; 6c1h; 6d8c; 6fhl; 6m5g; 6t1y; 6t20; 6t23; 6t24; 6t25; 6tu4; 6u96; 6upv; 6upw; 6vau; 6vec; 6wvt; 7ad9; 7ahn; 7ahq; 7aln; 7bt7; 7bti; 7jh7; 7p1g; 7pdz; 7r8v; 7r94; 7tpt; 7utj; 7uuw; 7uxf; 7z7h; 7z7i; 7ztc; 8a2r; 8a2s; 8a2t; 8a2u; 8a2y; 8a2z; 8c4c; 8c4e; 8ccn; 8cco; 8d15; 8d16; 8d17; 8d18; 8dd0; 8e9b; 8efh; 8efi; 8enc; 8f8p; 8f8q; 8f8r; 8f8s; 8f8t; 8iah; 8iai; 8ib2; 8oi8; 8ord; 8p94; 8pvx; 8r3h; 8thx; 8thy; 8uee; 8uxw; 8uxx; 8uz0; 8uz1; 8v2o; 8v2z; 8v30; 8vaa; 8vfm; 8viz; 8vkh; 8w36; 8zb7; 8zbm; 8zbn; 8zix; 9az4; 9az6; 9azp; 9azq; 9b03; 9b0k; 9b27; 9b3d; 9c21; 9dva; 9e2e; 9go5; 9gob; 9hm9; 9p1i; 9p3d; 9q7o; 9qew; 9qey; 9qf2; 9qfb; 9qfe; 9qfg; 9qfk; 9qgk; 9sgk; 9xye; 9yim; 9zbl; 9zbp; 9zzi; 9zzj; 9zzm,2.667645849171472e-18
0_7797_0,131,159,0.8238993710691824,1,29,130,130,0.0,2.541950059857552e-30,12bw; 12bx; 12by; 12bz; 12rv; 3j8a; 5jlf; 5jlh; 5ogw; 5ooc; 5ood; 5ooe; 5oof; 6c1d; 6c1g; 6c1h; 6d8c; 6fhl; 6iug; 6m5g; 6t1y; 6t20; 6t23; 6t24; 6t25; 6tu4; 6u96; 6upv; 6upw; 6vau; 6vec; 6wvt; 7ad9; 7ahn; 7ahq; 7aln; 7bt7; 7bti; 7jh7; 7p1g; 7pdz; 7r8v; 7r94; 7tpt; 7utj; 7uuw; 7uxf; 7z7h; 7z7i; 7ztc; 8a2r; 8a2s; 8a2t; 8a2u; 8a2y; 8a2z; 8c4c; 8c4e; 8ccn; 8cco; 8d15; 8d16; 8d17; 8d18; 8dd0; 8e9b; 8efh; 8efi; 8enc; 8f8p; 8f8q; 8f8r; 8f8s; 8f8t; 8iah; 8iai; 8ib2; 8oi8; 8ord; 8p94; 8pvx; 8r3h; 8thx; 8thy; 8uee; 8uxw; 8uxx; 8uz0; 8uz1; 8v2o; 8v2z; 8v30; 8vaa; 8vfm; 8viz; 8vkh; 8w36; 8zb7; 8zbm; 8zbn; 8zix; 9az4; 9az6; 9azp; 9azq; 9b03; 9b0k; 9b27; 9b3d; 9c21; 9duu; 9duv; 9dva; 9e2e; 9go5; 9gob; 9hm9; 9p1i; 9p3d; 9q7o; 9qew; 9qey; 9qgk; 9sgk; 9xye; 9yim; 9zbl; 9zbp; 9zzi; 9zzj; 9zzm,5.84648513767237e-29
0_7797_12,24,159,0.1509433962264151,24,29,0,130,inf,6.727441144067022e-24,38jl; 38kl; 38km; 38kn; 38ko; 38kp; 38kq; 5yu8; 6vao; 9q7k; 9q7l; 9q7m; 9q7n; 9qfd; 9qfe; 9qfj; 9qfo; 9qfq; 9qfw; 9y52; 9y9j; 9y9l; 9y9m; 9y9p,7.736557315677075e-23
0_7797_10,21,159,0.1320754716981132,20,29,1,130,286.6666666666667,1.5667464319273785e-17,38jl; 38kl; 38km; 38kn; 38ko; 38kp; 38kq; 5yu8; 6vao; 8f8s; 9q7k; 9q7l; 9q7m; 9q7n; 9qfq; 9qfw; 9y52; 9y9j; 9y9l; 9y9m; 9y9p,9.008791983582427e-17
0_7797_50,10,159,0.06289308176100629,10,29,0,130,inf,9.395287902176416e-09,9qf2; 9qfb; 9qfd; 9qfe; 9qfg; 9qfj; 9qfk; 9qfo; 9qfq; 9qfw,4.321832435001152e-08
0_7797_37,4,159,0.025157232704402517,0,29,4,130,0.0,1.0,8f8t; 9q7o; 9xye; 9zzj,1.0
0_7797_53,4,159,0.025157232704402517,4,29,0,130,inf,0.000926434414072067,38kl; 38ko; 9y9l; 9y9m,0.00355133192060959
0_7797_31,3,159,0.018867924528301886,1,29,2,130,2.2857142857142856,0.45576161579897745,9q7l; 9q7o; 9xye,0.9529561057614984
0_7797_56,3,159,0.018867924528301886,3,29,0,130,inf,0.005558606484432403,38ko; 38kp; 38kq,0.01826399273456361
0_7797_45,2,159,0.012578616352201259,0,29,2,130,0.0,1.0,9duu; 9duv,1.0
0_7797_57,2,159,0.012578616352201259,2,29,0,130,inf,0.03232226733540323,38kp; 38kq,0.09292651858928427
0_7797_32,1,159,0.006289308176100629,0,29,1,130,0.0,1.0,6iug,1.0
0_7797_33,1,159,0.006289308176100629,0,29,1,130,0.0,1.0,7tpt,1.0
0_7797_34,1,159,0.006289308176100629,0,29,1,130,0.0,1.0,7tpt,1.0
0_7797_35,1,159,0.006289308176100629,0,29,1,130,0.0,1.0,7tpt,1.0
0_7797_40,1,159,0.006289308176100629,0,29,1,130,0.0,1.0,9azp,1.0
0_7797_41,1,159,0.006289308176100629,0,29,1,130,0.0,1.0,9azq,1.0
0_7797_42,1,159,0.006289308176100629,0,29,1,130,0.0,1.0,9azq,1.0
0_7797_44,1,159,0.006289308176100629,0,29,1,130,0.0,1.0,8vkh,1.0
0_7797_51,1,159,0.006289308176100629,1,29,0,130,inf,0.18238993710691825,9qfg,0.41949685534591197
0_7797_52,1,159,0.006289308176100629,1,29,0,130,inf,0.18238993710691825,9y9j,0.41949685534591197
0_7797_54,1,159,0.006289308176100629,0,29,1,130,0.0,1.0,9zzm,1.0
0_7797_55,1,159,0.006289308176100629,0,29,1,130,0.0,1.0,9zzm,1.0
