pdb_id,c70,site
3j8a,0_7797_0,6685_2
3j8a,0_7797_0,6685_1
3j8a,0_7797_1,6685_3
3j8a,0_7797_1,6685_4
5jlf,0_7797_1,6685_3
5jlf,0_7797_1,6685_4
5jlf,0_7797_0,6685_1
5jlf,0_7797_0,6685_2
5jlh,0_7797_1,6685_4
5jlh,0_7797_1,6685_3
5jlh,0_7797_0,6685_1
5jlh,0_7797_0,6685_2
6c1g,0_7797_0,6685_1
6c1g,0_7797_1,6685_3
6c1g,0_7797_0,6685_2
6c1g,0_7797_1,6685_4
6c1d,0_7797_0,6685_2
6c1d,0_7797_1,6685_4
6c1d,0_7797_0,6685_1
6c1d,0_7797_1,6685_3
5yu8,0_7797_10,6685_2
5yu8,0_7797_12,6685_17
5yu8,0_7797_10,6685_1
6fhl,0_7797_0,6685_2
6fhl,0_7797_1,6685_4
6fhl,0_7797_1,6685_3
6fhl,0_7797_0,6685_1
5ooc,0_7797_0,6685_1
5ooc,0_7797_1,6685_3
5ooc,0_7797_0,6685_2
5ooe,0_7797_0,6685_2
5ooe,0_7797_1,6685_4
5ooe,0_7797_1,6685_3
5ooe,0_7797_0,6685_1
5ood,0_7797_0,6685_2
5ood,0_7797_1,6685_4
5ood,0_7797_0,6685_1
5ood,0_7797_1,6685_3
5oof,0_7797_0,6685_1
5oof,0_7797_1,6685_3
5oof,0_7797_1,6685_4
5oof,0_7797_0,6685_2
6d8c,0_7797_1,6685_3
6d8c,0_7797_0,6685_2
6d8c,0_7797_0,6685_1
6d8c,0_7797_1,6685_4
6t1y,0_7797_0,6685_2
6t1y,0_7797_1,6685_4
6t1y,0_7797_1,6685_3
6t1y,0_7797_0,6685_1
6t24,0_7797_0,6685_2
6t24,0_7797_1,6685_4
6t25,0_7797_0,6685_2
6t25,0_7797_1,6685_4
6t25,0_7797_0,6685_1
6t20,0_7797_0,6685_2
6t20,0_7797_1,6685_4
6t20,0_7797_1,6685_3
6t20,0_7797_0,6685_1
6t23,0_7797_0,6685_1
6t23,0_7797_1,6685_3
6t23,0_7797_1,6685_4
6t23,0_7797_0,6685_2
6vau,0_7797_0,6685_2
6vau,0_7797_1,6685_4
6vau,0_7797_0,6685_1
6vau,0_7797_1,6685_3
6vao,0_7797_12,6685_23
6vao,0_7797_10,6685_2
6vao,0_7797_10,6685_1
6vao,0_7797_12,6685_17
6u96,0_7797_0,6685_1
6u96,0_7797_0,6685_2
6u96,0_7797_1,6685_4
6u96,0_7797_1,6685_3
6upw,0_7797_0,6685_2
6upw,0_7797_1,6685_4
6upw,0_7797_1,6685_3
6upw,0_7797_0,6685_1
6upv,0_7797_0,6685_2
6upv,0_7797_1,6685_4
6upv,0_7797_0,6685_1
6upv,0_7797_1,6685_3
7ad9,0_7797_0,6685_1
7ad9,0_7797_1,6685_3
7ad9,0_7797_1,6685_4
7ad9,0_7797_0,6685_2
6vec,0_7797_0,6685_1
6vec,0_7797_0,6685_2
6vec,0_7797_1,6685_3
6vec,0_7797_1,6685_4
7aln,0_7797_1,6685_3
7aln,0_7797_1,6685_4
7aln,0_7797_0,6685_1
7aln,0_7797_0,6685_2
7ahq,0_7797_0,6685_1
7ahq,0_7797_1,6685_3
7ahn,0_7797_0,6685_1
7ahn,0_7797_1,6685_4
7ahn,0_7797_0,6685_2
7ahn,0_7797_1,6685_3
7bti,0_7797_0,6685_1
7bti,0_7797_1,6685_3
7bt7,0_7797_0,6685_1
7bt7,0_7797_1,6685_3
6c1h,0_7797_0,6685_2
6c1h,0_7797_1,6685_4
6iug,0_7797_0,6685_1
6iug,0_7797_32,6685_3
7jh7,0_7797_1,6685_4
7jh7,0_7797_1,6685_3
7jh7,0_7797_0,6685_2
7jh7,0_7797_0,6685_1
6m5g,0_7797_1,6685_3
6m5g,0_7797_0,6685_1
5ogw,0_7797_1,6685_3
5ogw,0_7797_1,6685_4
5ogw,0_7797_0,6685_1
5ogw,0_7797_0,6685_2
6tu4,0_7797_0,6685_2
6tu4,0_7797_1,6685_4
6tu4,0_7797_0,6685_1
6tu4,0_7797_1,6685_3
6wvt,0_7797_0,6685_1
6wvt,0_7797_0,6685_2
6wvt,0_7797_1,6685_3
6wvt,0_7797_1,6685_4
7r8v,0_7797_1,6685_4
7r8v,0_7797_0,6685_1
7r8v,0_7797_1,6685_3
7r8v,0_7797_0,6685_2
7pdz,0_7797_0,6685_1
7pdz,0_7797_1,6685_3
7p1g,0_7797_0,6685_1
7p1g,0_7797_1,6685_4
7p1g,0_7797_0,6685_2
7p1g,0_7797_1,6685_3
7tpt,0_7797_0,6685_2
7tpt,0_7797_33,6685_4
7tpt,0_7797_34,6685_115
7tpt,0_7797_35,6685_117
7tpt,0_7797_1,6685_4
7tpt,0_7797_34,6685_2
7tpt,0_7797_33,6685_117
7z7h,0_7797_0,6685_2
7z7h,0_7797_1,6685_4
7z7h,0_7797_0,6685_1
7z7i,0_7797_0,6685_2
7z7i,0_7797_1,6685_4
7z7i,0_7797_0,6685_1
7r94,0_7797_0,6685_2
7r94,0_7797_1,6685_4
7r94,0_7797_1,6685_3
7r94,0_7797_0,6685_1
8a2r,0_7797_0,6685_2
8a2r,0_7797_1,6685_3
8a2r,0_7797_0,6685_1
8a2r,0_7797_1,6685_4
8a2s,0_7797_0,6685_2
8a2s,0_7797_1,6685_3
8a2s,0_7797_0,6685_1
8a2s,0_7797_1,6685_4
8a2t,0_7797_0,6685_2
8a2t,0_7797_1,6685_3
8a2t,0_7797_0,6685_1
8a2t,0_7797_1,6685_4
8a2u,0_7797_0,6685_2
8a2u,0_7797_1,6685_3
8a2u,0_7797_0,6685_1
8a2u,0_7797_1,6685_4
8a2y,0_7797_0,6685_2
8a2y,0_7797_1,6685_3
8a2y,0_7797_0,6685_1
8a2y,0_7797_1,6685_4
8a2z,0_7797_0,6685_2
8a2z,0_7797_1,6685_3
8a2z,0_7797_0,6685_1
8a2z,0_7797_1,6685_4
8d15,0_7797_0,6685_2
8d15,0_7797_1,6685_4
8d16,0_7797_0,6685_2
8d16,0_7797_1,6685_4
8d17,0_7797_0,6685_2
8d17,0_7797_1,6685_4
8d18,0_7797_0,6685_2
8d18,0_7797_1,6685_4
8efi,0_7797_0,6685_1
8efi,0_7797_1,6685_3
8efi,0_7797_0,6685_2
8efi,0_7797_1,6685_4
8enc,0_7797_0,6685_1
8enc,0_7797_1,6685_3
8enc,0_7797_0,6685_2
8enc,0_7797_1,6685_4
8dd0,0_7797_0,6685_1
8dd0,0_7797_1,6685_3
8efh,0_7797_0,6685_1
8efh,0_7797_1,6685_4
8efh,0_7797_0,6685_2
8efh,0_7797_1,6685_3
7ztc,0_7797_0,6685_1
7ztc,0_7797_1,6685_3
7uuw,0_7797_0,6685_1
7uuw,0_7797_1,6685_3
8e9b,0_7797_0,6685_2
8e9b,0_7797_1,6685_4
8ccn,0_7797_0,6685_2
8ccn,0_7797_1,6685_4
8cco,0_7797_0,6685_2
8cco,0_7797_1,6685_4
7utj,0_7797_0,6685_1
7utj,0_7797_1,6685_3
7uxf,0_7797_0,6685_1
7uxf,0_7797_1,6685_3
8iah,0_7797_0,6685_2
8iah,0_7797_1,6685_4
8iai,0_7797_0,6685_2
8iai,0_7797_1,6685_4
8ib2,0_7797_0,6685_2
8ib2,0_7797_1,6685_4
8f8p,0_7797_0,6685_2
8f8p,0_7797_1,6685_4
8f8q,0_7797_0,6685_2
8f8q,0_7797_1,6685_4
8f8r,0_7797_0,6685_2
8f8r,0_7797_1,6685_4
8f8s,0_7797_10,6685_2
8f8s,0_7797_1,6685_4
8f8s,0_7797_0,6685_2
8f8t,0_7797_37,6685_2
8f8t,0_7797_1,6685_4
8f8t,0_7797_0,6685_2
8ord,0_7797_1,6685_3
8ord,0_7797_0,6685_1
8ord,0_7797_0,6685_2
8ord,0_7797_1,6685_4
8oi8,0_7797_0,6685_2
8oi8,0_7797_1,6685_3
8oi8,0_7797_0,6685_1
8oi8,0_7797_1,6685_4
8uee,0_7797_0,6685_2
8uee,0_7797_1,6685_4
8uee,0_7797_0,6685_1
8p94,0_7797_1,6685_3
8p94,0_7797_0,6685_1
8p94,0_7797_0,6685_2
8p94,0_7797_1,6685_4
8c4c,0_7797_0,6685_2
8c4c,0_7797_1,6685_4
8c4e,0_7797_0,6685_2
8c4e,0_7797_1,6685_4
8uxw,0_7797_0,6685_2
8uxw,0_7797_1,6685_4
8uxx,0_7797_0,6685_2
8uxx,0_7797_1,6685_4
8uz0,0_7797_0,6685_2
8uz0,0_7797_1,6685_4
8uz1,0_7797_0,6685_2
8uz1,0_7797_1,6685_4
8v2o,0_7797_0,6685_2
8v2o,0_7797_1,6685_4
8v2z,0_7797_0,6685_2
8v2z,0_7797_1,6685_4
8v30,0_7797_0,6685_2
8v30,0_7797_1,6685_4
9az4,0_7797_0,6685_2
9az4,0_7797_1,6685_4
9azp,0_7797_0,6685_2
9azp,0_7797_1,6685_4
9azp,0_7797_40,6685_4
9azq,0_7797_0,6685_2
9azq,0_7797_1,6685_4
9azq,0_7797_41,6685_4
9azq,0_7797_42,6685_216
9b03,0_7797_0,6685_2
9b03,0_7797_1,6685_4
9b0k,0_7797_0,6685_2
9b0k,0_7797_1,6685_4
9b27,0_7797_0,6685_2
9b27,0_7797_1,6685_4
9b3d,0_7797_0,6685_2
9b3d,0_7797_1,6685_4
8pvx,0_7797_0,6685_1
8pvx,0_7797_1,6685_4
8pvx,0_7797_0,6685_2
8pvx,0_7797_1,6685_3
8thx,0_7797_0,6685_2
8thx,0_7797_1,6685_4
8thy,0_7797_0,6685_2
8thy,0_7797_1,6685_4
8viz,0_7797_0,6685_2
8viz,0_7797_1,6685_4
8vkh,0_7797_0,6685_2
8vkh,0_7797_1,6685_4
8vkh,0_7797_44,6685_2
9duu,0_7797_0,6685_1
9duu,0_7797_45,6685_3
9duv,0_7797_0,6685_1
9duv,0_7797_45,6685_3
9dva,0_7797_1,6685_3
9dva,0_7797_0,6685_1
9dva,0_7797_0,6685_2
9c21,0_7797_1,6685_4
9c21,0_7797_0,6685_2
9c21,0_7797_0,6685_1
8vaa,0_7797_0,6685_2
8vaa,0_7797_1,6685_4
8vfm,0_7797_0,6685_1
8vfm,0_7797_1,6685_3
8vfm,0_7797_0,6685_2
8vfm,0_7797_1,6685_4
9go5,0_7797_0,6685_2
9go5,0_7797_0,6685_1
9go5,0_7797_1,6685_3
9go5,0_7797_1,6685_4
9gob,0_7797_0,6685_2
9gob,0_7797_1,6685_3
9gob,0_7797_0,6685_1
9gob,0_7797_1,6685_4
9hm9,0_7797_0,6685_2
9hm9,0_7797_1,6685_3
9hm9,0_7797_0,6685_1
9hm9,0_7797_1,6685_4
8zb7,0_7797_0,6685_1
8zb7,0_7797_1,6685_3
8zb7,0_7797_0,6685_2
8zb7,0_7797_1,6685_4
8zbm,0_7797_0,6685_1
8zbm,0_7797_1,6685_4
8zbm,0_7797_0,6685_2
8zbn,0_7797_0,6685_1
8zbn,0_7797_1,6685_3
8zbn,0_7797_1,6685_4
8zbn,0_7797_0,6685_2
8zix,0_7797_1,6685_3
8zix,0_7797_0,6685_1
9az6,0_7797_0,6685_2
9az6,0_7797_1,6685_4
8w36,0_7797_0,6685_2
8w36,0_7797_1,6685_3
8w36,0_7797_0,6685_1
8w36,0_7797_1,6685_4
8r3h,0_7797_0,6685_2
8r3h,0_7797_0,6685_1
8r3h,0_7797_1,6685_4
8r3h,0_7797_1,6685_3
9e2e,0_7797_0,6685_1
9e2e,0_7797_1,6685_3
9p1i,0_7797_0,6685_1
9p1i,0_7797_1,6685_4
9p1i,0_7797_0,6685_2
9p1i,0_7797_1,6685_3
9p3d,0_7797_0,6685_2
9p3d,0_7797_1,6685_4
9qew,0_7797_0,6685_2
9qew,0_7797_1,6685_3
9qew,0_7797_0,6685_1
9qew,0_7797_1,6685_4
9qey,0_7797_0,6685_2
9qey,0_7797_1,6685_4
9qf2,0_7797_50,6685_2
9qf2,0_7797_1,6685_3
9qf2,0_7797_50,6685_1
9qf2,0_7797_1,6685_4
9qfb,0_7797_50,6685_2
9qfb,0_7797_1,6685_4
9qfd,0_7797_50,6685_2
9qfd,0_7797_12,6685_17
9qfe,0_7797_50,6685_2
9qfe,0_7797_12,6685_17
9qfe,0_7797_1,6685_4
9qfg,0_7797_50,6685_2
9qfg,0_7797_51,6685_17
9qfg,0_7797_1,6685_4
9qfj,0_7797_50,6685_2
9qfj,0_7797_12,6685_17
9qfk,0_7797_50,6685_2
9qfk,0_7797_1,6685_4
9qfo,0_7797_50,6685_2
9qfo,0_7797_12,6685_17
9qfq,0_7797_50,6685_2
9qfq,0_7797_12,6685_17
9qfq,0_7797_10,6685_2
9qfw,0_7797_10,6685_2
9qfw,0_7797_12,6685_17
9qfw,0_7797_50,6685_2
9zbl,0_7797_0,6685_1
9zbl,0_7797_1,6685_3
9zbp,0_7797_0,6685_1
9zbp,0_7797_1,6685_3
9q7k,0_7797_10,6685_2
9q7k,0_7797_12,6685_17
9q7l,0_7797_10,6685_2
9q7l,0_7797_12,6685_17
9q7l,0_7797_10,6685_216
9q7l,0_7797_31,6685_2
9q7m,0_7797_10,6685_2
9q7m,0_7797_12,6685_17
9q7n,0_7797_10,6685_2
9q7n,0_7797_12,6685_17
9q7n,0_7797_12,6685_275
9q7o,0_7797_31,6685_2
9q7o,0_7797_1,6685_4
9q7o,0_7797_37,6685_2
9q7o,0_7797_0,6685_2
9xye,0_7797_31,6685_2
9xye,0_7797_1,6685_4
9xye,0_7797_37,6685_2
9xye,0_7797_0,6685_2
9y52,0_7797_10,6685_2
9y52,0_7797_12,6685_275
9y9j,0_7797_52,6685_216
9y9j,0_7797_12,6685_275
9y9j,0_7797_10,6685_216
9y9j,0_7797_10,6685_2
9y9l,0_7797_10,6685_2
9y9l,0_7797_12,6685_275
9y9l,0_7797_10,6685_216
9y9l,0_7797_53,6685_216
9y9m,0_7797_53,6685_2
9y9m,0_7797_12,6685_275
9y9m,0_7797_10,6685_2
9y9m,0_7797_53,6685_216
9y9p,0_7797_10,6685_2
9y9p,0_7797_12,6685_275
9yim,0_7797_0,6685_2
9yim,0_7797_1,6685_4
9qgk,0_7797_0,6685_2
9qgk,0_7797_0,6685_1
9qgk,0_7797_1,6685_4
9qgk,0_7797_1,6685_3
9sgk,0_7797_0,6685_2
9sgk,0_7797_0,6685_1
9sgk,0_7797_1,6685_4
9sgk,0_7797_1,6685_3
9zzi,0_7797_0,6685_2
9zzi,0_7797_1,6685_4
9zzj,0_7797_37,6685_115
9zzj,0_7797_1,6685_4
9zzj,0_7797_0,6685_2
9zzm,0_7797_54,6685_216
9zzm,0_7797_1,6685_4
9zzm,0_7797_0,6685_2
9zzm,0_7797_55,6685_283
12bw,0_7797_0,6685_2
12bw,0_7797_1,6685_4
12bx,0_7797_0,6685_2
12bx,0_7797_1,6685_4
12by,0_7797_0,6685_2
12by,0_7797_1,6685_4
12bz,0_7797_0,6685_2
12bz,0_7797_1,6685_4
12rv,0_7797_0,6685_2
12rv,0_7797_1,6685_4
12rv,0_7797_1,6685_3
12rv,0_7797_0,6685_1
38jl,0_7797_10,6685_2
38jl,0_7797_12,6685_275
38kl,0_7797_53,6685_2
38kl,0_7797_12,6685_275
38kl,0_7797_10,6685_2
38kl,0_7797_10,6685_293
38km,0_7797_10,6685_293
38km,0_7797_12,6685_275
38kn,0_7797_10,6685_293
38kn,0_7797_12,6685_275
38ko,0_7797_53,6685_293
38ko,0_7797_12,6685_275
38ko,0_7797_10,6685_293
38ko,0_7797_56,6685_293
38kp,0_7797_57,6685_293
38kp,0_7797_12,6685_275
38kp,0_7797_56,6685_293
38kp,0_7797_10,6685_293
38kq,0_7797_57,6685_293
38kq,0_7797_12,6685_275
38kq,0_7797_10,6685_293
38kq,0_7797_56,6685_293
5yu8,0_7797_12,6685_23
5ooc,0_7797_1,6685_4
6t24,0_7797_0,6685_1
6t24,0_7797_1,6685_3
6t25,0_7797_1,6685_3
7ahq,0_7797_0,6685_2
7ahq,0_7797_1,6685_4
7bti,0_7797_0,6685_2
7bti,0_7797_1,6685_4
7bt7,0_7797_0,6685_2
7bt7,0_7797_1,6685_4
6c1h,0_7797_0,6685_1
6c1h,0_7797_1,6685_3
6iug,0_7797_0,6685_2
6iug,0_7797_32,6685_4
6m5g,0_7797_1,6685_4
6m5g,0_7797_0,6685_2
7pdz,0_7797_0,6685_2
7pdz,0_7797_1,6685_4
7tpt,0_7797_0,6685_109
7tpt,0_7797_33,6685_3
7tpt,0_7797_0,6685_1
7tpt,0_7797_34,6685_116
7tpt,0_7797_35,6685_3
7tpt,0_7797_1,6685_3
7z7h,0_7797_1,6685_3
7z7i,0_7797_1,6685_3
8d15,0_7797_0,6685_1
8d15,0_7797_1,6685_3
8d16,0_7797_0,6685_1
8d16,0_7797_1,6685_3
8d17,0_7797_0,6685_1
8d17,0_7797_1,6685_3
8d18,0_7797_0,6685_1
8d18,0_7797_1,6685_3
8dd0,0_7797_0,6685_2
8dd0,0_7797_1,6685_4
7ztc,0_7797_0,6685_2
7ztc,0_7797_1,6685_4
7uuw,0_7797_0,6685_2
7uuw,0_7797_1,6685_4
8e9b,0_7797_0,6685_1
8e9b,0_7797_1,6685_3
8e9b,0_7797_0,6685_109
8ccn,0_7797_0,6685_1
8ccn,0_7797_1,6685_3
8cco,0_7797_0,6685_1
8cco,0_7797_1,6685_3
7utj,0_7797_0,6685_2
7utj,0_7797_1,6685_4
7uxf,0_7797_0,6685_2
7uxf,0_7797_1,6685_4
8iah,0_7797_0,6685_1
8iah,0_7797_1,6685_3
8iai,0_7797_0,6685_1
8iai,0_7797_1,6685_3
8ib2,0_7797_0,6685_1
8ib2,0_7797_1,6685_3
8f8p,0_7797_0,6685_1
8f8p,0_7797_1,6685_3
8f8q,0_7797_0,6685_1
8f8q,0_7797_1,6685_3
8f8r,0_7797_0,6685_1
8f8r,0_7797_1,6685_3
8f8s,0_7797_10,6685_1
8f8s,0_7797_1,6685_3
8f8s,0_7797_0,6685_1
8f8t,0_7797_37,6685_171
8f8t,0_7797_1,6685_3
8f8t,0_7797_0,6685_1
8ord,0_7797_0,6685_109
8uee,0_7797_1,6685_3
8p94,0_7797_0,6685_109
8c4c,0_7797_0,6685_1
8c4c,0_7797_1,6685_3
8c4e,0_7797_0,6685_1
8c4e,0_7797_1,6685_3
8uxw,0_7797_0,6685_1
8uxw,0_7797_1,6685_3
8uxw,0_7797_0,6685_109
8uxx,0_7797_0,6685_1
8uxx,0_7797_1,6685_3
8uxx,0_7797_0,6685_109
8uz0,0_7797_0,6685_1
8uz0,0_7797_1,6685_3
8uz1,0_7797_0,6685_109
8uz1,0_7797_1,6685_3
8uz1,0_7797_0,6685_1
8v2o,0_7797_0,6685_1
8v2o,0_7797_1,6685_3
8v2z,0_7797_0,6685_1
8v2z,0_7797_1,6685_3
8v30,0_7797_0,6685_1
8v30,0_7797_1,6685_3
9az4,0_7797_0,6685_1
9az4,0_7797_1,6685_3
9azp,0_7797_0,6685_1
9azp,0_7797_1,6685_3
9azp,0_7797_40,6685_3
9azq,0_7797_0,6685_1
9azq,0_7797_1,6685_3
9azq,0_7797_41,6685_3
9azq,0_7797_42,6685_1
9b03,0_7797_0,6685_1
9b03,0_7797_1,6685_3
9b0k,0_7797_0,6685_1
9b0k,0_7797_1,6685_3
9b27,0_7797_0,6685_1
9b27,0_7797_1,6685_3
9b3d,0_7797_0,6685_109
9b3d,0_7797_1,6685_3
9b3d,0_7797_0,6685_1
8thx,0_7797_0,6685_1
8thx,0_7797_1,6685_3
8thy,0_7797_0,6685_1
8thy,0_7797_1,6685_3
8viz,0_7797_0,6685_1
8viz,0_7797_1,6685_3
8vkh,0_7797_0,6685_109
8vkh,0_7797_1,6685_3
8vkh,0_7797_0,6685_1
8vkh,0_7797_44,6685_1
9duu,0_7797_0,6685_2
9duu,0_7797_45,6685_4
9duv,0_7797_0,6685_2
9duv,0_7797_45,6685_4
9dva,0_7797_1,6685_4
9c21,0_7797_1,6685_3
9c21,0_7797_0,6685_109
8vaa,0_7797_0,6685_1
8vaa,0_7797_1,6685_3
8zbm,0_7797_1,6685_3
8zix,0_7797_1,6685_4
8zix,0_7797_0,6685_2
9az6,0_7797_0,6685_1
9az6,0_7797_1,6685_3
9e2e,0_7797_0,6685_2
9e2e,0_7797_1,6685_4
9p3d,0_7797_0,6685_1
9p3d,0_7797_1,6685_3
9p3d,0_7797_0,6685_109
9qey,0_7797_0,6685_1
9qey,0_7797_1,6685_3
9qf2,0_7797_50,6685_109
9qfb,0_7797_50,6685_109
9qfb,0_7797_1,6685_3
9qfd,0_7797_50,6685_1
9qfd,0_7797_12,6685_23
9qfe,0_7797_50,6685_1
9qfe,0_7797_12,6685_23
9qfe,0_7797_1,6685_3
9qfg,0_7797_50,6685_1
9qfg,0_7797_51,6685_23
9qfg,0_7797_1,6685_3
9qfj,0_7797_50,6685_1
9qfj,0_7797_12,6685_23
9qfk,0_7797_50,6685_1
9qfk,0_7797_1,6685_3
9qfk,0_7797_50,6685_109
9qfo,0_7797_50,6685_1
9qfo,0_7797_12,6685_23
9qfq,0_7797_50,6685_1
9qfq,0_7797_12,6685_23
9qfq,0_7797_10,6685_1
9qfw,0_7797_10,6685_1
9qfw,0_7797_12,6685_23
9qfw,0_7797_50,6685_1
9qfw,0_7797_10,6685_109
9zbl,0_7797_0,6685_2
9zbl,0_7797_1,6685_4
9zbp,0_7797_0,6685_2
9zbp,0_7797_1,6685_4
9q7k,0_7797_10,6685_1
9q7k,0_7797_12,6685_23
9q7l,0_7797_10,6685_274
9q7l,0_7797_12,6685_23
9q7l,0_7797_31,6685_274
9q7m,0_7797_10,6685_274
9q7m,0_7797_12,6685_23
9q7n,0_7797_10,6685_274
9q7n,0_7797_12,6685_23
9q7o,0_7797_31,6685_274
9q7o,0_7797_1,6685_3
9q7o,0_7797_37,6685_1
9q7o,0_7797_0,6685_1
9xye,0_7797_31,6685_274
9xye,0_7797_1,6685_3
9xye,0_7797_37,6685_1
9xye,0_7797_0,6685_1
9y52,0_7797_10,6685_274
9y52,0_7797_12,6685_23
9y9j,0_7797_52,6685_277
9y9j,0_7797_12,6685_23
9y9j,0_7797_10,6685_274
9y9l,0_7797_10,6685_274
9y9l,0_7797_12,6685_23
9y9l,0_7797_53,6685_274
9y9m,0_7797_53,6685_274
9y9m,0_7797_12,6685_23
9y9m,0_7797_10,6685_274
9y9p,0_7797_10,6685_274
9y9p,0_7797_12,6685_23
9yim,0_7797_0,6685_1
9yim,0_7797_1,6685_3
9zzi,0_7797_0,6685_1
9zzi,0_7797_1,6685_3
9zzj,0_7797_37,6685_171
9zzj,0_7797_1,6685_3
9zzj,0_7797_0,6685_1
9zzm,0_7797_54,6685_171
9zzm,0_7797_1,6685_3
9zzm,0_7797_0,6685_1
9zzm,0_7797_55,6685_284
12bw,0_7797_0,6685_1
12bw,0_7797_1,6685_3
12bx,0_7797_0,6685_1
12bx,0_7797_1,6685_3
12by,0_7797_0,6685_1
12by,0_7797_1,6685_3
12bz,0_7797_0,6685_1
12bz,0_7797_1,6685_3
38jl,0_7797_10,6685_274
38jl,0_7797_12,6685_23
38kl,0_7797_53,6685_274
38kl,0_7797_12,6685_23
38kl,0_7797_10,6685_274
38km,0_7797_10,6685_274
38km,0_7797_12,6685_23
38kn,0_7797_10,6685_274
38kn,0_7797_12,6685_23
38ko,0_7797_53,6685_274
38ko,0_7797_12,6685_23
38ko,0_7797_10,6685_274
38ko,0_7797_56,6685_274
38kp,0_7797_57,6685_294
38kp,0_7797_12,6685_23
38kp,0_7797_56,6685_274
38kp,0_7797_10,6685_274
38kq,0_7797_57,6685_274
38kq,0_7797_12,6685_23
38kq,0_7797_10,6685_274
38kq,0_7797_56,6685_274
38kq,0_7797_57,6685_294
38kq,0_7797_56,6685_294
