site,PDB_count,PDB_denominator,PDB_fraction,context_present,context_total,other_present,other_total,odds_ratio,p_value,PDB_ids,q_BH
6685_2,154,159,0.9685534591194969,24,29,130,130,0.0,0.0001494249054954947,12bw; 12bx; 12by; 12bz; 12rv; 38jl; 38kl; 3j8a; 5jlf; 5jlh; 5ogw; 5ooc; 5ood; 5ooe; 5oof; 5yu8; 6c1d; 6c1g; 6c1h; 6d8c; 6fhl; 6iug; 6m5g; 6t1y; 6t20; 6t23; 6t24; 6t25; 6tu4; 6u96; 6upv; 6upw; 6vao; 6vau; 6vec; 6wvt; 7ad9; 7ahn; 7ahq; 7aln; 7bt7; 7bti; 7jh7; 7p1g; 7pdz; 7r8v; 7r94; 7tpt; 7utj; 7uuw; 7uxf; 7z7h; 7z7i; 7ztc; 8a2r; 8a2s; 8a2t; 8a2u; 8a2y; 8a2z; 8c4c; 8c4e; 8ccn; 8cco; 8d15; 8d16; 8d17; 8d18; 8dd0; 8e9b; 8efh; 8efi; 8enc; 8f8p; 8f8q; 8f8r; 8f8s; 8f8t; 8iah; 8iai; 8ib2; 8oi8; 8ord; 8p94; 8pvx; 8r3h; 8thx; 8thy; 8uee; 8uxw; 8uxx; 8uz0; 8uz1; 8v2o; 8v2z; 8v30; 8vaa; 8vfm; 8viz; 8vkh; 8w36; 8zb7; 8zbm; 8zbn; 8zix; 9az4; 9az6; 9azp; 9azq; 9b03; 9b0k; 9b27; 9b3d; 9c21; 9duu; 9duv; 9dva; 9e2e; 9go5; 9gob; 9hm9; 9p1i; 9p3d; 9q7k; 9q7l; 9q7m; 9q7n; 9q7o; 9qew; 9qey; 9qf2; 9qfb; 9qfd; 9qfe; 9qfg; 9qfj; 9qfk; 9qfo; 9qfq; 9qfw; 9qgk; 9sgk; 9xye; 9y52; 9y9j; 9y9l; 9y9m; 9y9p; 9yim; 9zbl; 9zbp; 9zzi; 9zzj; 9zzm,0.0003154525782682666
6685_1,143,159,0.89937106918239,13,29,130,130,0.0,1.8572729304751503e-14,12bw; 12bx; 12by; 12bz; 12rv; 3j8a; 5jlf; 5jlh; 5ogw; 5ooc; 5ood; 5ooe; 5oof; 5yu8; 6c1d; 6c1g; 6c1h; 6d8c; 6fhl; 6iug; 6m5g; 6t1y; 6t20; 6t23; 6t24; 6t25; 6tu4; 6u96; 6upv; 6upw; 6vao; 6vau; 6vec; 6wvt; 7ad9; 7ahn; 7ahq; 7aln; 7bt7; 7bti; 7jh7; 7p1g; 7pdz; 7r8v; 7r94; 7tpt; 7utj; 7uuw; 7uxf; 7z7h; 7z7i; 7ztc; 8a2r; 8a2s; 8a2t; 8a2u; 8a2y; 8a2z; 8c4c; 8c4e; 8ccn; 8cco; 8d15; 8d16; 8d17; 8d18; 8dd0; 8e9b; 8efh; 8efi; 8enc; 8f8p; 8f8q; 8f8r; 8f8s; 8f8t; 8iah; 8iai; 8ib2; 8oi8; 8ord; 8p94; 8pvx; 8r3h; 8thx; 8thy; 8uee; 8uxw; 8uxx; 8uz0; 8uz1; 8v2o; 8v2z; 8v30; 8vaa; 8vfm; 8viz; 8vkh; 8w36; 8zb7; 8zbm; 8zbn; 8zix; 9az4; 9az6; 9azp; 9azq; 9b03; 9b0k; 9b27; 9b3d; 9c21; 9duu; 9duv; 9dva; 9e2e; 9go5; 9gob; 9hm9; 9p1i; 9p3d; 9q7k; 9q7o; 9qew; 9qey; 9qf2; 9qfd; 9qfe; 9qfg; 9qfj; 9qfk; 9qfo; 9qfq; 9qfw; 9qgk; 9sgk; 9xye; 9yim; 9zbl; 9zbp; 9zzi; 9zzj; 9zzm,8.822046419756964e-14
6685_3,136,159,0.8553459119496856,6,29,130,130,0.0,1.5248866593218584e-22,12bw; 12bx; 12by; 12bz; 12rv; 3j8a; 5jlf; 5jlh; 5ogw; 5ooc; 5ood; 5ooe; 5oof; 6c1d; 6c1g; 6c1h; 6d8c; 6fhl; 6iug; 6m5g; 6t1y; 6t20; 6t23; 6t24; 6t25; 6tu4; 6u96; 6upv; 6upw; 6vau; 6vec; 6wvt; 7ad9; 7ahn; 7ahq; 7aln; 7bt7; 7bti; 7jh7; 7p1g; 7pdz; 7r8v; 7r94; 7tpt; 7utj; 7uuw; 7uxf; 7z7h; 7z7i; 7ztc; 8a2r; 8a2s; 8a2t; 8a2u; 8a2y; 8a2z; 8c4c; 8c4e; 8ccn; 8cco; 8d15; 8d16; 8d17; 8d18; 8dd0; 8e9b; 8efh; 8efi; 8enc; 8f8p; 8f8q; 8f8r; 8f8s; 8f8t; 8iah; 8iai; 8ib2; 8oi8; 8ord; 8p94; 8pvx; 8r3h; 8thx; 8thy; 8uee; 8uxw; 8uxx; 8uz0; 8uz1; 8v2o; 8v2z; 8v30; 8vaa; 8vfm; 8viz; 8vkh; 8w36; 8zb7; 8zbm; 8zbn; 8zix; 9az4; 9az6; 9azp; 9azq; 9b03; 9b0k; 9b27; 9b3d; 9c21; 9duu; 9duv; 9dva; 9e2e; 9go5; 9gob; 9hm9; 9p1i; 9p3d; 9q7o; 9qew; 9qey; 9qf2; 9qfb; 9qfe; 9qfg; 9qfk; 9qgk; 9sgk; 9xye; 9yim; 9zbl; 9zbp; 9zzi; 9zzj; 9zzm,9.657615509038438e-22
6685_4,136,159,0.8553459119496856,6,29,130,130,0.0,1.5248866593218584e-22,12bw; 12bx; 12by; 12bz; 12rv; 3j8a; 5jlf; 5jlh; 5ogw; 5ooc; 5ood; 5ooe; 5oof; 6c1d; 6c1g; 6c1h; 6d8c; 6fhl; 6iug; 6m5g; 6t1y; 6t20; 6t23; 6t24; 6t25; 6tu4; 6u96; 6upv; 6upw; 6vau; 6vec; 6wvt; 7ad9; 7ahn; 7ahq; 7aln; 7bt7; 7bti; 7jh7; 7p1g; 7pdz; 7r8v; 7r94; 7tpt; 7utj; 7uuw; 7uxf; 7z7h; 7z7i; 7ztc; 8a2r; 8a2s; 8a2t; 8a2u; 8a2y; 8a2z; 8c4c; 8c4e; 8ccn; 8cco; 8d15; 8d16; 8d17; 8d18; 8dd0; 8e9b; 8efh; 8efi; 8enc; 8f8p; 8f8q; 8f8r; 8f8s; 8f8t; 8iah; 8iai; 8ib2; 8oi8; 8ord; 8p94; 8pvx; 8r3h; 8thx; 8thy; 8uee; 8uxw; 8uxx; 8uz0; 8uz1; 8v2o; 8v2z; 8v30; 8vaa; 8vfm; 8viz; 8vkh; 8w36; 8zb7; 8zbm; 8zbn; 8zix; 9az4; 9az6; 9azp; 9azq; 9b03; 9b0k; 9b27; 9b3d; 9c21; 9duu; 9duv; 9dva; 9e2e; 9go5; 9gob; 9hm9; 9p1i; 9p3d; 9q7o; 9qew; 9qey; 9qf2; 9qfb; 9qfe; 9qfg; 9qfk; 9qgk; 9sgk; 9xye; 9yim; 9zbl; 9zbp; 9zzi; 9zzj; 9zzm,9.657615509038438e-22
6685_23,25,159,0.15723270440251572,25,29,0,130,inf,2.491644868172971e-25,38jl; 38kl; 38km; 38kn; 38ko; 38kp; 38kq; 5yu8; 6vao; 9q7k; 9q7l; 9q7m; 9q7n; 9qfd; 9qfe; 9qfg; 9qfj; 9qfo; 9qfq; 9qfw; 9y52; 9y9j; 9y9l; 9y9m; 9y9p,4.734125249528645e-24
6685_274,17,159,0.1069182389937107,15,29,2,130,68.57142857142857,2.144716067000766e-11,38jl; 38kl; 38km; 38kn; 38ko; 38kp; 38kq; 9q7l; 9q7m; 9q7n; 9q7o; 9xye; 9y52; 9y9j; 9y9l; 9y9m; 9y9p,5.821372181859221e-11
6685_109,15,159,0.09433962264150944,4,29,11,130,1.730909090909091,0.4790207523726581,7tpt; 8e9b; 8ord; 8p94; 8uxw; 8uxx; 8uz1; 8vkh; 9b3d; 9c21; 9p3d; 9qf2; 9qfb; 9qfk; 9qfw,0.7001072534677312
6685_17,13,159,0.08176100628930817,13,29,0,130,inf,1.6850771973496682e-11,5yu8; 6vao; 9q7k; 9q7l; 9q7m; 9q7n; 9qfd; 9qfe; 9qfg; 9qfj; 9qfo; 9qfq; 9qfw,5.3360777916072834e-11
6685_275,13,159,0.08176100628930817,13,29,0,130,inf,1.6850771973496682e-11,38jl; 38kl; 38km; 38kn; 38ko; 38kp; 38kq; 9q7n; 9y52; 9y9j; 9y9l; 9y9m; 9y9p,5.3360777916072834e-11
6685_216,6,159,0.03773584905660377,4,29,2,130,10.24,0.010543188461779516,9azq; 9q7l; 9y9j; 9y9l; 9y9m; 9zzm,0.02003205807738108
6685_293,6,159,0.03773584905660377,6,29,0,130,inf,2.3286998259038132e-05,38kl; 38km; 38kn; 38ko; 38kp; 38kq,5.5306620865215565e-05
6685_171,3,159,0.018867924528301886,0,29,3,130,0.0,1.0,8f8t; 9zzj; 9zzm,1.0
6685_115,2,159,0.012578616352201259,0,29,2,130,0.0,1.0,7tpt; 9zzj,1.0
6685_294,2,159,0.012578616352201259,2,29,0,130,inf,0.03232226733540323,38kp; 38kq,0.05582937085206012
6685_116,1,159,0.006289308176100629,0,29,1,130,0.0,1.0,7tpt,1.0
6685_117,1,159,0.006289308176100629,0,29,1,130,0.0,1.0,7tpt,1.0
6685_277,1,159,0.006289308176100629,1,29,0,130,inf,0.18238993710691825,9y9j,0.2887840670859539
6685_283,1,159,0.006289308176100629,0,29,1,130,0.0,1.0,9zzm,1.0
6685_284,1,159,0.006289308176100629,0,29,1,130,0.0,1.0,9zzm,1.0
