abp,uniprot,scores_available,diagnostic,last_attempt_utc,job_id,saved_job_state,score_file,positions,complete_positions,submitted_query_checked,origin
Actin-interacting protein 1,Q11176,False,The downloaded alignment (MSA) is empty; no variant scores were produced. Check alignment retrieval or provide a valid MSA before retrying.,2026-10-02T11:03:59.406106+00:00,20261002110359,submitted,,0,0,False,External ProteoCast result; this report checks the installed files only
Actin-related protein 2,A7MB62,True,Complete score grid; sequence reconstructed from mutation labels; submitted query unavailable.,2026-10-01T13:29:51.980908+00:00,20261001132940,failed,data/proteocast/abp/Actin_related_protein_2/4.query_ProteoCast.csv,394,394,False,External ProteoCast result; this report checks the installed files only
Actin-related protein 2/3 complex subunit 1,P78774,True,Complete score grid; sequence reconstructed from mutation labels; submitted query unavailable.,2026-10-01T13:30:03.432522+00:00,20261001132952,failed,data/proteocast/abp/Actin_related_protein_2_3_complex_subunit_1/4.query_ProteoCast.csv,377,377,False,External ProteoCast result; this report checks the installed files only
Actin-related protein 2/3 complex subunit 1B,Q58CQ2,True,Complete score grid; sequence reconstructed from mutation labels; submitted query unavailable.,2026-10-01T13:30:14.689130+00:00,20261001133003,failed,data/proteocast/abp/Actin_related_protein_2_3_complex_subunit_1B/4.query_ProteoCast.csv,372,372,False,External ProteoCast result; this report checks the installed files only
Actin-related protein 2/3 complex subunit 2,Q3MHR7,True,Complete score grid; sequence reconstructed from mutation labels; submitted query unavailable.,2026-10-01T13:30:25.951077+00:00,20261001133014,failed,data/proteocast/abp/Actin_related_protein_2_3_complex_subunit_2/4.query_ProteoCast.csv,300,300,False,External ProteoCast result; this report checks the installed files only
Actin-related protein 2/3 complex subunit 3,Q3T035,True,Complete score grid; sequence reconstructed from mutation labels; submitted query unavailable.,2026-10-01T13:30:37.147668+00:00,20261001133026,failed,data/proteocast/abp/Actin_related_protein_2_3_complex_subunit_3/4.query_ProteoCast.csv,178,178,False,External ProteoCast result; this report checks the installed files only
Actin-related protein 2/3 complex subunit 4,Q148J6,True,Complete score grid; sequence reconstructed from mutation labels; submitted query unavailable.,2026-10-01T13:30:48.353413+00:00,20261001133037,failed,data/proteocast/abp/Actin_related_protein_2_3_complex_subunit_4/4.query_ProteoCast.csv,168,168,False,External ProteoCast result; this report checks the installed files only
Actin-related protein 2/3 complex subunit 5-like protein,Q9BPX5,True,Complete score grid; sequence reconstructed from mutation labels; submitted query unavailable.,2026-10-01T13:30:59.855883+00:00,20261001133048,failed,data/proteocast/abp/Actin_related_protein_2_3_complex_subunit_5_like_p/4.query_ProteoCast.csv,153,153,False,External ProteoCast result; this report checks the installed files only
Actin-related protein 3,P61157,True,Complete score grid; sequence reconstructed from mutation labels; submitted query unavailable.,2026-10-01T13:31:11.297590+00:00,20261001133059,failed,data/proteocast/abp/Actin_related_protein_3/4.query_ProteoCast.csv,418,418,False,External ProteoCast result; this report checks the installed files only
Adducin 1,A0A8D1Q0D0,True,Complete score grid; sequence reconstructed from mutation labels; submitted query unavailable.,2026-10-01T13:31:22.888940+00:00,20261001133111,failed,data/proteocast/abp/Adducin_1/4.query_ProteoCast.csv,754,754,False,External ProteoCast result; this report checks the installed files only
Adenylyl cyclase-associated protein 1,Q01518,True,Complete score grid; sequence reconstructed from mutation labels; submitted query unavailable.,2026-10-01T13:31:34.085527+00:00,20261001133122,failed,data/proteocast/abp/Adenylyl_cyclase_associated_protein_1/4.query_ProteoCast.csv,475,475,False,External ProteoCast result; this report checks the installed files only
Afadin,Q9QZQ1,True,Complete score grid; sequence reconstructed from mutation labels; submitted query unavailable.,2026-10-01T13:31:45.610698+00:00,20261001133134,failed,data/proteocast/abp/Afadin/4.query_ProteoCast.csv,1820,1820,False,External ProteoCast result; this report checks the installed files only
Alpha-catenin-like protein hmp-1,P90947,True,Complete score grid; sequence reconstructed from mutation labels; submitted query unavailable.,2026-10-01T13:31:56.880444+00:00,20261001133145,failed,data/proteocast/abp/Alpha_catenin_like_protein_hmp_1/4.query_ProteoCast.csv,927,927,False,External ProteoCast result; this report checks the installed files only
Beta-adducin,I3L5B0,True,Complete score grid; sequence reconstructed from mutation labels; submitted query unavailable.,2026-10-01T13:32:08.130476+00:00,20261001133156,failed,data/proteocast/abp/Beta_adducin/4.query_ProteoCast.csv,725,725,False,External ProteoCast result; this report checks the installed files only
Catenin alpha-1,P26231,True,Complete score grid; sequence reconstructed from mutation labels; submitted query unavailable.,2026-10-01T13:32:29.545539+00:00,20261001133208,failed,data/proteocast/abp/Catenin_alpha_1/4.query_ProteoCast.csv,906,906,False,External ProteoCast result; this report checks the installed files only
Cell invasion protein SipA,P0CL52,True,Complete score grid; sequence reconstructed from mutation labels; submitted query unavailable.,2026-10-01T13:32:40.989551+00:00,20261001133229,failed,data/proteocast/abp/Cell_invasion_protein_SipA/4.query_ProteoCast.csv,685,685,False,External ProteoCast result; this report checks the installed files only
Cofilin,,False,No verified UniProt identifier in the manifest; no automatic submission.,,,,,0,0,False,External ProteoCast result; this report checks the installed files only
Cofilin (UNC-60B),,False,No verified UniProt identifier in the manifest; no automatic submission.,,,,,0,0,False,External ProteoCast result; this report checks the installed files only
Cofilin-1,P23528,True,Complete score grid; sequence reconstructed from mutation labels; submitted query unavailable.,2026-10-01T13:32:52.240310+00:00,20261001133241,failed,data/proteocast/abp/Cofilin_1/4.query_ProteoCast.csv,166,166,False,External ProteoCast result; this report checks the installed files only
Cofilin-2,Q9Y281,True,Complete score grid; sequence reconstructed from mutation labels; submitted query unavailable.,2026-10-01T13:33:03.447650+00:00,20261001133252,failed,data/proteocast/abp/Cofilin_2/4.query_ProteoCast.csv,166,166,False,External ProteoCast result; this report checks the installed files only
"Coronin-1B,Methylated-DNA--protein-cysteine methyltransferase",Q9BR76;P16455,True,Complete score grid; sequence reconstructed from mutation labels; submitted query unavailable.,2026-10-01T13:33:15.022078+00:00,20261001133303,failed,data/proteocast/abp/Coronin_1B_Methylated_DNA_protein_cysteine_methylt/4.query_ProteoCast.csv,489,489,False,External ProteoCast result; this report checks the installed files only
Dematin actin binding protein,F1RMC1,True,Complete score grid; sequence reconstructed from mutation labels; submitted query unavailable.,2026-10-01T13:33:26.238956+00:00,20261001133315,failed,data/proteocast/abp/Dematin_actin_binding_protein/4.query_ProteoCast.csv,405,405,False,External ProteoCast result; this report checks the installed files only
Epididymis secretory protein Li 37,P13796,True,Complete score grid; sequence reconstructed from mutation labels; submitted query unavailable.,2026-10-01T13:33:37.650069+00:00,20261001133326,failed,data/proteocast/abp/Epididymis_secretory_protein_Li_37/4.query_ProteoCast.csv,627,627,False,External ProteoCast result; this report checks the installed files only
F-actin-capping protein subunit alpha-1,P52907,True,Complete score grid; sequence reconstructed from mutation labels; submitted query unavailable.,2026-10-01T13:33:48.858110+00:00,20261001133337,failed,data/proteocast/abp/F_actin_capping_protein_subunit_alpha_1/4.query_ProteoCast.csv,286,286,False,External ProteoCast result; this report checks the installed files only
F-actin-capping protein subunit beta,P47756,True,Complete score grid; sequence reconstructed from mutation labels; submitted query unavailable.,2026-10-01T13:34:00.035753+00:00,20261001133348,failed,data/proteocast/abp/F_actin_capping_protein_subunit_beta/4.query_ProteoCast.csv,272,272,False,External ProteoCast result; this report checks the installed files only
Filamin-A,P21333,True,Complete score grid; sequence reconstructed from mutation labels; submitted query unavailable.,2026-10-01T13:34:21.612260+00:00,20261001133400,failed,data/proteocast/abp/Filamin_A/4.query_ProteoCast.csv,2647,2647,False,External ProteoCast result; this report checks the installed files only
Gelsolin,P06396,True,Complete score grid; sequence reconstructed from mutation labels; submitted query unavailable.,2026-10-01T13:34:33.044369+00:00,20261001133421,failed,data/proteocast/abp/Gelsolin/4.query_ProteoCast.csv,782,782,False,External ProteoCast result; this report checks the installed files only
Inositol-trisphosphate 3-kinase A,P17105,True,Complete score grid; sequence reconstructed from mutation labels; submitted query unavailable.,2026-10-01T13:34:44.481288+00:00,20261001133433,failed,data/proteocast/abp/Inositol_trisphosphate_3_kinase_A/4.query_ProteoCast.csv,459,459,False,External ProteoCast result; this report checks the installed files only
Inverted formin-2,Q27J81,True,Complete score grid; sequence reconstructed from mutation labels; submitted query unavailable.,2026-10-01T13:35:06.154994+00:00,20261001133444,failed,data/proteocast/abp/Inverted_formin_2/4.query_ProteoCast.csv,1249,1249,False,External ProteoCast result; this report checks the installed files only
Isoform 2 of F-actin-capping protein subunit beta,P47757,True,Complete score grid; sequence reconstructed from mutation labels; submitted query unavailable.,2026-10-01T13:35:17.376077+00:00,20261001133506,failed,data/proteocast/abp/Isoform_2_of_F_actin_capping_protein_subunit_beta/4.query_ProteoCast.csv,277,277,False,External ProteoCast result; this report checks the installed files only
"Isoform A2 of Troponin T, cardiac muscle",P50752,True,Complete score grid; sequence reconstructed from mutation labels; submitted query unavailable.,2026-10-01T13:35:28.579458+00:00,20261001133517,failed,data/proteocast/abp/Isoform_A2_of_Troponin_T_cardiac_muscle/4.query_ProteoCast.csv,301,301,False,External ProteoCast result; this report checks the installed files only
Leiomodin-2,Q6P5Q4,True,Complete score grid; sequence reconstructed from mutation labels; submitted query unavailable.,2026-10-01T13:35:50.160970+00:00,20261001133528,failed,data/proteocast/abp/Leiomodin_2/4.query_ProteoCast.csv,547,547,False,External ProteoCast result; this report checks the installed files only
"Maltose/maltodextrin-binding periplasmic protein,Adenylate cyclase ExoY",P0AEX9;Q9I1S4,True,Complete score grid; sequence reconstructed from mutation labels; submitted query unavailable.,2026-10-01T13:36:01.331791+00:00,20261001133550,failed,data/proteocast/abp/Maltose_maltodextrin_binding_periplasmic_protein_A/4.query_ProteoCast.csv,396,396,False,External ProteoCast result; this report checks the installed files only
"Maltose/maltodextrin-binding periplasmic protein,TccC3",P0AEX9;Q8GF97,True,Complete score grid; sequence reconstructed from mutation labels; submitted query unavailable.,2026-10-01T13:36:12.518988+00:00,20261001133601,failed,data/proteocast/abp/Maltose_maltodextrin_binding_periplasmic_protein_T/4.query_ProteoCast.csv,396,396,False,External ProteoCast result; this report checks the installed files only
Myosin heavy chain 4,F1LRV9,False,The downloaded alignment (MSA) is empty; no variant scores were produced. Check alignment retrieval or provide a valid MSA before retrying.,2026-10-02T09:55:37.220331+00:00,20261002095526,failed,,0,0,False,External ProteoCast result; this report checks the installed files only
"Myosin-14,Alpha-actinin A",Q7Z406;P05095,True,Complete score grid; sequence reconstructed from mutation labels; submitted query unavailable.,2026-10-01T13:36:34.797963+00:00,20261001133623,failed,data/proteocast/abp/Myosin_14_Alpha_actinin_A/4.query_ProteoCast.csv,1995,1995,False,External ProteoCast result; this report checks the installed files only
Myosin-6,Q02566,True,Complete score grid; sequence reconstructed from mutation labels; submitted query unavailable.,2026-10-01T13:36:56.197661+00:00,20261001133634,failed,data/proteocast/abp/Myosin_6/4.query_ProteoCast.csv,1938,1938,False,External ProteoCast result; this report checks the installed files only
Myosin-7,P79293,True,Complete score grid; sequence reconstructed from mutation labels; submitted query unavailable.,2026-10-01T13:37:17.600775+00:00,20261001133656,failed,data/proteocast/abp/Myosin_7/4.query_ProteoCast.csv,1935,1935,False,External ProteoCast result; this report checks the installed files only
Myosin-A,Q8IDR3,True,Complete score grid; sequence reconstructed from mutation labels; submitted query unavailable.,2026-10-01T13:37:39.176646+00:00,20261001133717,failed,data/proteocast/abp/Myosin_A/4.query_ProteoCast.csv,818,818,False,External ProteoCast result; this report checks the installed files only
Plastin-3,P13797,True,Complete score grid; sequence reconstructed from mutation labels; submitted query unavailable.,2026-10-01T13:37:50.409785+00:00,20261001133739,failed,data/proteocast/abp/Plastin_3/4.query_ProteoCast.csv,630,630,False,External ProteoCast result; this report checks the installed files only
Profilin-1,P07737,True,Complete score grid; sequence reconstructed from mutation labels; submitted query unavailable.,2026-10-01T13:38:01.601978+00:00,20261001133750,failed,data/proteocast/abp/Profilin_1/4.query_ProteoCast.csv,140,140,False,External ProteoCast result; this report checks the installed files only
Protein diaphanous homolog 1,O08808,True,Complete score grid; sequence reconstructed from mutation labels; submitted query unavailable.,2026-10-01T13:38:23.016001+00:00,20261001133801,failed,data/proteocast/abp/Protein_diaphanous_homolog_1/4.query_ProteoCast.csv,1255,1255,False,External ProteoCast result; this report checks the installed files only
Spectrin beta chain,A0A480J001,False,The downloaded alignment (MSA) is empty; no variant scores were produced. Check alignment retrieval or provide a valid MSA before retrying.,2026-10-02T09:55:47.542148+00:00,20261002095537,failed,,0,0,False,External ProteoCast result; this report checks the installed files only
Src substrate cortactin,Q60598,True,Complete score grid; sequence reconstructed from mutation labels; submitted query unavailable.,2026-10-01T13:38:45.400050+00:00,20261001133834,failed,data/proteocast/abp/Src_substrate_cortactin/4.query_ProteoCast.csv,546,546,False,External ProteoCast result; this report checks the installed files only
Talin-1,P26039,True,Complete score grid; sequence reconstructed from mutation labels; submitted query unavailable.,2026-10-01T13:39:06.925128+00:00,20261001133845,failed,data/proteocast/abp/Talin_1/4.query_ProteoCast.csv,2541,2541,False,External ProteoCast result; this report checks the installed files only
Tropomodulin-1,A0A4X1UDZ5,True,Complete score grid; sequence reconstructed from mutation labels; submitted query unavailable.,2026-10-01T13:39:18.190395+00:00,20261001133907,failed,data/proteocast/abp/Tropomodulin_1/4.query_ProteoCast.csv,359,359,False,External ProteoCast result; this report checks the installed files only
Tropomyosin alpha-1 chain,P09493,True,Complete score grid; sequence reconstructed from mutation labels; submitted query unavailable.,2026-10-01T13:39:29.410355+00:00,20261001133918,failed,data/proteocast/abp/Tropomyosin_alpha_1_chain/4.query_ProteoCast.csv,284,284,False,External ProteoCast result; this report checks the installed files only
Tropomyosin beta chain,P58775,True,Complete score grid; sequence reconstructed from mutation labels; submitted query unavailable.,2026-10-01T13:39:40.608313+00:00,20261001133929,failed,data/proteocast/abp/Tropomyosin_beta_chain/4.query_ProteoCast.csv,284,284,False,External ProteoCast result; this report checks the installed files only
Tropomyosin-1.9,A0AA82WPI2,True,Complete score grid; sequence reconstructed from mutation labels; submitted query unavailable.,2026-10-01T13:39:51.825250+00:00,20261001133940,failed,data/proteocast/abp/Tropomyosin_1_9/4.query_ProteoCast.csv,248,248,False,External ProteoCast result; this report checks the installed files only
"Troponin T2, cardiac type",I3LS66,True,Complete score grid; sequence reconstructed from mutation labels; submitted query unavailable.,2026-10-01T13:40:03.023584+00:00,20261001133951,failed,data/proteocast/abp/Troponin_T2_cardiac_type/4.query_ProteoCast.csv,295,295,False,External ProteoCast result; this report checks the installed files only
Unconventional myosin-Ib,Q05096,True,Complete score grid; sequence reconstructed from mutation labels; submitted query unavailable.,2026-10-01T13:40:14.900490+00:00,20261001134003,failed,data/proteocast/abp/Unconventional_myosin_Ib/4.query_ProteoCast.csv,1136,1136,False,External ProteoCast result; this report checks the installed files only
Utrophin,P46939,False,The downloaded alignment (MSA) is empty; no variant scores were produced. Check alignment retrieval or provide a valid MSA before retrying.,2026-10-02T09:41:34.753974+00:00,20261002094123,failed,,0,0,False,External ProteoCast result; this report checks the installed files only
Vibrio VopV,A0A250E4R0,False,The downloaded alignment (MSA) is empty; no variant scores were produced. Check alignment retrieval or provide a valid MSA before retrying.,2026-10-02T09:55:57.904394+00:00,20261002095547,failed,,0,0,False,External ProteoCast result; this report checks the installed files only
Vinculin,P18206,True,Complete score grid; sequence reconstructed from mutation labels; submitted query unavailable.,2026-10-01T13:40:48.706777+00:00,20261001134037,failed,data/proteocast/abp/Vinculin/4.query_ProteoCast.csv,1134,1134,False,External ProteoCast result; this report checks the installed files only
VopV,A0A250E4R0,False,The downloaded alignment (MSA) is empty; no variant scores were produced. Check alignment retrieval or provide a valid MSA before retrying.,2026-10-02T09:55:57.904394+00:00,20261002095547,failed,,0,0,False,External ProteoCast result; this report checks the installed files only
"WD repeat-containing protein 1,Methylated-DNA--protein-cysteine methyltransferase",O75083;P16455,True,Complete score grid; sequence reconstructed from mutation labels; submitted query unavailable.,,,,data/proteocast/abp/WD_repeat_containing_protein_1_Methylated_DNA_prot/4.query_ProteoCast.csv,606,606,False,External ProteoCast result; this report checks the installed files only
beta-cardiac myosin II,P12883,True,Complete score grid; sequence reconstructed from mutation labels; submitted query unavailable.,,,,data/proteocast/abp/beta_cardiac_myosin_II/4.query_ProteoCast.csv,1935,1935,False,External ProteoCast result; this report checks the installed files only
