pdb_id,chain_A,chain_B,c70,template_pdb,template_c70,template_A,template_B,n_anchor_CA,n_neighbor_CA,anchor_CA_RMSD_A,neighbor_CA_RMSD_A
3j8a,3j8a_E,3j8a_C,0_7797_0,3j8a,0_7797_0,3j8a_E,3j8a_C,366,366,3.28363033890702e-14,7.641686227653715e-14
3j8a,3j8a_E,3j8a_C,0_7797_0,3j8a,0_7797_1,3j8a_B,3j8a_A,366,366,0.22516957298462179,53.68821585602485
3j8a,3j8a_E,3j8a_C,0_7797_0,5yu8,0_7797_10,5yu8_B,5yu8_A,356,356,2.7151440335266512,7.394125119110623
3j8a,3j8a_E,3j8a_C,0_7797_0,5yu8,0_7797_12,5yu8_C,5yu8_A,356,356,2.715177716730149,49.70541720912298
3j8a,3j8a_D,3j8a_B,0_7797_0,3j8a,0_7797_0,3j8a_C,3j8a_E,366,366,0.21273099537617765,0.24606742016294428
3j8a,3j8a_D,3j8a_B,0_7797_0,3j8a,0_7797_1,3j8a_A,3j8a_B,366,366,0.16087372922256948,53.60839687738292
3j8a,3j8a_D,3j8a_B,0_7797_0,5yu8,0_7797_10,5yu8_A,5yu8_B,356,356,2.718459316018502,8.202880237097641
3j8a,3j8a_D,3j8a_B,0_7797_0,5yu8,0_7797_12,5yu8_A,5yu8_C,356,356,2.718459316018502,55.646563823329835
3j8a,3j8a_A,3j8a_B,0_7797_1,3j8a,0_7797_0,3j8a_C,3j8a_E,366,366,0.20814548241945874,53.62349432153353
3j8a,3j8a_A,3j8a_B,0_7797_1,3j8a,0_7797_1,3j8a_A,3j8a_B,366,366,3.91519276690313e-15,5.39310265973865e-15
3j8a,3j8a_A,3j8a_B,0_7797_1,5yu8,0_7797_10,5yu8_A,5yu8_B,356,356,2.7212340421353147,52.39095749124776
3j8a,3j8a_A,3j8a_B,0_7797_1,5yu8,0_7797_12,5yu8_A,5yu8_C,356,356,2.7212340421353147,6.425966681706804
3j8a,3j8a_D,3j8a_A,0_7797_0,3j8a,0_7797_0,3j8a_E,3j8a_C,366,366,0.19816842226701867,0.21345412311395043
3j8a,3j8a_D,3j8a_A,0_7797_0,3j8a,0_7797_1,3j8a_B,3j8a_A,366,366,0.18352051745396675,53.71894607958081
3j8a,3j8a_D,3j8a_A,0_7797_0,5yu8,0_7797_10,5yu8_B,5yu8_A,356,356,2.718437680071539,7.37680117384813
3j8a,3j8a_D,3j8a_A,0_7797_0,5yu8,0_7797_12,5yu8_C,5yu8_A,356,356,2.718470391404826,49.72285876059526
3j8a,3j8a_E,3j8a_A,0_7797_0,3j8a,0_7797_0,3j8a_C,3j8a_E,366,366,0.15872507342328415,0.1826170295337813
3j8a,3j8a_E,3j8a_A,0_7797_0,3j8a,0_7797_1,3j8a_A,3j8a_B,366,366,0.17191938741328394,53.63810209143649
3j8a,3j8a_E,3j8a_A,0_7797_0,5yu8,0_7797_10,5yu8_A,5yu8_B,356,356,2.7151664436115035,8.248175465557802
3j8a,3j8a_E,3j8a_A,0_7797_0,5yu8,0_7797_12,5yu8_A,5yu8_C,356,356,2.7151664436115035,55.67494160616402
3j8a,3j8a_E,3j8a_D,0_7797_1,3j8a,0_7797_0,3j8a_C,3j8a_E,366,366,0.15872507342328415,53.67385547969952
3j8a,3j8a_E,3j8a_D,0_7797_1,3j8a,0_7797_1,3j8a_A,3j8a_B,366,366,0.17191938741328394,0.20578034031983503
3j8a,3j8a_E,3j8a_D,0_7797_1,5yu8,0_7797_10,5yu8_A,5yu8_B,356,356,2.7151664436115035,52.43170194472465
3j8a,3j8a_E,3j8a_D,0_7797_1,5yu8,0_7797_12,5yu8_A,5yu8_C,356,356,2.7151664436115035,6.3519830304809775
3j8a,3j8a_A,3j8a_C,0_7797_1,3j8a,0_7797_0,3j8a_E,3j8a_C,366,366,0.17191938741328416,53.70315640529491
3j8a,3j8a_A,3j8a_C,0_7797_1,3j8a,0_7797_1,3j8a_B,3j8a_A,366,366,0.20543638147799742,0.21433980699369928
3j8a,3j8a_A,3j8a_C,0_7797_1,5yu8,0_7797_10,5yu8_B,5yu8_A,356,356,2.721213866591222,58.091781711937735
3j8a,3j8a_A,3j8a_C,0_7797_1,5yu8,0_7797_12,5yu8_C,5yu8_A,356,356,2.7212453064236093,8.14917944272351
5yu8,5yu8_B,5yu8_A,0_7797_10,3j8a,0_7797_0,3j8a_E,3j8a_C,356,356,2.715144033526651,7.394125119110511
5yu8,5yu8_B,5yu8_A,0_7797_10,3j8a,0_7797_1,3j8a_B,3j8a_A,356,356,2.715066680806806,58.07556882179048
5yu8,5yu8_B,5yu8_A,0_7797_10,5yu8,0_7797_10,5yu8_B,5yu8_A,360,360,3.205765005169995e-14,3.399402263541476e-14
5yu8,5yu8_B,5yu8_A,0_7797_10,5yu8,0_7797_12,5yu8_C,5yu8_A,360,360,0.0005759555876676163,54.217301073870296
5yu8,5yu8_C,5yu8_A,0_7797_12,3j8a,0_7797_0,3j8a_E,3j8a_C,356,356,2.7151777167301496,49.70541720912311
5yu8,5yu8_C,5yu8_A,0_7797_12,3j8a,0_7797_1,3j8a_B,3j8a_A,356,356,2.7151012167463997,8.12781700997491
5yu8,5yu8_C,5yu8_A,0_7797_12,5yu8,0_7797_10,5yu8_B,5yu8_A,360,360,0.0005759555876666702,54.217301073870274
5yu8,5yu8_C,5yu8_A,0_7797_12,5yu8,0_7797_12,5yu8_C,5yu8_A,360,360,2.3826442619109478e-14,2.616067011536733e-14
5yu8,5yu8_B,5yu8_C,0_7797_10,3j8a,0_7797_0,3j8a_C,3j8a_E,356,356,2.7069225707690427,8.28747317017238
5yu8,5yu8_B,5yu8_C,0_7797_10,3j8a,0_7797_1,3j8a_A,3j8a_B,356,356,2.7212138665912247,52.39098004903733
5yu8,5yu8_B,5yu8_C,0_7797_10,5yu8,0_7797_10,5yu8_A,5yu8_B,360,360,0.00040514138743051413,0.0005898819249885506
5yu8,5yu8_B,5yu8_C,0_7797_10,5yu8,0_7797_12,5yu8_A,5yu8_C,360,360,0.00040514138743051413,54.21733028197156
5yu8,5yu8_D,5yu8_B,0_7797_12,3j8a,0_7797_0,3j8a_E,3j8a_C,356,356,2.715160405266957,49.70542745447304
5yu8,5yu8_D,5yu8_B,0_7797_12,3j8a,0_7797_1,3j8a_B,3j8a_A,356,356,2.715083800298443,8.127802829252724
5yu8,5yu8_D,5yu8_B,0_7797_12,5yu8,0_7797_10,5yu8_B,5yu8_A,360,360,0.0005621594011378701,54.21730176237933
5yu8,5yu8_D,5yu8_B,0_7797_12,5yu8,0_7797_12,5yu8_C,5yu8_A,360,360,0.000570908211784227,0.0004133569215538741
5yu8,5yu8_D,5yu8_C,0_7797_10,3j8a,0_7797_0,3j8a_E,3j8a_C,356,356,2.715160405266957,7.394148693462046
5yu8,5yu8_D,5yu8_C,0_7797_10,3j8a,0_7797_1,3j8a_B,3j8a_A,356,356,2.715083800298443,58.07557519837283
5yu8,5yu8_D,5yu8_C,0_7797_10,5yu8,0_7797_10,5yu8_B,5yu8_A,360,360,0.0005621594011378701,0.00042480597263252074
5yu8,5yu8_D,5yu8_C,0_7797_10,5yu8,0_7797_12,5yu8_C,5yu8_A,360,360,0.000570908211784227,54.21730908381859
5yu8,5yu8_E,5yu8_C,0_7797_12,3j8a,0_7797_0,3j8a_E,3j8a_C,356,356,2.715178286476352,49.70541357060014
5yu8,5yu8_E,5yu8_C,0_7797_12,3j8a,0_7797_1,3j8a_B,3j8a_A,356,356,2.7151003577486073,8.127803233751798
5yu8,5yu8_E,5yu8_C,0_7797_12,5yu8,0_7797_10,5yu8_B,5yu8_A,360,360,0.0005700694262554288,54.21729700085772
5yu8,5yu8_E,5yu8_C,0_7797_12,5yu8,0_7797_12,5yu8_C,5yu8_A,360,360,0.0005595497515548211,0.00043123821047090277
5yu8,5yu8_D,5yu8_E,0_7797_10,3j8a,0_7797_0,3j8a_C,3j8a_E,356,356,2.706940643090278,8.287364114838667
5yu8,5yu8_D,5yu8_E,0_7797_10,3j8a,0_7797_1,3j8a_A,3j8a_B,356,356,2.7212293418644493,52.391013786450195
5yu8,5yu8_D,5yu8_E,0_7797_10,5yu8,0_7797_10,5yu8_A,5yu8_B,360,360,0.00039401189736190293,0.0005757084127888295
5yu8,5yu8_D,5yu8_E,0_7797_10,5yu8,0_7797_12,5yu8_A,5yu8_C,360,360,0.00039401189736190293,54.21737015744629
6vao,6vao_B,6vao_D,0_7797_12,3j8a,0_7797_0,3j8a_C,3j8a_E,352,352,2.542862437167981,54.93057515690111
6vao,6vao_B,6vao_D,0_7797_12,3j8a,0_7797_1,3j8a_A,3j8a_B,352,352,2.552576358417999,5.689688572071856
6vao,6vao_B,6vao_D,0_7797_12,5yu8,0_7797_10,5yu8_A,5yu8_B,354,354,0.5062092185178925,53.669454641350264
6vao,6vao_B,6vao_D,0_7797_12,5yu8,0_7797_12,5yu8_A,5yu8_C,354,354,0.5062092185178925,1.0453587551128019
6vao,6vao_C,6vao_A,0_7797_10,3j8a,0_7797_0,3j8a_E,3j8a_C,352,352,2.5518081517666404,6.6006835572754605
6vao,6vao_C,6vao_A,0_7797_10,3j8a,0_7797_1,3j8a_B,3j8a_A,352,352,2.548160240686445,57.36054132357338
6vao,6vao_C,6vao_A,0_7797_10,5yu8,0_7797_10,5yu8_B,5yu8_A,354,354,0.506195823401703,0.9912743599798134
6vao,6vao_C,6vao_A,0_7797_10,5yu8,0_7797_12,5yu8_C,5yu8_A,354,354,0.50616698389229,53.7824093368502
6vao,6vao_E,6vao_D,0_7797_10,3j8a,0_7797_0,3j8a_C,3j8a_E,352,352,2.542842884425585,7.391195604993082
6vao,6vao_E,6vao_D,0_7797_10,3j8a,0_7797_1,3j8a_A,3j8a_B,352,352,2.552558253200154,52.465224123938185
6vao,6vao_E,6vao_D,0_7797_10,5yu8,0_7797_10,5yu8_A,5yu8_B,354,354,0.5061759940726742,0.9196146410201947
6vao,6vao_E,6vao_D,0_7797_10,5yu8,0_7797_12,5yu8_A,5yu8_C,354,354,0.5061759940726742,54.23677912804399
6vao,6vao_B,6vao_E,0_7797_10,3j8a,0_7797_0,3j8a_C,3j8a_E,352,352,2.542862437167981,7.401108733574763
6vao,6vao_B,6vao_E,0_7797_10,3j8a,0_7797_1,3j8a_A,3j8a_B,352,352,2.552576358417999,52.43038686171844
6vao,6vao_B,6vao_E,0_7797_10,5yu8,0_7797_10,5yu8_A,5yu8_B,354,354,0.5062092185178925,0.9515940741390981
6vao,6vao_B,6vao_E,0_7797_10,5yu8,0_7797_12,5yu8_A,5yu8_C,354,354,0.5062092185178925,54.20075024484839
6vao,6vao_A,6vao_D,0_7797_10,3j8a,0_7797_0,3j8a_E,3j8a_C,352,352,2.5517885572944006,6.622119230059336
6vao,6vao_A,6vao_D,0_7797_10,3j8a,0_7797_1,3j8a_B,3j8a_A,352,352,2.54814156926781,57.398713361856046
6vao,6vao_A,6vao_D,0_7797_10,5yu8,0_7797_10,5yu8_B,5yu8_A,354,354,0.5061888509405041,0.9201009074501534
6vao,6vao_A,6vao_D,0_7797_10,5yu8,0_7797_12,5yu8_C,5yu8_A,354,354,0.5061599907719497,53.82136511314934
6vao,6vao_A,6vao_E,0_7797_12,3j8a,0_7797_0,3j8a_E,3j8a_C,352,352,2.5517885572944006,49.712860758913926
6vao,6vao_A,6vao_E,0_7797_12,3j8a,0_7797_1,3j8a_B,3j8a_A,352,352,2.54814156926781,7.24110040086033
6vao,6vao_A,6vao_E,0_7797_12,5yu8,0_7797_10,5yu8_B,5yu8_A,354,354,0.5061888509405041,54.05008396181715
6vao,6vao_A,6vao_E,0_7797_12,5yu8,0_7797_12,5yu8_C,5yu8_A,354,354,0.5061599907719497,1.0786847839153249
6vao,6vao_C,6vao_D,0_7797_12,3j8a,0_7797_0,3j8a_E,3j8a_C,352,352,2.5518081517666404,49.784774849899776
6vao,6vao_C,6vao_D,0_7797_12,3j8a,0_7797_1,3j8a_B,3j8a_A,352,352,2.548160240686445,7.113182893005671
6vao,6vao_C,6vao_D,0_7797_12,5yu8,0_7797_10,5yu8_B,5yu8_A,354,354,0.506195823401703,54.12783260122943
6vao,6vao_C,6vao_D,0_7797_12,5yu8,0_7797_12,5yu8_C,5yu8_A,354,354,0.50616698389229,1.1920110877002499
