pdb_id,c70,template_pdb,template_c70,n_pairs,median_neighbor_RMSD_A,median_anchor_RMSD_A
3j8a,0_7797_0,3j8a,0_7797_0,4,0.19803557632386914,0.1784467478451519
3j8a,0_7797_0,3j8a,0_7797_1,4,53.66315897373066,0.17771995243362582
3j8a,0_7797_0,5yu8,0_7797_10,4,7.798502678104142,2.716802061841521
3j8a,0_7797_0,5yu8,0_7797_12,4,52.68471129196256,2.7168185163743255
3j8a,0_7797_1,3j8a,0_7797_0,3,53.673855479699526,0.1719193874132838
3j8a,0_7797_1,3j8a,0_7797_1,3,0.20578034031983589,0.17191938741328425
3j8a,0_7797_1,5yu8,0_7797_10,3,52.431701944724665,2.7212138665912233
3j8a,0_7797_1,5yu8,0_7797_12,3,6.425966681706797,2.7212340421353147
5yu8,0_7797_10,3j8a,0_7797_0,4,7.840756404150354,2.711042338308464
5yu8,0_7797_10,3j8a,0_7797_1,4,55.23329130412034,2.718148833444834
5yu8,0_7797_10,5yu8,0_7797_10,4,0.0005002571927070803,0.00039957664239628386
5yu8,0_7797_10,5yu8,0_7797_12,4,54.21731968289507,0.0004880247996077126
5yu8,0_7797_12,3j8a,0_7797_0,3,49.70541720912311,2.71517771673015
5yu8,0_7797_12,3j8a,0_7797_1,3,8.12780323375177,2.7151003577486086
5yu8,0_7797_12,5yu8,0_7797_10,3,54.21730107387028,0.0005700694262562871
5yu8,0_7797_12,5yu8,0_7797_12,3,0.00041335692154945445,0.0005595497515550826
6vao,0_7797_10,3j8a,0_7797_0,4,7.006657417526211,2.5473254972311934
6vao,0_7797_10,3j8a,0_7797_1,4,54.912882723755786,2.5503592469433003
6vao,0_7797_10,5yu8,0_7797_10,4,0.9358474907946385,0.5061923371711041
6vao,0_7797_10,5yu8,0_7797_12,4,54.01105767899887,0.5061714889824815
6vao,0_7797_12,3j8a,0_7797_0,3,49.78477484989976,2.551788557294403
6vao,0_7797_12,3j8a,0_7797_1,3,7.113182893005675,2.548160240686446
6vao,0_7797_12,5yu8,0_7797_10,3,54.050083961817165,0.5061958234017044
6vao,0_7797_12,5yu8,0_7797_12,3,1.07868478391533,0.5061669838922908
