ABP,site,interaction_id,source_PDB,source_actin,source_ABP,reference_PDB,reference_anchor,source_pair_minimum_distance_A,anchor_CA_count,anchor_CA_RMSD_A,minimum_neighbor_distance_A,ABP_heavy_atoms,ABP_resolved_residues,ABP_atoms_below_1p5_A,ABP_residues_below_1p5_A,ABP_atoms_below_2p0_A,ABP_residues_below_2p0_A,ABP_atoms_below_2p5_A,ABP_residues_below_2p5_A,state
Actin-interacting protein 1,6685_266,2046,38jl,38jl_C,38jl_X,3J8A,3j8a_A,2.7951116522034547,366,3.09232714331378,0.6313518473434746,4604,610,4,2,9,2,11,3,poor anchor fit (>3 Å): inspect
Actin-interacting protein 1,6685_266,2046,38jl,38jl_C,38jl_X,5YU8,5yu8_C,2.7951116522034547,360,0.5483826441989152,1.229451807947067,4604,610,1,1,8,6,16,8,measured
Actin-interacting protein 1,6685_267,1847,38kl,38kl_E,38kl_Y,3J8A,3j8a_A,2.760955526187028,366,3.104743188076075,0.36730694788972773,4604,610,84,28,138,35,194,39,poor anchor fit (>3 Å): inspect
Actin-interacting protein 1,6685_267,1847,38kl,38kl_E,38kl_Y,5YU8,5yu8_C,2.760955526187028,360,0.6217956295020535,0.06804538636508406,4604,610,74,27,129,33,167,34,measured
Actin-interacting protein 1,6685_291,2024,38jl,38jl_D,38jl_X,3J8A,3j8a_A,3.023847278536589,366,3.1176892901863704,0.4916380144883706,4604,610,5,2,9,4,12,5,poor anchor fit (>3 Å): inspect
Actin-interacting protein 1,6685_291,2024,38jl,38jl_D,38jl_X,5YU8,5yu8_C,3.023847278536589,360,0.5359693184869502,1.5122928335577408,4604,610,0,0,7,4,9,4,measured
Actin-interacting protein 1,6685_292,2004,38jl,38jl_E,38jl_X,3J8A,3j8a_A,2.8833326739292406,366,3.0981096247229387,0.05483900147616866,4604,610,44,17,85,25,121,33,poor anchor fit (>3 Å): inspect
Actin-interacting protein 1,6685_292,2004,38jl,38jl_E,38jl_X,5YU8,5yu8_C,2.8833326739292406,360,0.5594522955928197,1.7151421499837387,4604,610,0,0,1,1,3,3,measured
Actin-interacting protein 1,6685_295,1248,38kq,38kq_G,38kq_Y,3J8A,3j8a_A,2.5044393502995383,366,3.10844727269932,0.46942627993159264,4604,610,48,21,81,27,138,41,poor anchor fit (>3 Å): inspect
Actin-interacting protein 1,6685_295,1248,38kq,38kq_G,38kq_Y,5YU8,5yu8_C,2.5044393502995383,360,0.6504277062412204,1.96064654320661,4604,610,0,0,1,1,1,1,measured
Actin-related protein 2,6685_109,843,8uxw,8uxw_H,8uxw_B,3J8A,3j8a_A,2.6079821404812886,366,1.1754812352363668,0.04585105677432976,3080,387,1868,353,2399,365,2689,370,measured
Actin-related protein 2,6685_109,843,8uxw,8uxw_H,8uxw_B,5YU8,5yu8_C,2.6079821404812886,360,2.610831192326361,0.13414410308002309,3080,387,973,289,1640,318,2145,330,measured
Actin-related protein 2,6685_3,823,8uxw,8uxw_I,8uxw_B,3J8A,3j8a_A,2.7405189073640273,366,1.2301634472622172,0.13433723765640895,3080,387,1837,351,2387,368,2683,373,measured
Actin-related protein 2,6685_3,823,8uxw,8uxw_I,8uxw_B,5YU8,5yu8_C,2.7405189073640273,360,2.6207632458979857,0.14118785203559567,3080,387,990,285,1666,312,2127,329,measured
Actin-related protein 2/3 complex subunit 1,6685_144,767,8uxw,8uxw_O,8uxw_C,3J8A,3j8a_A,2.5421670551472935,366,1.2377027865549972,2.272519594961344,2825,362,0,0,0,0,1,1,measured
Actin-related protein 2/3 complex subunit 1,6685_144,767,8uxw,8uxw_O,8uxw_C,5YU8,5yu8_C,2.5421670551472935,360,2.64560250031536,16.897561356291618,2825,362,0,0,0,0,0,0,measured
Actin-related protein 2/3 complex subunit 1,6685_145,1517,8e9b,8e9b_Q,8e9b_C,3J8A,3j8a_A,3.3525966006460433,366,1.072884175944508,0.913829425996688,2825,362,2,1,4,3,9,4,measured
Actin-related protein 2/3 complex subunit 1,6685_145,1517,8e9b,8e9b_Q,8e9b_C,5YU8,5yu8_C,3.3525966006460433,360,2.632937006779871,1.096389193587751,2825,362,6,3,17,5,25,5,measured
Actin-related protein 2/3 complex subunit 1,6685_193,733,8uxw,8uxw_Q,8uxw_C,3J8A,3j8a_A,3.2645207790427775,366,1.206426619086079,1.0054692897353794,2825,362,1,1,5,3,10,4,measured
Actin-related protein 2/3 complex subunit 1,6685_193,733,8uxw,8uxw_Q,8uxw_C,5YU8,5yu8_C,3.2645207790427775,360,2.667460370592597,0.33561002083397806,2825,362,7,4,17,5,24,5,measured
Actin-related protein 2/3 complex subunit 1B,6685_144,3576,8p94,8p94_P,8p94_C,3J8A,3j8a_A,2.775316093319557,366,1.1241558794120077,1.9640655951125099,2816,363,0,0,1,1,2,1,measured
Actin-related protein 2/3 complex subunit 1B,6685_144,3576,8p94,8p94_P,8p94_C,5YU8,5yu8_C,2.775316093319557,360,2.6755528048073964,17.498395077968468,2816,363,0,0,0,0,0,0,measured
Actin-related protein 2/3 complex subunit 1B,6685_145,3519,8p94,8p94_R,8p94_C,3J8A,3j8a_A,3.798442766145175,366,1.1331242663124659,1.7433454833997388,2816,363,0,0,3,1,4,2,measured
Actin-related protein 2/3 complex subunit 1B,6685_145,3519,8p94,8p94_R,8p94_C,5YU8,5yu8_C,3.798442766145175,360,2.6642481143054892,0.9397361790388346,2816,363,3,3,6,3,12,5,measured
Actin-related protein 2/3 complex subunit 1B,6685_15,3392,7tpt,7tpt_P,7tpt_C,3J8A,3j8a_A,2.4278585296910378,366,1.0720330814300099,1.5722433992936387,2744,363,0,0,2,1,2,1,measured
Actin-related protein 2/3 complex subunit 1B,6685_15,3392,7tpt,7tpt_P,7tpt_C,5YU8,5yu8_C,2.4278585296910378,360,2.6433245209091725,16.644494004360592,2744,363,0,0,0,0,0,0,measured
Actin-related protein 2/3 complex subunit 2,6685_110,3365,7tpt,7tpt_Q,7tpt_D,3J8A,3j8a_A,3.5143549772235674,366,1.0436145933986418,1.8884224257853566,2287,283,0,0,1,1,2,2,measured
Actin-related protein 2/3 complex subunit 2,6685_110,3365,7tpt,7tpt_Q,7tpt_D,5YU8,5yu8_C,3.5143549772235674,360,2.6369162012608918,1.8947734245961534,2287,283,0,0,1,1,3,3,measured
Actin-related protein 2/3 complex subunit 2,6685_111,734,8uxw,8uxw_Q,8uxw_D,3J8A,3j8a_A,2.7298893895424463,366,1.206426619086079,0.8833204509132916,2590,316,8,4,20,7,33,13,measured
Actin-related protein 2/3 complex subunit 2,6685_111,734,8uxw,8uxw_Q,8uxw_D,5YU8,5yu8_C,2.7298893895424463,360,2.667460370592597,0.3116990678164877,2590,316,22,7,37,11,57,17,measured
Actin-related protein 2/3 complex subunit 2,6685_112,716,8uxw,8uxw_R,8uxw_D,3J8A,3j8a_A,2.682451507118393,366,1.2159760983044074,1.2201399230597472,2590,316,3,2,3,2,4,2,measured
Actin-related protein 2/3 complex subunit 2,6685_112,716,8uxw,8uxw_R,8uxw_D,5YU8,5yu8_C,2.682451507118393,360,2.6583718157350633,0.5801714153907251,2590,316,30,11,45,12,69,13,measured
Actin-related protein 2/3 complex subunit 2,6685_146,768,8uxw,8uxw_O,8uxw_D,3J8A,3j8a_A,2.839445898923497,366,1.2377027865549972,1.0096777653018947,2590,316,1,1,2,2,5,4,measured
Actin-related protein 2/3 complex subunit 2,6685_146,768,8uxw,8uxw_O,8uxw_D,5YU8,5yu8_C,2.839445898923497,360,2.64560250031536,0.5089346497720211,2590,316,11,4,16,5,22,6,measured
Actin-related protein 2/3 complex subunit 2,6685_147,1518,8e9b,8e9b_Q,8e9b_D,3J8A,3j8a_A,2.5670018433998263,366,1.072884175944508,0.5094920797317343,2584,317,9,3,14,6,21,8,measured
Actin-related protein 2/3 complex subunit 2,6685_147,1518,8e9b,8e9b_Q,8e9b_D,5YU8,5yu8_C,2.5670018433998263,360,2.632937006779871,0.5318900397683678,2584,317,17,7,29,8,49,15,measured
Actin-related protein 2/3 complex subunit 2,6685_168,3497,8p94,8p94_S,8p94_D,3J8A,3j8a_A,2.318677321531928,366,1.1070160653089398,1.6934200194384499,2420,300,0,0,1,1,2,1,measured
Actin-related protein 2/3 complex subunit 2,6685_168,3497,8p94,8p94_S,8p94_D,5YU8,5yu8_C,2.318677321531928,360,2.6712583368752765,0.28271501556617956,2420,300,26,10,48,13,69,15,measured
Actin-related protein 2/3 complex subunit 2,6685_183,3577,8p94,8p94_P,8p94_D,3J8A,3j8a_A,2.8152837284604435,366,1.1241558794120077,1.1246968464096725,2420,300,3,3,5,4,10,4,measured
Actin-related protein 2/3 complex subunit 2,6685_183,3577,8p94,8p94_P,8p94_D,5YU8,5yu8_C,2.8152837284604435,360,2.6755528048073964,0.9327148094605513,2420,300,3,2,6,2,9,2,measured
Actin-related protein 2/3 complex subunit 2,6685_184,3520,8p94,8p94_R,8p94_D,3J8A,3j8a_A,2.8849652447832015,366,1.1331242663124659,0.552716494941263,2420,300,5,3,14,8,25,8,measured
Actin-related protein 2/3 complex subunit 2,6685_184,3520,8p94,8p94_R,8p94_D,5YU8,5yu8_C,2.8849652447832015,360,2.6642481143054892,0.393959803428129,2420,300,14,5,29,10,47,13,measured
Actin-related protein 2/3 complex subunit 2,6685_195,603,8uxx,8uxx_O,8uxx_D,3J8A,3j8a_A,2.788786669706964,366,1.2182789691445635,1.8562105862294611,2590,316,0,0,1,1,4,3,measured
Actin-related protein 2/3 complex subunit 2,6685_195,603,8uxx,8uxx_O,8uxx_D,5YU8,5yu8_C,2.788786669706964,360,2.603223937138728,0.547715480260701,2590,316,12,4,16,4,20,5,measured
Actin-related protein 2/3 complex subunit 3,6685_113,804,8uxw,8uxw_M,8uxw_E,3J8A,3j8a_A,2.8934904918411593,366,1.1603758823161299,1.3234399963419687,1385,172,1,1,3,1,3,1,measured
Actin-related protein 2/3 complex subunit 3,6685_113,804,8uxw,8uxw_M,8uxw_E,5YU8,5yu8_C,2.8934904918411593,360,2.6418051389446906,6.681464853002989,1385,172,0,0,0,0,0,0,measured
Actin-related protein 2/3 complex subunit 3,6685_185,3578,8p94,8p94_P,8p94_E,3J8A,3j8a_A,3.044577828870301,366,1.1241558794120077,2.5789034936864783,1444,178,0,0,0,0,0,0,measured
Actin-related protein 2/3 complex subunit 3,6685_185,3578,8p94,8p94_P,8p94_E,5YU8,5yu8_C,3.044577828870301,360,2.6755528048073964,2.1212331485964357,1444,178,0,0,0,0,1,1,measured
Actin-related protein 2/3 complex subunit 3,6685_194,769,8uxw,8uxw_O,8uxw_E,3J8A,3j8a_A,3.009281808669408,366,1.2377027865549972,2.005685273008664,1385,172,0,0,0,0,2,2,measured
Actin-related protein 2/3 complex subunit 3,6685_194,769,8uxw,8uxw_O,8uxw_E,5YU8,5yu8_C,3.009281808669408,360,2.64560250031536,4.23572903534896,1385,172,0,0,0,0,0,0,measured
Actin-related protein 2/3 complex subunit 4,6685_114,735,8uxw,8uxw_Q,8uxw_F,3J8A,3j8a_A,2.7051281411835273,366,1.206426619086079,6.146554505703106,1377,168,0,0,0,0,0,0,measured
Actin-related protein 2/3 complex subunit 4,6685_114,735,8uxw,8uxw_Q,8uxw_F,5YU8,5yu8_C,2.7051281411835273,360,2.667460370592597,6.010147705620459,1377,168,0,0,0,0,0,0,measured
Actin-related protein 2/3 complex subunit 5-like protein,6685_186,3672,8p94,8p94_J,8p94_G,3J8A,3j8a_A,2.7184531265406426,366,1.101860263038068,1.5559986481375345,1178,152,0,0,4,3,7,3,measured
Actin-related protein 2/3 complex subunit 5-like protein,6685_186,3672,8p94,8p94_J,8p94_G,5YU8,5yu8_C,2.7184531265406426,360,2.689525455985513,2.720085197712898,1178,152,0,0,0,0,0,0,measured
Actin-related protein 3,6685_106,3575,8p94,8p94_P,8p94_A,3J8A,3j8a_A,2.8258403929772493,366,1.1241558794120077,0.42433213072420306,3310,414,4,2,9,4,12,7,measured
Actin-related protein 3,6685_106,3575,8p94,8p94_P,8p94_A,5YU8,5yu8_C,2.8258403929772493,360,2.6755528048073964,0.3492213117721812,3310,414,12,4,15,4,19,4,measured
Actin-related protein 3,6685_107,751,8uxw,8uxw_P,8uxw_A,3J8A,3j8a_A,3.7678222504235563,366,1.2139239736998433,0.8068922765443823,3161,400,4,2,5,3,14,4,measured
Actin-related protein 3,6685_107,751,8uxw,8uxw_P,8uxw_A,5YU8,5yu8_C,3.7678222504235563,360,2.689718598251794,0.40717672494133095,3161,400,32,12,54,15,92,21,measured
Actin-related protein 3,6685_108,3336,7tpt,7tpt_R,7tpt_A,3J8A,3j8a_A,2.5028918042871355,366,1.0509794436070086,0.9601439375126897,3310,414,6,5,14,8,31,11,measured
Actin-related protein 3,6685_108,3336,7tpt,7tpt_R,7tpt_A,5YU8,5yu8_C,2.5028918042871355,360,2.6343562119659962,0.6284554505253898,3310,414,2,1,4,1,8,3,measured
Actin-related protein 3,6685_142,766,8uxw,8uxw_O,8uxw_A,3J8A,3j8a_A,2.73850958111289,366,1.2377027865549972,0.426548797369012,3161,400,3,2,4,2,11,5,measured
Actin-related protein 3,6685_142,766,8uxw,8uxw_O,8uxw_A,5YU8,5yu8_C,2.73850958111289,360,2.64560250031536,0.40453907976566816,3161,400,7,4,16,4,32,6,measured
Actin-related protein 3,6685_143,1536,8e9b,8e9b_P,8e9b_A,3J8A,3j8a_A,4.293124619363672,366,1.0986864640014846,1.2461575192345316,3156,399,2,1,4,1,9,3,measured
Actin-related protein 3,6685_143,1536,8e9b,8e9b_P,8e9b_A,5YU8,5yu8_C,4.293124619363672,360,2.644792754907048,0.37123517957865837,3156,399,27,9,50,12,69,17,measured
Actin-related protein 3,6685_182,3518,8p94,8p94_R,8p94_A,3J8A,3j8a_A,3.1888526025141712,366,1.1331242663124659,0.7126069986944784,3310,414,4,4,11,6,24,14,measured
Actin-related protein 3,6685_182,3518,8p94,8p94_R,8p94_A,5YU8,5yu8_C,3.1888526025141712,360,2.6642481143054892,0.6998674493369718,3310,414,2,2,3,2,8,3,measured
Actin-related protein 3,6685_3,842,8uxw,8uxw_H,8uxw_A,3J8A,3j8a_A,2.7746948668561977,366,1.1754812352363668,0.10829341057934946,3161,400,1132,303,1738,331,2229,345,measured
Actin-related protein 3,6685_3,842,8uxw,8uxw_H,8uxw_A,5YU8,5yu8_C,2.7746948668561977,360,2.610831192326361,0.04108668481424899,3161,400,945,270,1572,303,2048,320,measured
Adducin 1,6685_150,3825,8iai,8iai_K,8iai_9,3J8A,3j8a_A,2.431350905995431,366,1.099704081429935,0.39261658522635673,530,62,16,6,29,8,39,9,measured
Adducin 1,6685_150,3825,8iai,8iai_K,8iai_9,5YU8,5yu8_C,2.431350905995431,359,2.475877261825828,3.753748380889501,530,62,0,0,0,0,0,0,measured
Adducin 1,6685_151,3857,8iai,8iai_I,8iai_1,3J8A,3j8a_A,2.378935652035949,366,1.0583994920002522,0.3439378752527879,2578,334,7,4,11,6,20,7,measured
Adducin 1,6685_151,3857,8iai,8iai_I,8iai_1,5YU8,5yu8_C,2.378935652035949,360,2.6347660345547013,1.5313270973597033,2578,334,0,0,1,1,2,1,measured
Adducin 1,6685_152,3823,8iai,8iai_K,8iai_1,3J8A,3j8a_A,2.5574453394192713,366,1.099704081429935,0.1151180536874937,2578,334,243,75,415,89,551,99,measured
Adducin 1,6685_152,3823,8iai,8iai_K,8iai_1,5YU8,5yu8_C,2.5574453394192713,359,2.475877261825828,0.27745492565566277,2578,334,142,50,253,58,333,66,measured
Adducin 1,6685_153,4045,8iah,8iah_L,8iah_1,3J8A,3j8a_A,3.8707940254322817,366,1.1688999365745967,0.16710719193651008,2585,334,382,109,609,128,782,140,measured
Adducin 1,6685_153,4045,8iah,8iah_L,8iah_1,5YU8,5yu8_C,3.8707940254322817,360,2.3273325038763417,0.13108396655715424,2585,334,428,130,738,153,941,157,measured
Adducin 1,6685_154,4046,8iah,8iah_L,8iah_2,3J8A,3j8a_A,3.1510773111468837,366,1.1688999365745967,0.1626198248244203,2263,294,596,172,987,196,1289,211,measured
Adducin 1,6685_154,4046,8iah,8iah_L,8iah_2,5YU8,5yu8_C,3.1510773111468837,360,2.3273325038763417,0.0819710946734078,2263,294,606,191,1040,208,1329,219,measured
Adenylyl cyclase-associated protein 1,6685_208,3012,9y9j,9y9j_A,9y9j_X,3J8A,3j8a_A,2.6800188460305168,366,3.4073189268763175,0.10171905775388929,1372,174,348,106,607,120,796,130,poor anchor fit (>3 Å): inspect
Adenylyl cyclase-associated protein 1,6685_208,3012,9y9j,9y9j_A,9y9j_X,5YU8,5yu8_C,2.6800188460305168,360,0.8649986134459736,0.111846105261566,1372,174,319,94,527,101,669,108,measured
Adenylyl cyclase-associated protein 1,6685_276,3219,9xye,9xye_A,9xye_X,3J8A,3j8a_A,4.397250499371679,366,2.9092880257328533,0.21201076222005716,1358,172,319,91,537,108,689,119,measured
Adenylyl cyclase-associated protein 1,6685_276,3219,9xye,9xye_A,9xye_X,5YU8,5yu8_C,4.397250499371679,360,1.192086199953893,0.12293398461087145,1358,172,220,69,372,80,492,91,measured
Adenylyl cyclase-associated protein 1,6685_65,3335,9q7o,9q7o_A,9q7o_W,3J8A,3j8a_A,2.970317760257704,366,2.8076611827651705,0.06398819278187867,1358,172,290,90,491,100,653,104,measured
Adenylyl cyclase-associated protein 1,6685_65,3335,9q7o,9q7o_A,9q7o_W,5YU8,5yu8_C,2.970317760257704,360,1.0663466265662191,0.19277647836502032,1358,172,290,92,510,107,651,114,measured
Afadin,6685_234,345,9dva,9dva_B,9dva_G,3J8A,3j8a_A,2.958277993702679,366,1.0492346047273766,8.969769000279427,610,71,0,0,0,0,0,0,measured
Afadin,6685_234,345,9dva,9dva_B,9dva_G,5YU8,5yu8_C,2.958277993702679,360,2.6811207919785844,9.28304359391373,610,71,0,0,0,0,0,0,measured
Alpha-catenin-like protein hmp-1,6685_0,2125,7uuw,7uuw_B,7uuw_G,3J8A,3j8a_A,2.289522026893902,366,1.1192108812324295,0.5880461716159369,1226,159,5,4,11,5,24,12,measured
Alpha-catenin-like protein hmp-1,6685_0,2125,7uuw,7uuw_B,7uuw_G,5YU8,5yu8_C,2.289522026893902,359,2.6671577586693678,1.9899586491403336,1226,159,0,0,1,1,2,2,measured
Alpha-catenin-like protein hmp-1,6685_141,2140,7uuw,7uuw_A,7uuw_H,3J8A,3j8a_A,2.7063692463139,366,1.1192396060638101,1.8755707398170598,1226,159,0,0,2,2,5,4,measured
Alpha-catenin-like protein hmp-1,6685_141,2140,7uuw,7uuw_A,7uuw_H,5YU8,5yu8_C,2.7063692463139,359,2.6671649894941503,0.8442321266614828,1226,159,10,7,23,10,38,12,measured
Beta-adducin,6685_150,4070,8iah,8iah_K,8iah_9,3J8A,3j8a_A,2.222901316594911,366,1.0402884853565202,0.6327011056769399,455,54,14,7,31,9,41,10,measured
Beta-adducin,6685_150,4070,8iah,8iah_K,8iah_9,5YU8,5yu8_C,2.222901316594911,360,2.5909084586708118,4.783157151440086,455,54,0,0,0,0,0,0,measured
Beta-adducin,6685_151,3841,8iai,8iai_J,8iai_3,3J8A,3j8a_A,2.5860203806410835,366,1.0751156641683202,0.4697260727596474,2639,338,8,4,11,5,18,7,measured
Beta-adducin,6685_151,3841,8iai,8iai_J,8iai_3,5YU8,5yu8_C,2.5860203806410835,360,2.5701836653588814,0.705712337140245,2639,338,17,6,31,7,36,7,measured
Beta-adducin,6685_152,4047,8iah,8iah_L,8iah_3,3J8A,3j8a_A,3.0383563272745437,366,1.1688999365745967,0.16218347078092768,2870,365,218,77,404,100,571,112,measured
Beta-adducin,6685_152,4047,8iah,8iah_L,8iah_3,5YU8,5yu8_C,3.0383563272745437,360,2.3273325038763417,0.14092797014356578,2870,365,340,104,563,118,733,137,measured
Beta-adducin,6685_155,4095,8iah,8iah_J,8iah_3,3J8A,3j8a_A,2.467968863367692,366,1.0539345206613757,0.5999784463165022,2870,365,16,9,28,14,53,20,measured
Beta-adducin,6685_155,4095,8iah,8iah_J,8iah_3,5YU8,5yu8_C,2.467968863367692,360,2.5788666607503474,0.5030813332836568,2870,365,47,16,72,19,102,27,measured
Beta-adducin,6685_156,4069,8iah,8iah_K,8iah_3,3J8A,3j8a_A,2.445217246161411,366,1.0402884853565202,0.3275337200003372,2870,365,162,59,287,75,410,90,measured
Beta-adducin,6685_156,4069,8iah,8iah_K,8iah_3,5YU8,5yu8_C,2.445217246161411,360,2.5909084586708118,0.367923835297644,2870,365,126,43,219,56,311,66,measured
Beta-adducin,6685_157,4048,8iah,8iah_L,8iah_4,3J8A,3j8a_A,2.339308892164397,366,1.1688999365745967,0.3742190973952736,2157,280,145,53,242,60,342,69,measured
Beta-adducin,6685_157,4048,8iah,8iah_L,8iah_4,5YU8,5yu8_C,2.339308892164397,360,2.3273325038763417,0.37259958022444556,2157,280,102,31,169,41,234,48,measured
Beta-adducin,6685_166,3824,8iai,8iai_K,8iai_3,3J8A,3j8a_A,3.216920776302975,366,1.099704081429935,0.1992718989519266,2639,338,66,24,105,30,155,38,measured
Beta-adducin,6685_166,3824,8iai,8iai_K,8iai_3,5YU8,5yu8_C,3.216920776302975,359,2.475877261825828,0.5224342517144283,2639,338,13,5,31,8,47,9,measured
Catenin alpha-1,6685_0,2963,6upv,6upv_C,6upv_L,3J8A,3j8a_A,2.4912870065854302,366,1.0609110864697784,0.4423293028638863,1304,173,8,4,14,7,26,9,measured
Catenin alpha-1,6685_0,2963,6upv,6upv_C,6upv_L,5YU8,5yu8_C,2.4912870065854302,359,2.628431937895275,2.411811809484906,1304,173,0,0,0,0,1,1,measured
Catenin alpha-1,6685_102,2010,7utj,7utj_B,7utj_G,3J8A,3j8a_A,2.9647475806651307,366,1.2081416348214928,0.7092680923296759,1179,156,6,4,16,6,31,11,measured
Catenin alpha-1,6685_102,2010,7utj,7utj_B,7utj_G,5YU8,5yu8_C,2.9647475806651307,359,2.679991256356493,2.4305612977340587,1179,156,0,0,0,0,1,1,measured
Catenin alpha-1,6685_141,2029,7utj,7utj_A,7utj_H,3J8A,3j8a_A,2.4814017563461017,366,1.2084606592774088,1.2811032168219072,1179,156,1,1,1,1,4,3,measured
Catenin alpha-1,6685_141,2029,7utj,7utj_A,7utj_H,5YU8,5yu8_C,2.4814017563461017,359,2.679829722426425,0.6964144009737663,1179,156,15,8,28,12,44,15,measured
Catenin alpha-1,6685_16,2943,6upv,6upv_A,6upv_L,3J8A,3j8a_A,2.7934497610783366,366,1.047037863131577,1.3178524447865538,1304,173,1,1,3,2,5,4,measured
Catenin alpha-1,6685_16,2943,6upv,6upv_A,6upv_L,5YU8,5yu8_C,2.7934497610783366,359,2.6194657848637424,0.4690828538799303,1304,173,17,6,25,9,43,15,measured
Cell invasion protein SipA,6685_154,952,8c4e,8c4e_C,8c4e_K,3J8A,3j8a_A,2.8913549710122997,366,1.2231489962654043,0.6924824649172172,1347,172,3,3,8,6,28,17,measured
Cell invasion protein SipA,6685_154,952,8c4e,8c4e_C,8c4e_K,5YU8,5yu8_C,2.8913549710122997,360,2.685596754370531,0.2961845869000126,1347,172,127,37,204,41,258,49,measured
Cell invasion protein SipA,6685_178,1000,8c4e,8c4e_A,8c4e_N,3J8A,3j8a_A,2.7969326485021786,366,1.3181447979454897,0.9048121352199271,1347,172,10,8,23,13,47,23,measured
Cell invasion protein SipA,6685_178,1000,8c4e,8c4e_A,8c4e_N,5YU8,5yu8_C,2.7969326485021786,360,2.649443054560737,0.4499602426552471,1347,172,49,19,83,24,121,36,measured
Cell invasion protein SipA,6685_179,1016,8uee,8uee_L,8uee_A,3J8A,3j8a_A,2.768378963141445,366,1.0802838668124295,0.8132617383359898,1348,172,7,6,15,8,31,15,measured
Cell invasion protein SipA,6685_179,1016,8uee,8uee_L,8uee_A,5YU8,5yu8_C,2.768378963141445,360,2.701100817999305,0.4297259179358345,1348,172,15,9,32,17,55,20,measured
Cell invasion protein SipA,6685_180,999,8c4e,8c4e_A,8c4e_M,3J8A,3j8a_A,2.712677299098581,366,1.3181447979454897,0.2917581823265079,1347,172,33,13,52,16,70,18,measured
Cell invasion protein SipA,6685_180,999,8c4e,8c4e_A,8c4e_M,5YU8,5yu8_C,2.712677299098581,360,2.649443054560737,0.46470813518752346,1347,172,27,13,56,19,95,27,measured
Cell invasion protein SipA,6685_181,1036,8uee,8uee_K,8uee_C,3J8A,3j8a_A,3.8315372410181237,366,1.0512439332374106,0.8814976546460963,1348,172,7,6,17,11,34,14,measured
Cell invasion protein SipA,6685_181,1036,8uee,8uee_K,8uee_C,5YU8,5yu8_C,3.8315372410181237,360,2.654191873120674,0.48762892562186744,1348,172,99,37,170,47,239,55,measured
Cell invasion protein SipA,6685_189,1192,8c4c,8c4c_A,8c4c_M,3J8A,3j8a_A,2.9244683433702128,366,1.3167800684640703,0.9793720795232013,1223,156,5,4,14,7,21,9,measured
Cell invasion protein SipA,6685_189,1192,8c4c,8c4c_A,8c4c_M,5YU8,5yu8_C,2.9244683433702128,360,2.66664885895192,0.5285807508317548,1223,156,23,12,48,17,80,23,measured
Cell invasion protein SipA,6685_190,1193,8c4c,8c4c_A,8c4c_N,3J8A,3j8a_A,2.4876744206515577,366,1.3167800684640703,1.109683914587929,1223,156,5,4,16,10,37,20,measured
Cell invasion protein SipA,6685_190,1193,8c4c,8c4c_A,8c4c_N,5YU8,5yu8_C,2.4876744206515577,360,2.66664885895192,0.39173762690564445,1223,156,33,12,59,19,87,27,measured
Cell invasion protein SipA,6685_191,979,8c4e,8c4e_B,8c4e_M,3J8A,3j8a_A,3.0122417610501904,366,1.274931353501406,0.6387966652461008,1347,172,3,2,11,6,20,8,measured
Cell invasion protein SipA,6685_191,979,8c4e,8c4e_B,8c4e_M,5YU8,5yu8_C,3.0122417610501904,360,2.693998580966124,0.3080089842563582,1347,172,25,7,37,11,57,16,measured
Cell invasion protein SipA,6685_192,953,8c4e,8c4e_C,8c4e_M,3J8A,3j8a_A,3.508370064208589,366,1.2231489962654043,1.2290551601016366,1347,172,3,3,13,12,29,16,measured
Cell invasion protein SipA,6685_192,953,8c4e,8c4e_C,8c4e_M,5YU8,5yu8_C,3.508370064208589,360,2.685596754370531,0.18733481945117256,1347,172,102,37,177,50,255,57,measured
Cell invasion protein SipA,6685_235,221,8vfm,8vfm_L,8vfm_A,3J8A,3j8a_A,2.8694247210387225,366,1.1067240284438757,0.890690038488747,1223,162,5,5,13,8,27,13,measured
Cell invasion protein SipA,6685_235,221,8vfm,8vfm_L,8vfm_A,5YU8,5yu8_C,2.8694247210387225,360,2.655497519593864,0.32915361965693357,1223,162,42,13,73,22,103,30,measured
Cell invasion protein SipA,6685_236,194,8vfm,8vfm_M,8vfm_A,3J8A,3j8a_A,3.6074445129795896,366,1.1066691388207228,0.8248368932863024,1223,162,2,2,8,6,24,11,measured
Cell invasion protein SipA,6685_236,194,8vfm,8vfm_M,8vfm_A,5YU8,5yu8_C,3.6074445129795896,360,2.655491811304826,0.20766669502604962,1223,162,97,36,152,42,227,50,measured
Cofilin,6685_0,1687,38kn,38kn_A,38kn_a,3J8A,3j8a_A,2.831670729734249,366,3.1096593212060775,0.26869533423804304,1193,152,80,24,131,33,181,40,poor anchor fit (>3 Å): inspect
Cofilin,6685_0,1687,38kn,38kn_A,38kn_a,5YU8,5yu8_C,2.831670729734249,360,0.5626094375788778,2.4039634299303856,1193,152,0,0,0,0,1,1,measured
Cofilin,6685_290,1655,38kn,38kn_C,38kn_a,3J8A,3j8a_A,2.9642226452619256,366,3.1096095640019956,0.5616425647336454,1193,152,9,4,15,5,25,6,poor anchor fit (>3 Å): inspect
Cofilin,6685_290,1655,38kn,38kn_C,38kn_a,5YU8,5yu8_C,2.9642226452619256,360,0.562637144429307,1.4219954991701624,1193,152,1,1,1,1,11,7,measured
Cofilin (UNC-60B),6685_0,2083,38jl,38jl_A,38jl_a,3J8A,3j8a_A,2.835045569288666,366,3.083811992037769,0.32631318630169026,1193,152,83,26,131,34,184,41,poor anchor fit (>3 Å): inspect
Cofilin (UNC-60B),6685_0,2083,38jl,38jl_A,38jl_a,5YU8,5yu8_C,2.835045569288666,360,0.5449937612982205,2.49787794038968,1193,152,0,0,0,0,1,1,measured
Cofilin (UNC-60B),6685_290,2047,38jl,38jl_C,38jl_a,3J8A,3j8a_A,2.9389162100770143,366,3.09232714331378,0.25171056751271986,1193,152,13,5,18,5,24,6,poor anchor fit (>3 Å): inspect
Cofilin (UNC-60B),6685_290,2047,38jl,38jl_C,38jl_a,5YU8,5yu8_C,2.9389162100770143,360,0.5483826441989152,1.3330672128899794,1193,152,1,1,3,3,10,6,measured
Cofilin-1,6685_0,780,9qfj,9qfj_A,9qfj_G,3J8A,3j8a_A,2.5955952759809593,355,2.528923850472329,0.30710597956962643,1288,165,55,19,93,27,148,36,measured
Cofilin-1,6685_0,780,9qfj,9qfj_A,9qfj_G,5YU8,5yu8_C,2.5955952759809593,358,0.5454638504748412,1.8369681489482146,1288,165,0,0,1,1,3,3,measured
Cofilin-1,6685_200,1225,9qfd,9qfd_A,9qfd_J,3J8A,3j8a_A,2.624197645024789,355,2.5471824336816673,0.2662857014424921,1288,165,56,21,99,27,153,36,measured
Cofilin-1,6685_200,1225,9qfd,9qfd_A,9qfd_J,5YU8,5yu8_C,2.624197645024789,358,0.5355602806716725,1.6633537321646155,1288,165,0,0,1,1,3,3,measured
Cofilin-1,6685_21,758,9qfj,9qfj_B,9qfj_F,3J8A,3j8a_A,2.5689383939217594,355,2.528919630929005,0.5858916311816154,1288,165,11,3,14,4,17,6,measured
Cofilin-1,6685_21,758,9qfj,9qfj_B,9qfj_F,5YU8,5yu8_C,2.5689383939217594,358,0.5454662826193839,2.2930248047374677,1288,165,0,0,0,0,1,1,measured
Cofilin-2,6685_0,2666,9y9p,9y9p_A,9y9p_a,3J8A,3j8a_A,2.870878019882888,356,2.5533824471333317,0.4119233033233822,1317,166,50,20,98,32,146,34,measured
Cofilin-2,6685_0,2666,9y9p,9y9p_A,9y9p_a,5YU8,5yu8_C,2.870878019882888,359,0.4109872384723735,2.6182715347844923,1317,166,0,0,0,0,0,0,measured
Cofilin-2,6685_21,2621,9y9p,9y9p_C,9y9p_a,3J8A,3j8a_A,2.9640808338371594,356,2.553299597561261,0.24753523239172015,1317,166,9,3,18,6,32,9,measured
Cofilin-2,6685_21,2621,9y9p,9y9p_C,9y9p_a,5YU8,5yu8_C,2.9640808338371594,359,0.41098222498365117,2.6649711814052903,1317,166,0,0,0,0,0,0,measured
"Coronin-1B,Methylated-DNA--protein-cysteine methyltransferase",6685_260,1516,9qey,9qey_C,9qey_H,3J8A,3j8a_A,2.6134807421720367,366,1.145322019562166,0.4433334449891893,3032,386,2,1,6,2,13,5,measured
"Coronin-1B,Methylated-DNA--protein-cysteine methyltransferase",6685_260,1516,9qey,9qey_C,9qey_H,5YU8,5yu8_C,2.6134807421720367,360,2.6570656359959233,0.9879605474519751,3032,386,2,1,2,1,4,1,measured
"Coronin-1B,Methylated-DNA--protein-cysteine methyltransferase",6685_261,1449,9qf2,9qf2_A,9qf2_F,3J8A,3j8a_A,2.7412022688857363,362,1.343890270507544,0.8219839610089923,3090,393,6,5,18,9,31,12,measured
"Coronin-1B,Methylated-DNA--protein-cysteine methyltransferase",6685_261,1449,9qf2,9qf2_A,9qf2_F,5YU8,5yu8_C,2.7412022688857363,360,2.1457529566336953,0.46952524941572743,3090,393,12,7,20,8,30,9,measured
"Coronin-1B,Methylated-DNA--protein-cysteine methyltransferase",6685_262,1450,9qf2,9qf2_A,9qf2_G,3J8A,3j8a_A,2.541582856259773,362,1.343890270507544,0.6243196933646241,3090,393,12,7,28,11,50,14,measured
"Coronin-1B,Methylated-DNA--protein-cysteine methyltransferase",6685_262,1450,9qf2,9qf2_A,9qf2_G,5YU8,5yu8_C,2.541582856259773,360,2.1457529566336953,0.5715923637836489,3090,393,27,12,60,19,91,28,measured
"Coronin-1B,Methylated-DNA--protein-cysteine methyltransferase",6685_263,1430,9qf2,9qf2_B,9qf2_I,3J8A,3j8a_A,2.3584705093603167,362,1.3514230194847725,0.945823447748453,3090,393,7,6,18,11,39,15,measured
"Coronin-1B,Methylated-DNA--protein-cysteine methyltransferase",6685_263,1430,9qf2,9qf2_B,9qf2_I,5YU8,5yu8_C,2.3584705093603167,360,2.147900828942311,0.27516255934160244,3090,393,23,9,37,11,56,14,measured
"Coronin-1B,Methylated-DNA--protein-cysteine methyltransferase",6685_264,1428,9qf2,9qf2_B,9qf2_F,3J8A,3j8a_A,3.117217721761213,362,1.3514230194847725,1.417529323122892,3090,393,1,1,5,3,15,7,measured
"Coronin-1B,Methylated-DNA--protein-cysteine methyltransferase",6685_264,1428,9qf2,9qf2_B,9qf2_F,5YU8,5yu8_C,3.117217721761213,360,2.147900828942311,0.36595342103685125,3090,393,69,25,118,33,183,39,measured
"Coronin-1B,Methylated-DNA--protein-cysteine methyltransferase",6685_265,907,9qfg,9qfg_A,9qfg_L,3J8A,3j8a_A,2.601122934545121,355,2.5224701980564346,0.601411097708908,3090,393,18,11,37,14,55,16,measured
"Coronin-1B,Methylated-DNA--protein-cysteine methyltransferase",6685_265,907,9qfg,9qfg_A,9qfg_L,5YU8,5yu8_C,2.601122934545121,358,0.5485804258095384,0.5521840268606725,3090,393,26,9,52,16,82,24,measured
"Coronin-1B,Methylated-DNA--protein-cysteine methyltransferase",6685_44,1556,9qey,9qey_A,9qey_H,3J8A,3j8a_A,2.633880820992526,366,1.114870725486429,1.280534953879644,3032,386,2,1,4,2,10,5,measured
"Coronin-1B,Methylated-DNA--protein-cysteine methyltransferase",6685_44,1556,9qey,9qey_A,9qey_H,5YU8,5yu8_C,2.633880820992526,360,2.6514114137862754,1.537588044322637,3032,386,0,0,1,1,2,1,measured
Dematin actin binding protein,6685_158,3985,8iai,8iai_C,8iai_5,3J8A,3j8a_A,2.326543431991695,366,1.059643105056577,1.2285582729447808,974,119,7,7,9,8,33,16,measured
Dematin actin binding protein,6685_158,3985,8iai,8iai_C,8iai_5,5YU8,5yu8_C,2.326543431991695,360,2.632587608909637,0.394006432610064,974,119,55,18,94,22,136,25,measured
Dematin actin binding protein,6685_159,3959,8iai,8iai_D,8iai_5,3J8A,3j8a_A,2.2932560036496286,366,1.0389016903806854,1.2183444267551549,974,119,2,2,9,6,25,10,measured
Dematin actin binding protein,6685_159,3959,8iai,8iai_D,8iai_5,5YU8,5yu8_C,2.2932560036496286,360,2.676168084172074,0.49696473566233235,974,119,19,7,34,8,48,8,measured
Dematin actin binding protein,6685_160,3935,8iai,8iai_E,8iai_5,3J8A,3j8a_A,2.839037076691118,366,1.061140016019271,1.0766274221069156,974,119,5,4,11,6,36,18,measured
Dematin actin binding protein,6685_160,3935,8iai,8iai_E,8iai_5,5YU8,5yu8_C,2.839037076691118,360,2.726954422465003,0.782817460105471,974,119,12,4,22,8,34,12,measured
Dematin actin binding protein,6685_167,4345,8ib2,8ib2_D,8ib2_5,3J8A,3j8a_A,3.3844433866418404,366,1.0377452715041504,1.2262321094631656,549,66,1,1,3,1,10,1,measured
Dematin actin binding protein,6685_167,4345,8ib2,8ib2_D,8ib2_5,5YU8,5yu8_C,3.3844433866418404,360,2.6591313543515245,0.5952754205465595,549,66,12,2,16,4,24,7,measured
Dematin actin binding protein,6685_168,4324,8ib2,8ib2_E,8ib2_5,3J8A,3j8a_A,2.4715949405352777,366,1.0632201944614057,3.1225906740418186,549,66,0,0,0,0,0,0,measured
Dematin actin binding protein,6685_168,4324,8ib2,8ib2_E,8ib2_5,5YU8,5yu8_C,2.4715949405352777,360,2.713936843779961,0.6254941481632432,549,66,11,3,20,3,27,4,measured
Epididymis secretory protein Li 37,6685_15,642,6vec,6vec_A,6vec_e,3J8A,3j8a_A,2.8090610356244965,366,1.0746246837883324,0.5523441751003717,1909,241,6,5,10,5,23,9,measured
Epididymis secretory protein Li 37,6685_15,642,6vec,6vec_A,6vec_e,5YU8,5yu8_C,2.8090610356244965,359,2.545319442473052,2.224909323380492,1909,241,0,0,0,0,1,1,measured
Epididymis secretory protein Li 37,6685_16,580,6vec,6vec_C,6vec_c,3J8A,3j8a_A,2.803705893958447,366,1.07462243900899,1.3231725525534797,1909,241,3,1,5,3,7,3,measured
Epididymis secretory protein Li 37,6685_16,580,6vec,6vec_C,6vec_c,5YU8,5yu8_C,2.803705893958447,359,2.5453187816702214,1.2629442367487664,1909,241,2,1,3,2,4,2,measured
Epididymis secretory protein Li 37,6685_29,641,6vec,6vec_A,6vec_a,3J8A,3j8a_A,2.7165781057473537,366,1.0746246837883324,1.689267023488634,1909,241,0,0,3,1,6,3,measured
Epididymis secretory protein Li 37,6685_29,641,6vec,6vec_A,6vec_a,5YU8,5yu8_C,2.7165781057473537,359,2.545319442473052,1.0163897981452454,1909,241,2,1,3,2,5,2,measured
F-actin-capping protein subunit alpha-1,6685_14,3703,8p94,8p94_H,8p94_U,3J8A,3j8a_A,2.0517209879745946,366,1.1317292992276493,0.22426474159060272,2219,276,366,109,629,135,863,144,measured
F-actin-capping protein subunit alpha-1,6685_14,3703,8p94,8p94_H,8p94_U,5YU8,5yu8_C,2.0517209879745946,360,2.7152144442009263,0.2045517778589248,2219,276,404,125,700,146,929,156,measured
F-actin-capping protein subunit alpha-1,6685_278,2837,9y9l,9y9l_D,9y9l_Y,3J8A,3j8a_A,3.0204496083986427,356,2.52530899977201,0.28851255239915585,2183,269,184,66,316,77,442,84,measured
F-actin-capping protein subunit alpha-1,6685_278,2837,9y9l,9y9l_D,9y9l_Y,5YU8,5yu8_C,3.0204496083986427,359,0.5828434393581082,0.17755634699882786,2183,269,287,97,542,112,730,127,measured
F-actin-capping protein subunit alpha-1,6685_68,3001,9yim,9yim_E,9yim_Y,3J8A,3j8a_A,3.0399595631097602,366,1.125759797233428,0.10030229023747383,2259,278,477,135,782,155,1055,175,measured
F-actin-capping protein subunit alpha-1,6685_68,3001,9yim,9yim_E,9yim_Y,5YU8,5yu8_C,3.0399595631097602,360,2.435108388270112,0.17165869766023192,2259,278,462,131,776,151,1017,174,measured
F-actin-capping protein subunit alpha-1,6685_91,3479,8p94,8p94_W,8p94_U,3J8A,3j8a_A,2.7910831364438455,366,1.1033442408363412,0.1846973847734429,2219,276,483,137,779,157,1031,174,measured
F-actin-capping protein subunit alpha-1,6685_91,3479,8p94,8p94_W,8p94_U,5YU8,5yu8_C,2.7910831364438455,360,2.5306106333689082,0.19608011076841414,2219,276,473,139,795,154,1033,174,measured
F-actin-capping protein subunit alpha-1,6685_92,3021,9yim,9yim_D,9yim_Y,3J8A,3j8a_A,2.9445948249324907,366,1.0585665887076463,0.18821524368774833,2259,278,380,116,646,133,845,144,measured
F-actin-capping protein subunit alpha-1,6685_92,3021,9yim,9yim_D,9yim_Y,5YU8,5yu8_C,2.9445948249324907,360,2.6282871633314833,0.2952296518645897,2259,278,387,123,704,138,939,153,measured
F-actin-capping protein subunit beta,6685_169,3022,9yim,9yim_D,9yim_Z,3J8A,3j8a_A,3.136746233559034,366,1.0585665887076463,0.13572738322299074,2131,270,298,98,496,116,683,132,measured
F-actin-capping protein subunit beta,6685_169,3022,9yim,9yim_D,9yim_Z,5YU8,5yu8_C,3.136746233559034,360,2.6282871633314833,0.21254308242439326,2131,270,382,111,614,124,809,130,measured
F-actin-capping protein subunit beta,6685_170,3002,9yim,9yim_E,9yim_Z,3J8A,3j8a_A,3.0133739999923477,366,1.125759797233428,0.18229683391660179,2131,270,328,105,548,119,740,137,measured
F-actin-capping protein subunit beta,6685_170,3002,9yim,9yim_E,9yim_Z,5YU8,5yu8_C,3.0133739999923477,360,2.435108388270112,0.09590572852131095,2131,270,326,90,537,109,678,122,measured
F-actin-capping protein subunit beta,6685_279,2716,9y9m,9y9m_D,9y9m_Z,3J8A,3j8a_A,3.064568633737474,356,2.3962317885690134,0.06665257954207174,2131,270,265,87,461,100,620,113,measured
F-actin-capping protein subunit beta,6685_279,2716,9y9m,9y9m_D,9y9m_Z,5YU8,5yu8_C,3.064568633737474,359,0.808087469702784,0.2176727504653964,2131,270,292,86,498,104,648,117,measured
Filamin-A,6685_15,3654,6d8c,6d8c_H,6d8c_A,3J8A,3j8a_A,2.694054139050813,366,1.1326793502942605,0.7670331910369477,985,121,5,3,14,9,31,12,measured
Filamin-A,6685_15,3654,6d8c,6d8c_H,6d8c_A,5YU8,5yu8_C,2.694054139050813,359,2.6040874753549703,2.3714382135073797,985,121,0,0,0,0,1,1,measured
Filamin-A,6685_16,3715,6d8c,6d8c_J,6d8c_A,3J8A,3j8a_A,2.6551077454476193,366,1.132649461819875,0.5994677268025754,985,121,3,2,6,2,8,3,measured
Filamin-A,6685_16,3715,6d8c,6d8c_J,6d8c_A,5YU8,5yu8_C,2.6551077454476193,359,2.60410452518506,2.1209146948162156,985,121,0,0,0,0,8,5,measured
Gelsolin,6685_0,2375,12bw,12bw_C,12bw_I,3J8A,3j8a_A,2.870940244757156,366,1.0562727235611846,1.5019401764252123,947,121,0,0,6,3,13,4,measured
Gelsolin,6685_0,2375,12bw,12bw_C,12bw_I,5YU8,5yu8_C,2.870940244757156,360,2.5923351987880032,2.334253117659328,947,121,0,0,0,0,1,1,measured
Gelsolin,6685_102,4518,12bz,12bz_D,12bz_J,3J8A,3j8a_A,2.8815020364066197,366,1.103164998041331,0.6303898126112701,1769,226,2,2,8,5,22,13,measured
Gelsolin,6685_102,4518,12bz,12bz_D,12bz_J,5YU8,5yu8_C,2.8815020364066197,360,2.565038869349555,3.6048048470276792,1769,226,0,0,0,0,0,0,measured
Gelsolin,6685_231,697,8viz,8viz_D,8viz_G,3J8A,3j8a_A,2.4366584194325336,366,0.9966768395134356,0.22951177297801714,5613,720,21,9,35,13,69,30,measured
Gelsolin,6685_231,697,8viz,8viz_D,8viz_G,5YU8,5yu8_C,2.4366584194325336,360,2.6253084924972017,0.4954245070951399,5613,720,44,19,88,23,120,31,measured
Gelsolin,6685_232,677,8viz,8viz_E,8viz_G,3J8A,3j8a_A,2.7910695138357746,366,1.1008506369711013,0.2966570024185812,5613,720,88,31,143,41,212,62,measured
Gelsolin,6685_232,677,8viz,8viz_E,8viz_G,5YU8,5yu8_C,2.7910695138357746,360,2.3961770808833056,0.22238710554940572,5613,720,71,25,130,33,182,42,measured
Gelsolin,6685_233,660,8viz,8viz_F,8viz_G,3J8A,3j8a_A,2.4765883884464466,366,1.3968036581552203,0.2596673247338714,5613,720,134,44,244,62,338,69,measured
Gelsolin,6685_233,660,8viz,8viz_F,8viz_G,5YU8,5yu8_C,2.4765883884464466,360,1.909536967218996,0.26094754417304755,5613,720,65,22,113,25,152,32,measured
Gelsolin,6685_286,2342,12bw,12bw_E,12bw_I,3J8A,3j8a_A,2.8751791103870636,366,1.1079295682220711,2.263613320290657,947,121,0,0,0,0,3,2,measured
Gelsolin,6685_286,2342,12bw,12bw_E,12bw_I,5YU8,5yu8_C,2.8751791103870636,360,2.494753646110763,0.47905259332324396,947,121,4,1,6,2,9,2,measured
Gelsolin,6685_287,2230,12by,12by_E,12by_I,3J8A,3j8a_A,2.766425555136444,366,1.1893897223918768,2.2360424692575833,1813,232,0,0,0,0,2,2,measured
Gelsolin,6685_287,2230,12by,12by_E,12by_I,5YU8,5yu8_C,2.766425555136444,360,2.3523565860355955,0.5892534400969378,1813,232,8,4,13,6,23,9,measured
Inositol-trisphosphate 3-kinase A,6685_102,4275,9hm9,9hm9_C,9hm9_F,3J8A,3j8a_A,2.4155486188155595,366,1.1289839774432084,1.932257241721472,158,21,0,0,1,1,3,1,measured
Inositol-trisphosphate 3-kinase A,6685_102,4275,9hm9,9hm9_C,9hm9_F,5YU8,5yu8_C,2.4155486188155595,360,2.641065654761623,11.435253715892763,158,21,0,0,0,0,0,0,measured
Inositol-trisphosphate 3-kinase A,6685_121,4371,9gob,9gob_C,9gob_F,3J8A,3j8a_A,2.728439274915099,366,1.1565846876514527,1.0953394977826867,174,24,2,2,5,3,8,4,measured
Inositol-trisphosphate 3-kinase A,6685_121,4371,9gob,9gob_C,9gob_F,5YU8,5yu8_C,2.728439274915099,360,2.651460515811242,8.412410518162229,174,24,0,0,0,0,0,0,measured
Inositol-trisphosphate 3-kinase A,6685_144,2501,9qgk,9qgk_I,9qgk_A,3J8A,3j8a_A,2.6970395735227872,366,1.1426198753786925,0.5502163912992474,167,23,4,2,6,3,8,3,measured
Inositol-trisphosphate 3-kinase A,6685_144,2501,9qgk,9qgk_I,9qgk_A,5YU8,5yu8_C,2.6970395735227872,360,2.635307178392096,7.457635115461361,167,23,0,0,0,0,0,0,measured
Inositol-trisphosphate 3-kinase A,6685_241,2516,9qgk,9qgk_H,9qgk_A,3J8A,3j8a_A,3.1853837201914765,366,1.1524993863925415,2.5358645239103046,167,23,0,0,0,0,0,0,measured
Inositol-trisphosphate 3-kinase A,6685_241,2516,9qgk,9qgk_H,9qgk_A,5YU8,5yu8_C,3.1853837201914765,360,2.6934675136270148,0.3386419093975416,167,23,13,4,16,4,24,8,measured
Inverted formin-2,6685_0,4552,9az4,9az4_B,9az4_G,3J8A,3j8a_A,3.2366309063616687,366,1.0856846185314122,1.263110030913831,3140,393,1,1,5,2,6,2,measured
Inverted formin-2,6685_0,4552,9az4,9az4_B,9az4_G,5YU8,5yu8_C,3.2366309063616687,360,2.643739339344597,3.4850907766062735,3140,393,0,0,0,0,0,0,measured
Inverted formin-2,6685_200,4481,9az4,9az4_E,9az4_G,3J8A,3j8a_A,2.435436771595351,366,1.2050518406646569,0.2501873501620789,3140,393,46,16,78,22,98,22,measured
Inverted formin-2,6685_200,4481,9az4,9az4_E,9az4_G,5YU8,5yu8_C,2.435436771595351,360,2.5571300914759525,0.6844031407269313,3140,393,11,4,17,7,27,8,measured
Inverted formin-2,6685_202,4459,9az4,9az4_F,9az4_G,3J8A,3j8a_A,2.7922168547188155,366,1.2998209649525696,0.2789621056694662,3140,393,39,12,74,22,111,30,measured
Inverted formin-2,6685_202,4459,9az4,9az4_F,9az4_G,5YU8,5yu8_C,2.7922168547188155,360,2.2886957624579796,0.33933336192111646,3140,393,36,15,71,19,98,23,measured
Inverted formin-2,6685_209,4509,9az4,9az4_D,9az4_G,3J8A,3j8a_A,2.4729730351388315,366,1.1636582971018012,0.5736601140315216,3140,393,8,3,9,3,21,6,measured
Inverted formin-2,6685_209,4509,9az4,9az4_D,9az4_G,5YU8,5yu8_C,2.4729730351388315,360,2.6675455493925995,0.6240797278049791,3140,393,14,7,26,11,40,13,measured
Inverted formin-2,6685_210,4482,9az4,9az4_E,9az4_H,3J8A,3j8a_A,3.4636794211337403,366,1.2050518406646569,1.2097185034181306,3157,396,3,2,10,5,24,9,measured
Inverted formin-2,6685_210,4482,9az4,9az4_E,9az4_H,5YU8,5yu8_C,3.4636794211337403,360,2.5571300914759525,0.5891708799646469,3157,396,12,6,24,11,48,16,measured
Inverted formin-2,6685_211,4460,9az4,9az4_F,9az4_H,3J8A,3j8a_A,2.7154304057926795,366,1.2998209649525696,0.0742922063926239,3157,396,22,9,44,12,63,16,measured
Inverted formin-2,6685_211,4460,9az4,9az4_F,9az4_H,5YU8,5yu8_C,2.7154304057926795,360,2.2886957624579796,0.5871775658429678,3157,396,7,2,11,3,16,4,measured
Inverted formin-2,6685_212,4389,9azp,9azp_D,9azp_G,3J8A,3j8a_A,2.8928759352439366,366,1.1352150803600378,0.6709998891386872,3057,382,3,1,4,1,8,5,measured
Inverted formin-2,6685_212,4389,9azp,9azp_D,9azp_G,5YU8,5yu8_C,2.8928759352439366,360,2.6639635465697378,1.0081167037087464,3057,382,1,1,3,2,4,2,measured
Inverted formin-2,6685_213,4365,9azp,9azp_E,9azp_G,3J8A,3j8a_A,2.6781920155273817,366,1.1256647910553346,0.6359898699972139,3057,382,14,7,24,8,35,10,measured
Inverted formin-2,6685_213,4365,9azp,9azp_E,9azp_G,5YU8,5yu8_C,2.6781920155273817,360,2.6132771974796913,0.5806115774404718,3057,382,6,3,16,6,24,8,measured
Inverted formin-2,6685_214,4366,9azp,9azp_E,9azp_H,3J8A,3j8a_A,2.4064477798707635,366,1.1256647910553346,0.7082261090004739,3071,384,5,5,13,9,28,15,measured
Inverted formin-2,6685_214,4366,9azp,9azp_E,9azp_H,5YU8,5yu8_C,2.4064477798707635,360,2.6132771974796913,0.5244377965612181,3071,384,12,4,20,6,33,12,measured
Inverted formin-2,6685_215,4321,9azp,9azp_I,9azp_G,3J8A,3j8a_A,2.352939242403502,366,2.4077439439686845,0.2701155482821599,3057,382,28,11,57,17,77,20,measured
Inverted formin-2,6685_215,4321,9azp,9azp_I,9azp_G,5YU8,5yu8_C,2.352939242403502,360,2.618806731492328,0.18712389649807257,3057,382,58,26,116,37,181,45,measured
Inverted formin-2,6685_217,4178,9azq,9azq_I,9azq_H,3J8A,3j8a_A,3.5829256732063692,366,1.219348911733916,0.37531098015404407,2584,323,40,15,72,21,103,27,measured
Inverted formin-2,6685_217,4178,9azq,9azq_I,9azq_H,5YU8,5yu8_C,3.5829256732063692,360,2.590522781037943,0.35178234211294795,2584,323,46,16,72,19,114,27,measured
Inverted formin-2,6685_218,4155,9b03,9b03_A,9b03_H,3J8A,3j8a_A,2.8554754097716715,366,1.0558336435223175,0.8214300834893935,3157,396,4,2,7,4,12,4,measured
Inverted formin-2,6685_218,4155,9b03,9b03_A,9b03_H,5YU8,5yu8_C,2.8554754097716715,360,2.63406239883052,4.114009785303268,3157,396,0,0,0,0,0,0,measured
Inverted formin-2,6685_219,4116,9b03,9b03_C,9b03_G,3J8A,3j8a_A,3.3461019130931637,366,1.1775271929398854,0.5831874589786445,3171,398,8,5,19,10,30,11,measured
Inverted formin-2,6685_219,4116,9b03,9b03_C,9b03_G,5YU8,5yu8_C,3.3461019130931637,360,2.6999840091855414,0.6930100249977718,3171,398,5,2,6,2,8,3,measured
Inverted formin-2,6685_220,4117,9b03,9b03_C,9b03_H,3J8A,3j8a_A,2.539052561685479,366,1.1775271929398854,0.8538042619320009,3157,396,5,3,5,3,11,5,measured
Inverted formin-2,6685_220,4117,9b03,9b03_C,9b03_H,5YU8,5yu8_C,2.539052561685479,360,2.6999840091855414,0.28843241629900884,3157,396,46,17,78,20,116,26,measured
Inverted formin-2,6685_221,4093,9b03,9b03_D,9b03_G,3J8A,3j8a_A,2.5345608493040794,366,1.2348243374447527,0.7212977349188635,3171,398,8,4,15,5,24,8,measured
Inverted formin-2,6685_221,4093,9b03,9b03_D,9b03_G,5YU8,5yu8_C,2.5345608493040794,360,2.718416672875209,0.5237199711748157,3171,398,12,9,24,13,41,13,measured
Inverted formin-2,6685_222,4094,9b03,9b03_D,9b03_H,3J8A,3j8a_A,2.388305316128548,366,1.2348243374447527,0.9330175622767012,3157,396,2,1,7,4,15,4,measured
Inverted formin-2,6685_222,4094,9b03,9b03_D,9b03_H,5YU8,5yu8_C,2.388305316128548,360,2.718416672875209,0.48319179481115815,3157,396,28,11,46,15,88,21,measured
Inverted formin-2,6685_223,4067,9b03,9b03_E,9b03_G,3J8A,3j8a_A,3.1063123085491244,366,1.2602703853694843,1.1582219968097907,3171,398,1,1,6,5,16,6,measured
Inverted formin-2,6685_223,4067,9b03,9b03_E,9b03_G,5YU8,5yu8_C,3.1063123085491244,360,2.76459584183846,0.33041447410250124,3171,398,20,7,37,12,70,18,measured
Inverted formin-2,6685_26,4322,9azp,9azp_I,9azp_H,3J8A,3j8a_A,2.4102937749549285,366,2.4077439439686845,0.04038027591021424,3071,384,77,25,128,34,192,42,measured
Inverted formin-2,6685_26,4322,9azp,9azp_I,9azp_H,5YU8,5yu8_C,2.4102937749549285,360,2.618806731492328,0.28494607242147124,3071,384,81,26,130,35,185,41,measured
Isoform 2 of F-actin-capping protein subunit beta,6685_169,3704,8p94,8p94_H,8p94_V,3J8A,3j8a_A,3.189822756404239,366,1.1317292992276493,0.27854402272437684,2118,270,311,99,500,123,688,131,measured
Isoform 2 of F-actin-capping protein subunit beta,6685_169,3704,8p94,8p94_H,8p94_V,5YU8,5yu8_C,3.189822756404239,360,2.7152144442009263,0.19582408210225336,2118,270,368,106,597,115,755,126,measured
Isoform 2 of F-actin-capping protein subunit beta,6685_89,3480,8p94,8p94_W,8p94_V,3J8A,3j8a_A,2.7432589062156247,366,1.1033442408363412,0.12553080868513675,2118,270,327,104,552,120,743,135,measured
Isoform 2 of F-actin-capping protein subunit beta,6685_89,3480,8p94,8p94_W,8p94_V,5YU8,5yu8_C,2.7432589062156247,360,2.5306106333689082,0.08315727306469081,2118,270,306,95,506,112,664,124,measured
Isoform 2 of F-actin-capping protein subunit beta,6685_90,4682,7pdz,7pdz_J,7pdz_E,3J8A,3j8a_A,2.9283272085835024,366,1.1759681746829558,0.2029911168502367,2146,272,322,111,583,120,778,132,measured
Isoform 2 of F-actin-capping protein subunit beta,6685_90,4682,7pdz,7pdz_J,7pdz_E,5YU8,5yu8_C,2.9283272085835024,360,2.7510035375538746,0.11724925778105487,2146,272,391,111,644,126,839,135,measured
"Isoform A2 of Troponin T, cardiac muscle",6685_136,3408,9e2e,9e2e_A,9e2e_K,3J8A,3j8a_A,1.8957787040228071,366,1.0332399471179177,0.8568928183748072,670,77,2,1,4,3,10,6,measured
"Isoform A2 of Troponin T, cardiac muscle",6685_136,3408,9e2e,9e2e_A,9e2e_K,5YU8,5yu8_C,1.8957787040228071,360,2.6376418110513247,0.4033488140177649,670,77,6,4,9,5,19,6,measured
"Isoform A2 of Troponin T, cardiac muscle",6685_138,3357,9e2e,9e2e_C,9e2e_K,3J8A,3j8a_A,1.890976959529047,366,0.9806391717112999,0.9047563776000594,670,77,4,2,6,3,15,7,measured
"Isoform A2 of Troponin T, cardiac muscle",6685_138,3357,9e2e,9e2e_C,9e2e_K,5YU8,5yu8_C,1.890976959529047,360,2.676222010024372,1.523253645363908,670,77,0,0,1,1,1,1,measured
Leiomodin-2,6685_164,4872,9zzj,9zzj_B,9zzj_L,3J8A,3j8a_A,2.8511767671921757,366,1.704833017334908,0.42886041174998674,1359,172,9,6,21,11,39,16,measured
Leiomodin-2,6685_164,4872,9zzj,9zzj_B,9zzj_L,5YU8,5yu8_C,2.8511767671921757,360,2.1131201113547555,0.674482772642043,1359,172,6,3,13,6,17,7,measured
Leiomodin-2,6685_282,4888,9zzj,9zzj_A,9zzj_L,3J8A,3j8a_A,2.9108042932310925,355,2.111277478160364,0.2843247567957867,1359,172,57,27,104,37,188,50,measured
Leiomodin-2,6685_282,4888,9zzj,9zzj_A,9zzj_L,5YU8,5yu8_C,2.9108042932310925,354,1.2643212967597828,0.3141639629943092,1359,172,50,18,100,28,154,40,measured
Leiomodin-2,6685_285,4745,9zzm,9zzm_O,9zzm_M,3J8A,3j8a_A,2.9163638481976784,356,2.0220144392895496,0.44645353752124367,1369,173,23,12,38,15,62,18,measured
Leiomodin-2,6685_285,4745,9zzm,9zzm_O,9zzm_M,5YU8,5yu8_C,2.9163638481976784,358,1.271436379124457,1.22923195013192,1369,173,7,4,17,8,36,13,measured
Leiomodin-2,6685_59,4858,9zzj,9zzj_C,9zzj_L,3J8A,3j8a_A,3.082148748912123,366,1.094274359363741,0.6926494691784785,1359,172,17,10,41,20,82,27,measured
Leiomodin-2,6685_59,4858,9zzj,9zzj_C,9zzj_L,5YU8,5yu8_C,3.082148748912123,360,2.6720920159728903,0.31557598705880413,1359,172,144,40,253,56,340,60,measured
Leiomodin-2,6685_84,4814,9zzm,9zzm_A,9zzm_L,3J8A,3j8a_A,2.881276486475713,366,2.2406049604852116,0.1522452509874675,1359,172,5,3,9,3,16,6,measured
Leiomodin-2,6685_84,4814,9zzm,9zzm_A,9zzm_L,5YU8,5yu8_C,2.881276486475713,360,1.2992642321730845,0.36888281146848184,1359,172,7,3,10,4,16,5,measured
"Maltose/maltodextrin-binding periplasmic protein,Adenylate cyclase ExoY",6685_25,4503,7p1g,7p1g_C,7p1g_O,3J8A,3j8a_A,3.324467009624253,366,1.3190431527826147,1.5382083024474886,2697,347,0,0,5,3,19,10,measured
"Maltose/maltodextrin-binding periplasmic protein,Adenylate cyclase ExoY",6685_25,4503,7p1g,7p1g_C,7p1g_O,5YU8,5yu8_C,3.324467009624253,360,2.791754921592092,0.2932262788725264,2697,347,36,15,65,24,110,36,measured
"Maltose/maltodextrin-binding periplasmic protein,Adenylate cyclase ExoY",6685_95,4476,7p1g,7p1g_A,7p1g_K,3J8A,3j8a_A,2.4148219675164158,366,1.319044282327373,1.9787819002661462,2697,347,0,0,1,1,1,1,measured
"Maltose/maltodextrin-binding periplasmic protein,Adenylate cyclase ExoY",6685_95,4476,7p1g,7p1g_A,7p1g_K,5YU8,5yu8_C,2.4148219675164158,360,2.7917455104745152,4.544780828115008,2697,347,0,0,0,0,0,0,measured
"Maltose/maltodextrin-binding periplasmic protein,TccC3",6685_119,3221,7z7h,7z7h_B,7z7h_F,3J8A,3j8a_A,2.5878586282641414,366,1.2453489112123097,0.6872355162621654,1427,181,4,1,13,7,19,9,measured
"Maltose/maltodextrin-binding periplasmic protein,TccC3",6685_119,3221,7z7h,7z7h_B,7z7h_F,5YU8,5yu8_C,2.5878586282641414,360,2.63303001194509,0.7196237684296946,1427,181,8,6,17,8,47,16,measured
"Maltose/maltodextrin-binding periplasmic protein,TccC3",6685_120,3241,7z7h,7z7h_D,7z7h_F,3J8A,3j8a_A,2.8045991559745547,366,1.1995009893402055,0.6181009951931175,1427,181,2,1,5,2,13,5,measured
"Maltose/maltodextrin-binding periplasmic protein,TccC3",6685_120,3241,7z7h,7z7h_D,7z7h_F,5YU8,5yu8_C,2.8045991559745547,360,2.641076557388106,3.7603002122534512,1427,181,0,0,0,0,0,0,measured
Myosin heavy chain 4,6685_193,3425,8zbm,8zbm_O,8zbm_A,3J8A,3j8a_A,3.0204156590373707,366,1.029405586561352,1.1054552853256887,5903,736,3,2,8,6,19,8,measured
Myosin heavy chain 4,6685_193,3425,8zbm,8zbm_O,8zbm_A,5YU8,5yu8_C,3.0204156590373707,360,2.6010621570853063,0.43180493115681917,5903,736,29,12,48,16,77,21,measured
Myosin heavy chain 4,6685_97,3471,8zbm,8zbm_E,8zbm_A,3J8A,3j8a_A,2.247791677288058,366,1.0266203327927927,2.0757923350646066,5903,736,0,0,0,0,2,2,measured
Myosin heavy chain 4,6685_97,3471,8zbm,8zbm_E,8zbm_A,5YU8,5yu8_C,2.247791677288058,360,2.6166805670916955,10.872404863959657,5903,736,0,0,0,0,0,0,measured
"Myosin-14,Alpha-actinin A",6685_6,2296,5jlh,5jlh_A,5jlh_F,3J8A,3j8a_A,2.4493828343381447,366,1.1913828697804147,1.892089140354143,5866,737,0,0,2,2,9,5,measured
"Myosin-14,Alpha-actinin A",6685_6,2296,5jlh,5jlh_A,5jlh_F,5YU8,5yu8_C,2.4493828343381447,360,2.5996421392496116,5.762042614639442,5866,737,0,0,0,0,0,0,measured
"Myosin-14,Alpha-actinin A",6685_80,2308,5jlh,5jlh_C,5jlh_F,3J8A,3j8a_A,2.6745331261471033,366,1.1888558754267526,1.392876167422521,5866,737,3,2,8,4,14,6,measured
"Myosin-14,Alpha-actinin A",6685_80,2308,5jlh,5jlh_C,5jlh_F,5YU8,5yu8_C,2.6745331261471033,360,2.5993537755729843,0.29719509314927756,5866,737,32,14,60,19,89,25,measured
Myosin-6,6685_193,527,8zbn,8zbn_K,8zbn_A,3J8A,3j8a_A,3.260830581186114,366,1.0328105186336214,1.284847536925676,5746,714,1,1,3,3,8,6,measured
Myosin-6,6685_193,527,8zbn,8zbn_K,8zbn_A,5YU8,5yu8_C,3.260830581186114,359,2.6009166111874884,0.5122809146312229,5746,714,26,11,56,16,75,19,measured
Myosin-6,6685_248,649,8zbn,8zbn_B,8zbn_C,3J8A,3j8a_A,3.057565684274653,366,1.0331472724865562,1.311331284804808,5746,714,1,1,3,3,8,6,measured
Myosin-6,6685_248,649,8zbn,8zbn_B,8zbn_C,5YU8,5yu8_C,3.057565684274653,359,2.602060199002769,0.4904826959582,5746,714,26,12,57,17,76,19,measured
Myosin-6,6685_6,555,8zbn,8zbn_D,8zbn_L,3J8A,3j8a_A,2.443856508208486,366,1.032233811821476,1.591634922632174,5746,714,0,0,1,1,3,2,measured
Myosin-6,6685_6,555,8zbn,8zbn_D,8zbn_L,5YU8,5yu8_C,2.443856508208486,359,2.608889023019573,8.654072785527676,5746,714,0,0,0,0,0,0,measured
Myosin-6,6685_97,648,8zbn,8zbn_B,8zbn_A,3J8A,3j8a_A,2.5140633914504655,366,1.0331472724865562,1.6012069774830533,5746,714,0,0,1,1,3,2,measured
Myosin-6,6685_97,648,8zbn,8zbn_B,8zbn_A,5YU8,5yu8_C,2.5140633914504655,359,2.602060199002769,8.643028164100159,5746,714,0,0,0,0,0,0,measured
Myosin-7,6685_18,4074,7jh7,7jh7_A,7jh7_F,3J8A,3j8a_A,2.335012343973981,366,1.128751035900511,2.257416678413648,5973,742,0,0,0,0,1,1,measured
Myosin-7,6685_18,4074,7jh7,7jh7_A,7jh7_F,5YU8,5yu8_C,2.335012343973981,360,2.647206707004257,10.720109387773455,5973,742,0,0,0,0,0,0,measured
Myosin-7,6685_25,4604,8zb7,8zb7_D,8zb7_J,3J8A,3j8a_A,3.156771941643532,366,1.0666771423145007,0.42857479192510134,5974,742,4,3,6,5,14,7,measured
Myosin-7,6685_25,4604,8zb7,8zb7_D,8zb7_J,5YU8,5yu8_C,3.156771941643532,360,2.6083212417037154,0.4199277895214996,5974,742,29,13,48,14,74,20,measured
Myosin-7,6685_6,4640,8zb7,8zb7_B,8zb7_H,3J8A,3j8a_A,2.056071422744701,366,1.0534004979358909,1.9281410395449032,5974,742,0,0,1,1,2,2,measured
Myosin-7,6685_6,4640,8zb7,8zb7_B,8zb7_H,5YU8,5yu8_C,2.056071422744701,360,2.612951883180716,10.767526014134118,5974,742,0,0,0,0,0,0,measured
Myosin-A,6685_6,2935,7aln,7aln_A,7aln_F,3J8A,3j8a_A,2.175546422261419,366,1.1020808754974438,1.2495843676768041,6058,766,1,1,2,2,12,4,measured
Myosin-A,6685_6,2935,7aln,7aln_A,7aln_F,5YU8,5yu8_C,2.175546422261419,359,2.657256428752631,6.590592963684618,6058,766,0,0,0,0,0,0,measured
Myosin-A,6685_69,2894,7aln,7aln_C,7aln_F,3J8A,3j8a_A,2.853272843933826,366,1.1025203457298145,1.9478193379647226,6058,766,0,0,1,1,5,4,measured
Myosin-A,6685_69,2894,7aln,7aln_C,7aln_F,5YU8,5yu8_C,2.853272843933826,359,2.6580800564141,0.5786412676297599,6058,766,16,9,29,13,49,17,measured
Plastin-3,6685_121,3039,7r94,7r94_C,7r94_F,3J8A,3j8a_A,2.8083198110191248,366,1.0971113365875267,0.3002930269622571,1889,240,10,6,12,6,27,9,measured
Plastin-3,6685_121,3039,7r94,7r94_C,7r94_F,5YU8,5yu8_C,2.8083198110191248,359,2.634943441006393,1.9887398075570533,1889,240,0,0,1,1,1,1,measured
Plastin-3,6685_29,2998,7r94,7r94_A,7r94_F,3J8A,3j8a_A,2.580883180272642,366,1.0940740812194798,1.0996480486182747,1889,240,1,1,1,1,3,1,measured
Plastin-3,6685_29,2998,7r94,7r94_A,7r94_F,5YU8,5yu8_C,2.580883180272642,359,2.641955240463792,1.2643513713637244,1889,240,2,1,5,2,5,2,measured
Profilin-1,6685_5,4323,9azp,9azp_I,9azp_J,3J8A,3j8a_A,2.316623314596768,366,2.4077439439686845,0.22628341588079126,1046,139,131,46,236,58,326,68,measured
Profilin-1,6685_5,4323,9azp,9azp_I,9azp_J,5YU8,5yu8_C,2.316623314596768,360,2.618806731492328,0.24547756650033384,1046,139,108,37,192,47,269,55,measured
Protein diaphanous homolog 1,6685_102,3747,9b3d,9b3d_B,9b3d_H,3J8A,3j8a_A,2.5729994045982068,366,1.0993893188433432,0.7602805319914662,3001,368,2,1,4,2,4,2,measured
Protein diaphanous homolog 1,6685_102,3747,9b3d,9b3d_B,9b3d_H,5YU8,5yu8_C,2.5729994045982068,360,2.6438633127330418,4.424650057504213,3001,368,0,0,0,0,0,0,measured
Protein diaphanous homolog 1,6685_200,3822,9b27,9b27_E,9b27_G,3J8A,3j8a_A,2.360010239307071,366,1.0771855427959203,0.3218067518930081,3259,397,20,8,31,11,45,12,measured
Protein diaphanous homolog 1,6685_200,3822,9b27,9b27_E,9b27_G,5YU8,5yu8_C,2.360010239307071,360,2.5646104218003676,2.274823865796002,3259,397,0,0,0,0,1,1,measured
Protein diaphanous homolog 1,6685_201,3798,9b27,9b27_F,9b27_G,3J8A,3j8a_A,2.7608689762973637,366,1.1275723306842707,0.46007592325390195,3259,397,34,11,52,17,76,26,measured
Protein diaphanous homolog 1,6685_201,3798,9b27,9b27_F,9b27_G,5YU8,5yu8_C,2.7608689762973637,360,2.4317497583518537,0.43728302356102156,3259,397,30,12,59,17,89,23,measured
Protein diaphanous homolog 1,6685_211,3799,9b27,9b27_F,9b27_H,3J8A,3j8a_A,2.5028118073879035,366,1.1275723306842707,0.7220584982919525,3001,368,11,3,22,7,32,9,measured
Protein diaphanous homolog 1,6685_211,3799,9b27,9b27_F,9b27_H,5YU8,5yu8_C,2.5028118073879035,360,2.4317497583518537,3.004413223028726,3001,368,0,0,0,0,0,0,measured
Protein diaphanous homolog 1,6685_224,3724,9b3d,9b3d_C,9b3d_G,3J8A,3j8a_A,2.401251156402145,366,1.1348366962553944,0.7117784475956092,3052,373,1,1,2,1,4,2,measured
Protein diaphanous homolog 1,6685_224,3724,9b3d,9b3d_C,9b3d_G,5YU8,5yu8_C,2.401251156402145,360,2.65953921735282,4.029228070935784,3052,373,0,0,0,0,0,0,measured
Protein diaphanous homolog 1,6685_225,3697,9b3d,9b3d_D,9b3d_H,3J8A,3j8a_A,3.2000716550824184,366,1.178132762427653,1.478458654406593,3001,368,2,2,3,3,9,6,measured
Protein diaphanous homolog 1,6685_225,3697,9b3d,9b3d_D,9b3d_H,5YU8,5yu8_C,3.2000716550824184,360,2.657009893072307,0.45034481118691466,3001,368,24,9,34,11,50,14,measured
Spectrin beta chain,6685_121,4030,8iai,8iai_A,8iai_M,3J8A,3j8a_A,3.0227099619564766,366,1.3636646122089597,0.48439841201568673,1065,130,15,10,27,12,54,19,measured
Spectrin beta chain,6685_121,4030,8iai,8iai_A,8iai_M,5YU8,5yu8_C,3.0227099619564766,360,2.471883929051554,2.1553325920946778,1065,130,0,0,0,0,5,2,measured
Spectrin beta chain,6685_141,3990,8iai,8iai_C,8iai_M,3J8A,3j8a_A,2.37709658518157,366,1.059643105056577,0.6952705605495731,1065,130,1,1,2,1,4,1,measured
Spectrin beta chain,6685_141,3990,8iai,8iai_C,8iai_M,5YU8,5yu8_C,2.37709658518157,360,2.632587608909637,2.092858851637127,1065,130,0,0,0,0,2,2,measured
Src substrate cortactin,6685_187,3700,8p94,8p94_H,8p94_I,3J8A,3j8a_A,2.6072719125895762,366,1.1317292992276493,0.3416665963162005,777,96,7,1,12,3,18,4,measured
Src substrate cortactin,6685_187,3700,8p94,8p94_H,8p94_I,5YU8,5yu8_C,2.6072719125895762,360,2.7152144442009263,0.2981828600348421,777,96,65,21,113,27,153,29,measured
Src substrate cortactin,6685_188,3674,8p94,8p94_J,8p94_I,3J8A,3j8a_A,2.7501434493140837,366,1.101860263038068,0.18850689277950056,777,96,25,12,49,15,72,15,measured
Src substrate cortactin,6685_188,3674,8p94,8p94_J,8p94_I,5YU8,5yu8_C,2.7501434493140837,360,2.689525455985513,0.530126618815405,777,96,78,22,135,25,173,27,measured
Talin-1,6685_121,267,9az6,9az6_A,9az6_H,3J8A,3j8a_A,3.174598443413052,366,1.1691827688589373,0.46851449576314946,1422,192,15,6,33,10,61,19,measured
Talin-1,6685_121,267,9az6,9az6_A,9az6_H,5YU8,5yu8_C,3.174598443413052,360,2.593827180476743,1.8463147114774403,1422,192,0,0,1,1,5,3,measured
Talin-1,6685_249,268,9az6,9az6_A,9az6_I,3J8A,3j8a_A,2.7662488514437094,366,1.1691827688589373,2.9994079605738917,353,42,0,0,0,0,0,0,measured
Talin-1,6685_249,268,9az6,9az6_A,9az6_I,5YU8,5yu8_C,2.7662488514437094,360,2.593827180476743,7.891875796772692,353,42,0,0,0,0,0,0,measured
Talin-1,6685_250,243,9az6,9az6_B,9az6_F,3J8A,3j8a_A,2.742299003079786,366,1.2000779171124867,1.8492537385891576,1422,192,0,0,1,1,3,3,measured
Talin-1,6685_250,243,9az6,9az6_B,9az6_F,5YU8,5yu8_C,2.742299003079786,360,2.6085880767798684,0.8334786739561028,1422,192,4,2,7,3,8,3,measured
Tropomodulin-1,6685_162,1348,8f8t,8f8t_A,8f8t_T,3J8A,3j8a_A,2.477869720378697,366,2.789131322566972,0.31570200679994287,1843,230,84,31,139,43,211,54,measured
Tropomodulin-1,6685_162,1348,8f8t,8f8t_A,8f8t_T,5YU8,5yu8_C,2.477869720378697,360,1.101715474496692,0.1795365567323574,1843,230,57,22,115,32,170,38,measured
Tropomodulin-1,6685_164,1327,8f8t,8f8t_B,8f8t_T,3J8A,3j8a_A,2.367350329666513,366,1.5966263561483298,0.3362911180112835,1843,230,35,9,64,20,92,27,measured
Tropomodulin-1,6685_164,1327,8f8t,8f8t_B,8f8t_T,5YU8,5yu8_C,2.367350329666513,360,2.092031636667111,0.4255139534186092,1843,230,96,29,153,32,202,36,measured
Tropomodulin-1,6685_59,1304,8f8t,8f8t_C,8f8t_T,3J8A,3j8a_A,3.3025947964425733,366,1.0190773946367704,0.2149922537375022,1843,230,41,16,72,24,128,41,measured
Tropomodulin-1,6685_59,1304,8f8t,8f8t_C,8f8t_T,5YU8,5yu8_C,3.3025947964425733,360,2.6373755963134116,0.28895772105343387,1843,230,124,46,235,55,321,70,measured
Tropomyosin alpha-1 chain,6685_128,554,8zbn,8zbn_D,8zbn_T,3J8A,3j8a_A,3.340624631881359,366,1.032233811821476,7.078731844593585,1450,178,0,0,0,0,0,0,measured
Tropomyosin alpha-1 chain,6685_128,554,8zbn,8zbn_D,8zbn_T,5YU8,5yu8_C,3.340624631881359,359,2.608889023019573,2.001899759504161,1450,178,0,0,0,0,1,1,measured
Tropomyosin alpha-1 chain,6685_129,647,8zbn,8zbn_B,8zbn_S,3J8A,3j8a_A,2.7129334689438016,366,1.0331472724865562,6.901232670981342,1450,178,0,0,0,0,0,0,measured
Tropomyosin alpha-1 chain,6685_129,647,8zbn,8zbn_B,8zbn_S,5YU8,5yu8_C,2.7129334689438016,359,2.602060199002769,2.1111638999335662,1450,178,0,0,0,0,4,2,measured
Tropomyosin alpha-1 chain,6685_130,4619,8zb7,8zb7_C,8zb7_P,3J8A,3j8a_A,3.6263725706695777,366,1.0682656844595142,7.11440291823997,1326,166,0,0,0,0,0,0,measured
Tropomyosin alpha-1 chain,6685_130,4619,8zb7,8zb7_C,8zb7_P,5YU8,5yu8_C,3.6263725706695777,360,2.6168978638862304,3.055256777379381,1326,166,0,0,0,0,0,0,measured
Tropomyosin alpha-1 chain,6685_135,3756,8dd0,8dd0_A,8dd0_I,3J8A,3j8a_A,2.9204675834856313,366,1.0007699887493147,9.182300508317363,562,70,0,0,0,0,0,0,measured
Tropomyosin alpha-1 chain,6685_135,3756,8dd0,8dd0_A,8dd0_I,5YU8,5yu8_C,2.9204675834856313,360,2.6257625173529013,4.486672264660368,562,70,0,0,0,0,0,0,measured
Tropomyosin alpha-1 chain,6685_137,3710,8dd0,8dd0_C,8dd0_G,3J8A,3j8a_A,2.844192442923682,366,1.0007791100021957,3.5458058577434004,447,55,0,0,0,0,0,0,measured
Tropomyosin alpha-1 chain,6685_137,3710,8dd0,8dd0_C,8dd0_G,5YU8,5yu8_C,2.844192442923682,360,2.625811020768019,0.6000122307826393,447,55,11,4,13,5,24,8,measured
Tropomyosin alpha-1 chain,6685_139,3648,8dd0,8dd0_E,8dd0_G,3J8A,3j8a_A,2.753171643115347,366,1.0007959668433963,3.369921208441511,447,55,0,0,0,0,0,0,measured
Tropomyosin alpha-1 chain,6685_139,3648,8dd0,8dd0_E,8dd0_G,5YU8,5yu8_C,2.753171643115347,360,2.62581263101614,8.319762841473008,447,55,0,0,0,0,0,0,measured
Tropomyosin alpha-1 chain,6685_245,4605,8zb7,8zb7_D,8zb7_L,3J8A,3j8a_A,1.255454892348043,366,1.0666771423145007,6.133515854949585,1326,166,0,0,0,0,0,0,measured
Tropomyosin alpha-1 chain,6685_245,4605,8zb7,8zb7_D,8zb7_L,5YU8,5yu8_C,1.255454892348043,360,2.6083212417037154,0.9309303275794346,1326,166,1,1,1,1,2,1,measured
Tropomyosin alpha-1 chain,6685_251,3355,9e2e,9e2e_C,9e2e_G,3J8A,3j8a_A,2.6806197877608047,366,0.9806391717112999,1.922003824214314,447,55,0,0,1,1,2,2,measured
Tropomyosin alpha-1 chain,6685_251,3355,9e2e,9e2e_C,9e2e_G,5YU8,5yu8_C,2.6806197877608047,360,2.676222010024372,0.5205872703066736,447,55,9,4,16,7,25,7,measured
Tropomyosin alpha-1 chain,6685_252,3356,9e2e,9e2e_C,9e2e_J,3J8A,3j8a_A,2.8522746915082684,366,0.9806391717112999,6.90278792864784,560,70,0,0,0,0,0,0,measured
Tropomyosin alpha-1 chain,6685_252,3356,9e2e,9e2e_C,9e2e_J,5YU8,5yu8_C,2.8522746915082684,360,2.676222010024372,10.235097732268597,560,70,0,0,0,0,0,0,measured
Tropomyosin beta chain,6685_246,3426,8zbm,8zbm_O,8zbm_B,3J8A,3j8a_A,2.9663511716667514,366,1.029405586561352,8.111896194276238,1328,166,0,0,0,0,0,0,measured
Tropomyosin beta chain,6685_246,3426,8zbm,8zbm_O,8zbm_B,5YU8,5yu8_C,2.9663511716667514,360,2.6010621570853063,1.2127230757235554,1328,166,1,1,2,2,4,2,measured
Tropomyosin beta chain,6685_247,3450,8zbm,8zbm_H,8zbm_G,3J8A,3j8a_A,3.6277801963239384,366,1.035969050560784,7.934933416703569,1328,166,0,0,0,0,0,0,measured
Tropomyosin beta chain,6685_247,3450,8zbm,8zbm_H,8zbm_G,5YU8,5yu8_C,3.6277801963239384,360,2.621088597977609,2.6132263888326226,1328,166,0,0,0,0,0,0,measured
Tropomyosin-1.9,6685_161,4031,8iai,8iai_A,8iai_U,3J8A,3j8a_A,2.463915785288668,366,1.3636646122089597,11.112982193228921,2000,247,0,0,0,0,0,0,measured
Tropomyosin-1.9,6685_161,4031,8iai,8iai_A,8iai_U,5YU8,5yu8_C,2.463915785288668,360,2.471883929051554,16.591497471979377,2000,247,0,0,0,0,0,0,measured
"Troponin T2, cardiac type",6685_136,3757,8dd0,8dd0_A,8dd0_K,3J8A,3j8a_A,2.9039180494107084,366,1.0007699887493147,1.0728544123896468,650,75,2,1,4,2,6,4,measured
"Troponin T2, cardiac type",6685_136,3757,8dd0,8dd0_A,8dd0_K,5YU8,5yu8_C,2.9039180494107084,360,2.6257625173529013,0.33743042075807206,650,75,4,2,8,5,23,7,measured
"Troponin T2, cardiac type",6685_138,3712,8dd0,8dd0_C,8dd0_K,3J8A,3j8a_A,2.343002324317774,366,1.0007791100021957,0.7342320870328954,650,75,4,2,6,3,14,6,measured
"Troponin T2, cardiac type",6685_138,3712,8dd0,8dd0_C,8dd0_K,5YU8,5yu8_C,2.343002324317774,360,2.625811020768019,2.6364268124113663,650,75,0,0,0,0,0,0,measured
Unconventional myosin-Ib,6685_33,4596,6c1d,6c1d_D,6c1d_P,3J8A,3j8a_A,2.299778861712771,366,1.2565075408921862,1.1627479567057293,5570,729,3,2,12,5,20,8,measured
Unconventional myosin-Ib,6685_33,4596,6c1d,6c1d_D,6c1d_P,5YU8,5yu8_C,2.299778861712771,360,2.7572856593864823,0.4706045224965039,5570,729,43,15,66,20,93,25,measured
Unconventional myosin-Ib,6685_6,4539,6c1d,6c1d_B,6c1d_P,3J8A,3j8a_A,2.4736436929474763,366,1.2564491301391467,0.8983410488143102,5570,729,2,2,7,3,11,6,measured
Unconventional myosin-Ib,6685_6,4539,6c1d,6c1d_B,6c1d_P,5YU8,5yu8_C,2.4736436929474763,360,2.7572621392612664,4.202353937358728,5570,729,0,0,0,0,0,0,measured
Utrophin,6685_15,100,6m5g,6m5g_D,6m5g_F,3J8A,3j8a_A,2.1990787918820156,366,1.0495940619944388,0.412967401490788,943,118,8,5,14,7,28,13,measured
Utrophin,6685_15,100,6m5g,6m5g_D,6m5g_F,5YU8,5yu8_C,2.1990787918820156,359,2.6595485109980554,1.3368637912689008,943,118,1,1,1,1,7,2,measured
Utrophin,6685_16,154,6m5g,6m5g_A,6m5g_G,3J8A,3j8a_A,2.2932505203980487,366,1.0665430897495713,1.8046069960292632,943,118,0,0,1,1,2,2,measured
Utrophin,6685_16,154,6m5g,6m5g_A,6m5g_G,5YU8,5yu8_C,2.2932505203980487,359,2.6463121572973227,1.9064424433727865,943,118,0,0,1,1,1,1,measured
Vibrio VopV,6685_257,89,9p3d,9p3d_Q,9p3d_c,3J8A,3j8a_A,2.610646016224203,366,1.174354810761622,0.265574813631027,368,47,29,6,39,9,54,15,measured
Vibrio VopV,6685_257,89,9p3d,9p3d_Q,9p3d_c,5YU8,5yu8_C,2.610646016224203,360,2.6673540194809204,0.6460584597568304,368,47,22,10,36,12,56,19,measured
Vibrio VopV,6685_258,73,9p3d,9p3d_R,9p3d_c,3J8A,3j8a_A,2.785500448293687,366,1.1634104033807369,0.28046875952473216,368,47,27,7,52,16,69,21,measured
Vibrio VopV,6685_258,73,9p3d,9p3d_R,9p3d_c,5YU8,5yu8_C,2.785500448293687,360,2.6669037674898743,0.21581386412949558,368,47,82,25,130,31,168,35,measured
Vibrio VopV,6685_259,90,9p3d,9p3d_Q,9p3d_d,3J8A,3j8a_A,2.576734780417605,366,1.174354810761622,1.1001243873036795,368,47,2,2,4,3,13,10,measured
Vibrio VopV,6685_259,90,9p3d,9p3d_Q,9p3d_d,5YU8,5yu8_C,2.576734780417605,360,2.6673540194809204,0.29557400355664454,368,47,25,10,43,13,62,17,measured
Vinculin,6685_51,2833,6upw,6upw_A,6upw_L,3J8A,3j8a_A,2.41252392341773,366,1.0781099043171831,1.4404722777638894,1158,151,1,1,2,2,5,3,measured
Vinculin,6685_51,2833,6upw,6upw_A,6upw_L,5YU8,5yu8_C,2.41252392341773,359,2.678677868530947,0.29729256755923267,1158,151,13,7,26,10,47,16,measured
Vinculin,6685_6,2881,6upw,6upw_C,6upw_L,3J8A,3j8a_A,2.5113839902314363,366,1.0857116036359828,0.0890723966282961,1158,151,9,4,15,5,30,10,measured
Vinculin,6685_6,2881,6upw,6upw_C,6upw_L,5YU8,5yu8_C,2.5113839902314363,359,2.6883657659461355,2.1514824025940973,1158,151,0,0,0,0,3,2,measured
VopV,6685_257,2827,9p1i,9p1i_Q,9p1i_c,3J8A,3j8a_A,2.7547239499103275,366,1.2045347710173588,0.3898521173496923,367,47,1,1,5,3,19,10,measured
VopV,6685_257,2827,9p1i,9p1i_Q,9p1i_c,5YU8,5yu8_C,2.7547239499103275,360,2.7127235240439753,0.30761705880294177,367,47,15,7,32,9,52,11,measured
VopV,6685_258,2828,9p1i,9p1i_Q,9p1i_f,3J8A,3j8a_A,2.792029511339595,366,1.2045347710173588,1.1152463001067567,367,47,4,3,18,9,35,14,measured
VopV,6685_258,2828,9p1i,9p1i_Q,9p1i_f,5YU8,5yu8_C,2.792029511339595,360,2.7127235240439753,0.25584009468980334,367,47,62,21,109,28,149,30,measured
VopV,6685_259,2829,9p1i,9p1i_Q,9p1i_g,3J8A,3j8a_A,2.8066667479879785,366,1.2045347710173588,0.2942066341867938,367,47,3,2,4,3,13,6,measured
VopV,6685_259,2829,9p1i,9p1i_Q,9p1i_g,5YU8,5yu8_C,2.8066667479879785,360,2.7127235240439753,0.41426654659980333,367,47,21,10,38,13,57,14,measured
"WD repeat-containing protein 1,Methylated-DNA--protein-cysteine methyltransferase",6685_266,336,9qfq,9qfq_D,9qfq_P,3J8A,3j8a_A,2.9453585460858585,355,2.662521305964457,0.3774695276136797,4665,606,30,12,56,16,85,22,measured
"WD repeat-containing protein 1,Methylated-DNA--protein-cysteine methyltransferase",6685_266,336,9qfq,9qfq_D,9qfq_P,5YU8,5yu8_C,2.9453585460858585,358,0.5080658668055973,0.15889859041276064,4665,606,44,16,70,20,98,25,measured
"WD repeat-containing protein 1,Methylated-DNA--protein-cysteine methyltransferase",6685_267,315,9qfq,9qfq_E,9qfq_P,3J8A,3j8a_A,2.5939446630808125,355,2.650950582294109,0.21076214057190645,4665,606,76,26,136,30,183,36,measured
"WD repeat-containing protein 1,Methylated-DNA--protein-cysteine methyltransferase",6685_267,315,9qfq,9qfq_E,9qfq_P,5YU8,5yu8_C,2.5939446630808125,358,0.5679170708245116,0.3118315841980076,4665,606,70,24,130,32,175,36,measured
beta-cardiac myosin II,6685_140,3583,8efh,8efh_B,8efh_A,3J8A,3j8a_A,2.8150417090822817,366,1.0251820223558412,0.6782773542450286,5918,734,4,2,6,3,12,6,measured
beta-cardiac myosin II,6685_140,3583,8efh,8efh_B,8efh_A,5YU8,5yu8_C,2.8150417090822817,360,2.624057374076837,0.3331908310863458,5918,734,21,10,43,14,62,18,measured
beta-cardiac myosin II,6685_97,3606,8efh,8efh_F,8efh_A,3J8A,3j8a_A,2.2297917801563094,366,1.037376434962174,2.2856964973336393,5918,734,0,0,0,0,1,1,measured
beta-cardiac myosin II,6685_97,3606,8efh,8efh_F,8efh_A,5YU8,5yu8_C,2.2297917801563094,360,2.6419876716087893,10.037519644586645,5918,734,0,0,0,0,0,0,measured
