pdb_id,source_structure_title,rcsb_structure_title,mutation_status,mutation_evidence,title_mentions_mutation,mutation_annotation_review,clinical_interpretation,toxin_effector_name_candidate,toxin_candidate_evidence,name_or_construct_review,name_review_evidence,metadata_status,source_url,fetched_utc
12BW,Gelsolin domain G2 transitionally bound to F-actin,Gelsolin domain G2 transitionally bound to F-actin,none_reported,,False,False,Not assessed; engineered mutation is not a pathogenicity classification,False,,False,,available,https://www.rcsb.org/structure/12BW,2026-10-01T13:46:36.817598+00:00
12BX,Gelsolin domain G2G3 transitionally bound to F-actin,Gelsolin domain G2G3 transitionally bound to F-actin,none_reported,,False,False,Not assessed; engineered mutation is not a pathogenicity classification,False,,False,,available,https://www.rcsb.org/structure/12BX,2026-10-01T13:46:36.817598+00:00
12BY,Gelsolin domain G2G3 fully bound to F-actin,Gelsolin domain G2G3 fully bound to F-actin,none_reported,,False,False,Not assessed; engineered mutation is not a pathogenicity classification,False,,False,,available,https://www.rcsb.org/structure/12BY,2026-10-01T13:46:36.817598+00:00
12BZ,Two gelsolin domains G2G3 bound to F-actin,Two gelsolin domains G2G3 bound to F-actin,none_reported,,False,False,Not assessed; engineered mutation is not a pathogenicity classification,False,,False,,available,https://www.rcsb.org/structure/12BZ,2026-10-01T13:46:36.817598+00:00
12RV,In situ cryo-EM structure of axonal F-actin from ghost neurons,In situ cryo-EM structure of axonal F-actin from ghost neurons,none_reported,,False,False,Not assessed; engineered mutation is not a pathogenicity classification,False,,False,,available,https://www.rcsb.org/structure/12RV,2026-10-01T13:46:36.817598+00:00
38JL,Cofilactin filament with one AIP1 bound to middle of the filament,Cofilactin filament with one AIP1 bound to middle of the filament,none_reported,,False,False,Not assessed; engineered mutation is not a pathogenicity classification,False,,False,,available,https://www.rcsb.org/structure/38JL,2026-10-01T13:46:36.817598+00:00
38KL,Two AIP1 bound to the Barbed End of cofilin actin,Two AIP1 bound to the Barbed End of cofilin actin,none_reported,,False,False,Not assessed; engineered mutation is not a pathogenicity classification,False,,False,,available,https://www.rcsb.org/structure/38KL,2026-10-01T13:46:36.817598+00:00
38KM,Cofilactin filament with two AIP1 bound to middle of the filament,Cofilactin filament with two AIP1 bound to middle of the filament,none_reported,,False,False,Not assessed; engineered mutation is not a pathogenicity classification,False,,False,,available,https://www.rcsb.org/structure/38KM,2026-10-01T13:46:36.817598+00:00
38KN,Cofilactin filament,Cofilactin filament,none_reported,,False,False,Not assessed; engineered mutation is not a pathogenicity classification,False,,False,,available,https://www.rcsb.org/structure/38KN,2026-10-01T13:46:36.817598+00:00
38KO,One AIP1 bound to the Barbed End of cofilin actin,One AIP1 bound to the Barbed End of cofilin actin,none_reported,,False,False,Not assessed; engineered mutation is not a pathogenicity classification,False,,False,,available,https://www.rcsb.org/structure/38KO,2026-10-01T13:46:36.817598+00:00
38KP,Pointed end of cofilin bound F-actin,Pointed end of cofilin bound F-actin,none_reported,,False,False,Not assessed; engineered mutation is not a pathogenicity classification,False,,False,,available,https://www.rcsb.org/structure/38KP,2026-10-01T13:46:36.817598+00:00
38KQ,Two AIP1 bound to same side of cofilin filament (stacked AIP1),Two AIP1 bound to same side of cofilin filament (stacked AIP1),none_reported,,False,False,Not assessed; engineered mutation is not a pathogenicity classification,False,,False,,available,https://www.rcsb.org/structure/38KQ,2026-10-01T13:46:36.817598+00:00
3J8A,Structure of the F-actin-tropomyosin complex,Structure of the F-actin-tropomyosin complex,none_reported,,False,False,Not assessed; engineered mutation is not a pathogenicity classification,False,,False,,available,https://www.rcsb.org/structure/3J8A,2026-10-01T13:46:36.817598+00:00
5JLF,Structure of the F-actin-tropomyosin complex (Reprocessed),Structure of the F-actin-tropomyosin complex (Reprocessed),none_reported,,False,False,Not assessed; engineered mutation is not a pathogenicity classification,False,,False,,available,https://www.rcsb.org/structure/5JLF,2026-10-01T13:46:36.817598+00:00
5JLH,Cryo-EM structure of a human cytoplasmic actomyosin complex at near-atomic resolution,Cryo-EM structure of a human cytoplasmic actomyosin complex at near-atomic resolution,none_reported,,False,False,Not assessed; engineered mutation is not a pathogenicity classification,False,,True,5JLH_2: Multiple source-organism taxonomies for one polymer entity; review construct,available,https://www.rcsb.org/structure/5JLH,2026-10-01T13:46:36.817598+00:00
5OGW,Cryo-EM structure of jasplakinolide-stabilized malaria parasite F-actin at near-atomic resolution,Cryo-EM structure of jasplakinolide-stabilized malaria parasite F-actin at near-atomic resolution,none_reported,,False,False,Not assessed; engineered mutation is not a pathogenicity classification,True,5OGW_4: jasplakinolide name: nonpolymer_comp.chem_comp.name = Jasplakinolide,False,,available,https://www.rcsb.org/structure/5OGW,2026-10-01T13:46:36.817598+00:00
5OOC,Cryo-EM structure of jasplakinolide-stabilized F-actin in complex with ADP,Cryo-EM structure of jasplakinolide-stabilized F-actin in complex with ADP,none_reported,,False,False,Not assessed; engineered mutation is not a pathogenicity classification,False,,False,,available,https://www.rcsb.org/structure/5OOC,2026-10-01T13:46:36.817598+00:00
5OOD,Cryo-EM structure of jasplakinolide-stabilized F-actin in complex with ADP-Pi,Cryo-EM structure of jasplakinolide-stabilized F-actin in complex with ADP-Pi,none_reported,,False,False,Not assessed; engineered mutation is not a pathogenicity classification,False,,False,,available,https://www.rcsb.org/structure/5OOD,2026-10-01T13:46:36.817598+00:00
5OOE,Cryo-EM structure of F-actin in complex with AppNHp (AMPPNP),Cryo-EM structure of F-actin in complex with AppNHp (AMPPNP),none_reported,,False,False,Not assessed; engineered mutation is not a pathogenicity classification,False,,False,,available,https://www.rcsb.org/structure/5OOE,2026-10-01T13:46:36.817598+00:00
5OOF,Cryo-EM structure of F-actin in complex with ADP-BeFx,Cryo-EM structure of F-actin in complex with ADP-BeFx,none_reported,,False,False,Not assessed; engineered mutation is not a pathogenicity classification,False,,False,,available,https://www.rcsb.org/structure/5OOF,2026-10-01T13:46:36.817598+00:00
5YU8,Cofilin decorated actin filament,Cofilin decorated actin filament,none_reported,,False,False,Not assessed; engineered mutation is not a pathogenicity classification,False,,False,,available,https://www.rcsb.org/structure/5YU8,2026-10-01T13:46:36.817598+00:00
6C1D,High-Resolution Cryo-EM Structures of Actin-bound Myosin States Reveal the Mechanism of Myosin Force Sensing,High-Resolution Cryo-EM Structures of Actin-bound Myosin States Reveal the Mechanism of Myosin Force Sensing,none_reported,,False,False,Not assessed; engineered mutation is not a pathogenicity classification,True,6C1D_4: phalloidin name: rcsb_macromolecular_names_combined:PDB Preferred Name = Phalloidin | 6C1D_4: phalloidin name: rcsb_polymer_entity.pdbx_description = Phalloidin,False,,available,https://www.rcsb.org/structure/6C1D,2026-10-01T13:46:36.817598+00:00
6C1G,High-Resolution Cryo-EM Structures of Actin-bound Myosin States Reveal the Mechanism of Myosin Force Sensing,High-Resolution Cryo-EM Structures of Actin-bound Myosin States Reveal the Mechanism of Myosin Force Sensing,none_reported,,False,False,Not assessed; engineered mutation is not a pathogenicity classification,False,,False,,available,https://www.rcsb.org/structure/6C1G,2026-10-01T13:46:36.817598+00:00
6C1H,High-Resolution Cryo-EM Structures of Actin-bound Myosin States Reveal the Mechanism of Myosin Force Sensing,High-Resolution Cryo-EM Structures of Actin-bound Myosin States Reveal the Mechanism of Myosin Force Sensing,none_reported,,False,False,Not assessed; engineered mutation is not a pathogenicity classification,False,,False,,available,https://www.rcsb.org/structure/6C1H,2026-10-01T13:46:36.817598+00:00
6D8C,Cryo-EM structure of FLNaABD E254K bound to phalloidin-stabilized F-actin,Cryo-EM structure of FLNaABD E254K bound to phalloidin-stabilized F-actin,annotated,entity 1 (Filamin-A): count=1; deposited=E254K,False,False,Not assessed; engineered mutation is not a pathogenicity classification,True,6D8C_3: phalloidin name: rcsb_macromolecular_names_combined:PDB Preferred Name = Phalloidin | 6D8C_3: phalloidin name: rcsb_polymer_entity.pdbx_description = Phalloidin,False,,available,https://www.rcsb.org/structure/6D8C,2026-10-01T13:46:36.817598+00:00
6FHL,Cryo-EM structure of F-actin in complex with ADP-Pi,Cryo-EM structure of F-actin in complex with ADP-Pi,none_reported,,False,False,Not assessed; engineered mutation is not a pathogenicity classification,False,,False,,available,https://www.rcsb.org/structure/6FHL,2026-10-01T13:46:37.468556+00:00
6IUG,Cryo-EM structure of the plant actin filaments from Zea mays pollen,Cryo-EM structure of the plant actin filaments from Zea mays pollen,none_reported,,False,False,Not assessed; engineered mutation is not a pathogenicity classification,False,,False,,available,https://www.rcsb.org/structure/6IUG,2026-10-01T13:46:37.468556+00:00
6M5G,F-actin-Utrophin complex,F-actin-Utrophin complex,none_reported,,False,False,Not assessed; engineered mutation is not a pathogenicity classification,False,,False,,available,https://www.rcsb.org/structure/6M5G,2026-10-01T13:46:37.468556+00:00
6T1Y,Cryo-EM structure of phalloidin-stabilized F-actin (copolymerized),Cryo-EM structure of phalloidin-stabilized F-actin (copolymerized),none_reported,,False,False,Not assessed; engineered mutation is not a pathogenicity classification,True,6T1Y_2: phalloidin name: rcsb_macromolecular_names_combined:PDB Preferred Name = phalloidin | 6T1Y_2: phalloidin name: rcsb_polymer_entity.pdbx_description = phalloidin,False,,available,https://www.rcsb.org/structure/6T1Y,2026-10-01T13:46:37.468556+00:00
6T20,Cryo-EM structure of phalloidin-stabilized F-actin (aged),Cryo-EM structure of phalloidin-stabilized F-actin (aged),none_reported,,False,False,Not assessed; engineered mutation is not a pathogenicity classification,True,6T20_2: phalloidin name: rcsb_macromolecular_names_combined:PDB Preferred Name = phalloidin | 6T20_2: phalloidin name: rcsb_polymer_entity.pdbx_description = phalloidin,False,,available,https://www.rcsb.org/structure/6T20,2026-10-01T13:46:37.468556+00:00
6T23,Cryo-EM structure of jasplakinolide-stabilized F-actin (aged),Cryo-EM structure of jasplakinolide-stabilized F-actin (aged),none_reported,,False,False,Not assessed; engineered mutation is not a pathogenicity classification,False,,False,,available,https://www.rcsb.org/structure/6T23,2026-10-01T13:46:37.468556+00:00
6T24,Cryo-EM structure of jasplakinolide-stabilized F-actin (aged),Cryo-EM structure of jasplakinolide-stabilized F-actin (aged),none_reported,,False,False,Not assessed; engineered mutation is not a pathogenicity classification,False,,False,,available,https://www.rcsb.org/structure/6T24,2026-10-01T13:46:37.468556+00:00
6T25,Cryo-EM structure of phalloidin-Alexa Flour-546-stabilized F-actin (copolymerized),Cryo-EM structure of phalloidin-Alexa Flour-546-stabilized F-actin (copolymerized),none_reported,,False,False,Not assessed; engineered mutation is not a pathogenicity classification,True,6T25_2: phalloidin name: rcsb_macromolecular_names_combined:PDB Preferred Name = phalloidin | 6T25_2: phalloidin name: rcsb_polymer_entity.pdbx_description = phalloidin,False,,available,https://www.rcsb.org/structure/6T25,2026-10-01T13:46:37.468556+00:00
6TU4,Structure of Plasmodium Actin1 filament,Structure of Plasmodium Actin1 filament,none_reported,,False,False,Not assessed; engineered mutation is not a pathogenicity classification,True,6TU4_3: jasplakinolide name: nonpolymer_comp.chem_comp.name = Jasplakinolide,False,,available,https://www.rcsb.org/structure/6TU4,2026-10-01T13:46:37.468556+00:00
6U96,Actin phalloidin at BeFx state,Actin phalloidin at BeFx state,none_reported,,False,False,Not assessed; engineered mutation is not a pathogenicity classification,True,6U96_2: phalloidin name: rcsb_macromolecular_names_combined:PDB Preferred Name = PHALLOIDIN Derivative | 6U96_2: phalloidin name: rcsb_polymer_entity.pdbx_description = PHALLOIDIN Derivative,False,,available,https://www.rcsb.org/structure/6U96,2026-10-01T13:46:37.468556+00:00
6UPV,Alpha-E-catenin ABD-F-actin complex,Alpha-E-catenin ABD-F-actin complex,none_reported,,False,False,Not assessed; engineered mutation is not a pathogenicity classification,False,,False,,available,https://www.rcsb.org/structure/6UPV,2026-10-01T13:46:37.468556+00:00
6UPW,Metavinculin ABD-F-actin complex,Metavinculin ABD-F-actin complex,none_reported,,False,False,Not assessed; engineered mutation is not a pathogenicity classification,False,,False,,available,https://www.rcsb.org/structure/6UPW,2026-10-01T13:46:37.468556+00:00
6VAO,Human cofilin-1 decorated actin filament,Human cofilin-1 decorated actin filament,none_reported,,False,False,Not assessed; engineered mutation is not a pathogenicity classification,False,,False,,available,https://www.rcsb.org/structure/6VAO,2026-10-01T13:46:37.468556+00:00
6VAU,Bare actin filament from a partially cofilin-decorated sample,Bare actin filament from a partially cofilin-decorated sample,none_reported,,False,False,Not assessed; engineered mutation is not a pathogenicity classification,False,,False,,available,https://www.rcsb.org/structure/6VAU,2026-10-01T13:46:37.468556+00:00
6VEC,Cryo-EM structure of F-actin/Plastin2-ABD2 complex,Cryo-EM structure of F-actin/Plastin2-ABD2 complex,none_reported,,False,False,Not assessed; engineered mutation is not a pathogenicity classification,False,,True,6VEC_2: PPI3D and RCSB deposited names differ; original names retained,available,https://www.rcsb.org/structure/6VEC,2026-10-01T13:46:37.468556+00:00
6WVT,Structural basis of alphaE-catenin - F-actin catch bond behavior,Structural basis of alphaE-catenin - F-actin catch bond behavior,none_reported,,False,False,Not assessed; engineered mutation is not a pathogenicity classification,False,,False,,available,https://www.rcsb.org/structure/6WVT,2026-10-01T13:46:37.468556+00:00
7AD9,Structure of the Lifeact-F-actin complex,Structure of the Lifeact-F-actin complex,none_reported,,False,False,Not assessed; engineered mutation is not a pathogenicity classification,True,7AD9_3: phalloidin name: rcsb_macromolecular_names_combined:PDB Preferred Name = Phalloidin | 7AD9_3: phalloidin name: rcsb_polymer_entity.pdbx_description = Phalloidin,False,,available,https://www.rcsb.org/structure/7AD9,2026-10-01T13:46:37.468556+00:00
7AHN,Cryo-EM structure of F-actin stabilized by cis-optoJASP-8,Cryo-EM structure of F-actin stabilized by cis-optoJASP-8,none_reported,,False,False,Not assessed; engineered mutation is not a pathogenicity classification,False,,False,,available,https://www.rcsb.org/structure/7AHN,2026-10-01T13:46:37.468556+00:00
7AHQ,Cryo-EM structure of F-actin stabilized by trans-optoJASP-8,Cryo-EM structure of F-actin stabilized by trans-optoJASP-8,none_reported,,False,False,Not assessed; engineered mutation is not a pathogenicity classification,False,,False,,available,https://www.rcsb.org/structure/7AHQ,2026-10-01T13:46:37.468556+00:00
7ALN,Cryo-EM structure of the divergent actomyosin complex from Plasmodium falciparum Myosin A in the Rigor state,Cryo-EM structure of the divergent actomyosin complex from Plasmodium falciparum Myosin A in the Rigor state,annotated,entity 2 (Myosin-A): count=1; deposited=T417D,False,False,Not assessed; engineered mutation is not a pathogenicity classification,True,7ALN_5: jasplakinolide name: nonpolymer_comp.chem_comp.name = Jasplakinolide,False,,available,https://www.rcsb.org/structure/7ALN,2026-10-01T13:46:37.468556+00:00
7BT7,F-actin-ADP complex structure,F-actin-ADP complex structure,none_reported,,False,False,Not assessed; engineered mutation is not a pathogenicity classification,False,,False,,available,https://www.rcsb.org/structure/7BT7,2026-10-01T13:46:37.468556+00:00
7BTI,Phalloidin bound F-actin complex,Phalloidin bound F-actin complex,none_reported,,False,False,Not assessed; engineered mutation is not a pathogenicity classification,True,7BTI_2: phalloidin name: rcsb_macromolecular_names_combined:PDB Preferred Name = Phalloidin | 7BTI_2: phalloidin name: rcsb_polymer_entity.pdbx_description = Phalloidin,False,,available,https://www.rcsb.org/structure/7BTI,2026-10-01T13:46:37.468556+00:00
7JH7,cardiac actomyosin complex,cardiac actomyosin complex,none_reported,,False,False,Not assessed; engineered mutation is not a pathogenicity classification,False,,False,,available,https://www.rcsb.org/structure/7JH7,2026-10-01T13:46:37.468556+00:00
7P1G,Structure of the P. aeruginosa ExoY-F-actin complex,Structure of the P. aeruginosa ExoY-F-actin complex,none_reported,,False,False,Not assessed; engineered mutation is not a pathogenicity classification,True,"7P1G_1: bacterial effector name (review): proteins_per_pdb.csv:protein = Maltose/maltodextrin-binding periplasmic protein,Adenylate cyclase ExoY | 7P1G_1: bacterial effector name (review): rcsb_macromolecular_names_combined:PDB Preferred Name = Adenylate cyclase ExoY | 7P1G_1: bacterial effector name (review): rcsb_polymer_entity.pdbx_description = Maltose/maltodextrin-binding periplasmic protein,Adenylate cyclase ExoY | 7P1G_3: phalloidin name: rcsb_macromolecular_names_combined:PDB Preferred Name = Phalloidin | 7P1G_3: phalloidin name: rcsb_polymer_entity.pdbx_description = Phalloidin | bacterial effector name (review): proteins_per_pdb.csv:protein = Maltose/maltodextrin-binding periplasmic protein,Adenylate cyclase ExoY",True,7P1G_1: Multiple source-organism taxonomies for one polymer entity; review construct,available,https://www.rcsb.org/structure/7P1G,2026-10-01T13:46:37.468556+00:00
7PDZ,Structure of capping protein bound to the barbed end of a cytoplasmic actin filament,Structure of capping protein bound to the barbed end of a cytoplasmic actin filament,none_reported,,False,False,Not assessed; engineered mutation is not a pathogenicity classification,True,7PDZ_4: phalloidin name: rcsb_macromolecular_names_combined:PDB Preferred Name = Phalloidin | 7PDZ_4: phalloidin name: rcsb_polymer_entity.pdbx_description = Phalloidin,False,,available,https://www.rcsb.org/structure/7PDZ,2026-10-01T13:46:37.468556+00:00
7R8V,Cryo-EM structure of the ADP state actin filament,Cryo-EM structure of the ADP state actin filament,none_reported,,False,False,Not assessed; engineered mutation is not a pathogenicity classification,False,,False,,available,https://www.rcsb.org/structure/7R8V,2026-10-01T13:46:38.118679+00:00
7R94,T-Plastin-F-actin complex,T-Plastin-F-actin complex,none_reported,,False,False,Not assessed; engineered mutation is not a pathogenicity classification,False,,False,,available,https://www.rcsb.org/structure/7R94,2026-10-01T13:46:38.118679+00:00
7TPT,Single-particle Cryo-EM structure of Arp2/3 complex at branched-actin junction.,Single-particle Cryo-EM structure of Arp2/3 complex at branched-actin junction.,none_reported,,False,False,Not assessed; engineered mutation is not a pathogenicity classification,True,7TPT_9: phalloidin name: rcsb_macromolecular_names_combined:PDB Preferred Name = Phalloidin | 7TPT_9: phalloidin name: rcsb_polymer_entity.pdbx_description = Phalloidin,False,,available,https://www.rcsb.org/structure/7TPT,2026-10-01T13:46:38.118679+00:00
7UTJ,Cryogenic electron microscopy 3D map of F-actin bound by human dimeric alpha-catenin,Cryogenic electron microscopy 3D map of F-actin bound by human dimeric alpha-catenin,none_reported,,False,False,Not assessed; engineered mutation is not a pathogenicity classification,False,,False,,available,https://www.rcsb.org/structure/7UTJ,2026-10-01T13:46:38.118679+00:00
7UUW,"Cryogenic electron microscopy 3D map of F-actin bound by the Actin Binding Domain of alpha-catenin ortholog, HMP1","Cryogenic electron microscopy 3D map of F-actin bound by the Actin Binding Domain of alpha-catenin ortholog, HMP1",none_reported,,False,False,Not assessed; engineered mutation is not a pathogenicity classification,False,,False,,available,https://www.rcsb.org/structure/7UUW,2026-10-01T13:46:38.118679+00:00
7UXF,Cryogenic electron microscopy 3D map of F-actin,Cryogenic electron microscopy 3D map of F-actin,none_reported,,False,False,Not assessed; engineered mutation is not a pathogenicity classification,False,,False,,available,https://www.rcsb.org/structure/7UXF,2026-10-01T13:46:38.118679+00:00
7Z7H,Structure of P. luminescens TccC3-F-actin complex,Structure of P. luminescens TccC3-F-actin complex,annotated,"entity 2 (Maltose/maltodextrin-binding periplasmic protein,TccC3): count=2; deposited=[absent]",False,False,Not assessed; engineered mutation is not a pathogenicity classification,True,"7Z7H_2: bacterial effector name (review): proteins_per_pdb.csv:protein = Maltose/maltodextrin-binding periplasmic protein,TccC3 | 7Z7H_2: bacterial effector name (review): rcsb_macromolecular_names_combined:PDB Preferred Name = TccC3 | 7Z7H_2: bacterial effector name (review): rcsb_polymer_entity.pdbx_description = Maltose/maltodextrin-binding periplasmic protein,TccC3 | bacterial effector name (review): proteins_per_pdb.csv:protein = Maltose/maltodextrin-binding periplasmic protein,TccC3",False,,available,https://www.rcsb.org/structure/7Z7H,2026-10-01T13:46:38.118679+00:00
7Z7I,Structure of ADP-ribosylated F-actin,Structure of ADP-ribosylated F-actin,none_reported,,False,False,Not assessed; engineered mutation is not a pathogenicity classification,False,,False,,available,https://www.rcsb.org/structure/7Z7I,2026-10-01T13:46:38.118679+00:00
7ZTC,Non-muscle F-actin decorated with non-muscle tropomyosin 1.6,Non-muscle F-actin decorated with non-muscle tropomyosin 1.6,none_reported,,False,False,Not assessed; engineered mutation is not a pathogenicity classification,False,,False,,available,https://www.rcsb.org/structure/7ZTC,2026-10-01T13:46:38.118679+00:00
8A2R,Cryo-EM structure of F-actin in the Mg2+-ADP-BeF3- nucleotide state.,Cryo-EM structure of F-actin in the Mg2+-ADP-BeF3- nucleotide state.,none_reported,,False,False,Not assessed; engineered mutation is not a pathogenicity classification,False,,False,,available,https://www.rcsb.org/structure/8A2R,2026-10-01T13:46:38.118679+00:00
8A2S,Cryo-EM structure of F-actin in the Mg2+-ADP-Pi nucleotide state.,Cryo-EM structure of F-actin in the Mg2+-ADP-Pi nucleotide state.,none_reported,,False,False,Not assessed; engineered mutation is not a pathogenicity classification,False,,False,,available,https://www.rcsb.org/structure/8A2S,2026-10-01T13:46:38.118679+00:00
8A2T,Cryo-EM structure of F-actin in the Mg2+-ADP nucleotide state.,Cryo-EM structure of F-actin in the Mg2+-ADP nucleotide state.,none_reported,,False,False,Not assessed; engineered mutation is not a pathogenicity classification,False,,False,,available,https://www.rcsb.org/structure/8A2T,2026-10-01T13:46:38.118679+00:00
8A2U,Cryo-EM structure of F-actin in the Ca2+-ADP-BeF3- nucleotide state.,Cryo-EM structure of F-actin in the Ca2+-ADP-BeF3- nucleotide state.,none_reported,,False,False,Not assessed; engineered mutation is not a pathogenicity classification,False,,False,,available,https://www.rcsb.org/structure/8A2U,2026-10-01T13:46:38.118679+00:00
8A2Y,Cryo-EM structure of F-actin in the Ca2+-ADP-Pi nucleotide state.,Cryo-EM structure of F-actin in the Ca2+-ADP-Pi nucleotide state.,none_reported,,False,False,Not assessed; engineered mutation is not a pathogenicity classification,False,,False,,available,https://www.rcsb.org/structure/8A2Y,2026-10-01T13:46:38.118679+00:00
8A2Z,Cryo-EM structure of F-actin in the Ca2+-ADP nucleotide state.,Cryo-EM structure of F-actin in the Ca2+-ADP nucleotide state.,none_reported,,False,False,Not assessed; engineered mutation is not a pathogenicity classification,False,,False,,available,https://www.rcsb.org/structure/8A2Z,2026-10-01T13:46:38.118679+00:00
8C4C,F-actin decorated by SipA497-669,F-actin decorated by SipA497-669,none_reported,,False,False,Not assessed; engineered mutation is not a pathogenicity classification,True,8C4C_2: bacterial effector name (review): proteins_per_pdb.csv:protein = Cell invasion protein SipA | 8C4C_2: bacterial effector name (review): rcsb_macromolecular_names_combined:PDB Preferred Name = Cell invasion protein SipA | 8C4C_2: bacterial effector name (review): rcsb_macromolecular_names_combined:PDB Synonym = Effector protein SipA | 8C4C_2: bacterial effector name (review): rcsb_polymer_entity.pdbx_description = Cell invasion protein SipA | bacterial effector name (review): proteins_per_pdb.csv:protein = Cell invasion protein SipA,False,,available,https://www.rcsb.org/structure/8C4C,2026-10-01T13:46:38.118679+00:00
8C4E,F-actin decorated by SipA426-685,F-actin decorated by SipA426-685,none_reported,,False,False,Not assessed; engineered mutation is not a pathogenicity classification,True,8C4E_2: bacterial effector name (review): proteins_per_pdb.csv:protein = Cell invasion protein SipA | 8C4E_2: bacterial effector name (review): rcsb_macromolecular_names_combined:PDB Preferred Name = Cell invasion protein SipA | 8C4E_2: bacterial effector name (review): rcsb_macromolecular_names_combined:PDB Synonym = Effector protein SipA | 8C4E_2: bacterial effector name (review): rcsb_polymer_entity.pdbx_description = Cell invasion protein SipA | bacterial effector name (review): proteins_per_pdb.csv:protein = Cell invasion protein SipA,False,,available,https://www.rcsb.org/structure/8C4E,2026-10-01T13:46:38.118679+00:00
8CCN,Filamentous actin II from Plasmodium falciparum,Filamentous actin II from Plasmodium falciparum,none_reported,,False,False,Not assessed; engineered mutation is not a pathogenicity classification,False,,False,,available,https://www.rcsb.org/structure/8CCN,2026-10-01T13:46:38.118679+00:00
8CCO,JAS-stabilized F-ActinII from Plasmodium falciparum,JAS-stabilized F-ActinII from Plasmodium falciparum,none_reported,,False,False,Not assessed; engineered mutation is not a pathogenicity classification,True,8CCO_2: jasplakinolide name: nonpolymer_comp.chem_comp.name = Jasplakinolide,False,,available,https://www.rcsb.org/structure/8CCO,2026-10-01T13:46:38.118679+00:00
8D15,Bent ADP-F-actin,Bent ADP-F-actin,none_reported,,False,False,Not assessed; engineered mutation is not a pathogenicity classification,False,,False,,available,https://www.rcsb.org/structure/8D15,2026-10-01T13:46:38.118679+00:00
8D16,Bent ADP-Pi-F-actin,Bent ADP-Pi-F-actin,none_reported,,False,False,Not assessed; engineered mutation is not a pathogenicity classification,False,,False,,available,https://www.rcsb.org/structure/8D16,2026-10-01T13:46:38.118679+00:00
8D17,Straight ADP-F-actin 1,Straight ADP-F-actin 1,none_reported,,False,False,Not assessed; engineered mutation is not a pathogenicity classification,False,,False,,available,https://www.rcsb.org/structure/8D17,2026-10-01T13:46:38.118679+00:00
8D18,Straight ADP-F-actin 2,Straight ADP-F-actin 2,none_reported,,False,False,Not assessed; engineered mutation is not a pathogenicity classification,False,,False,,available,https://www.rcsb.org/structure/8D18,2026-10-01T13:46:38.118679+00:00
8DD0,The structure of the native cardiac thin filament junction region,The structure of the native cardiac thin filament junction region,none_reported,,False,False,Not assessed; engineered mutation is not a pathogenicity classification,False,,False,,available,https://www.rcsb.org/structure/8DD0,2026-10-01T13:46:38.118679+00:00
8E9B,Cryo-EM structure of S. pombe Arp2/3 complex in the branch junction,Cryo-EM structure of S. pombe Arp2/3 complex in the branch junction,none_reported,,False,False,Not assessed; engineered mutation is not a pathogenicity classification,False,,False,,available,https://www.rcsb.org/structure/8E9B,2026-10-01T13:46:38.118679+00:00
8EFH,Helical reconstruction of the human cardiac actin-tropomyosin-myosin complex in complex with ADP-Mg2+,Helical reconstruction of the human cardiac actin-tropomyosin-myosin complex in complex with ADP-Mg2+,none_reported,,False,False,Not assessed; engineered mutation is not a pathogenicity classification,False,,False,,available,https://www.rcsb.org/structure/8EFH,2026-10-01T13:46:38.946498+00:00
8EFI,Helical reconstruction of the human cardiac actin-tropomyosin-myosin complex in the rigor form,Helical reconstruction of the human cardiac actin-tropomyosin-myosin complex in the rigor form,none_reported,,False,False,Not assessed; engineered mutation is not a pathogenicity classification,False,,False,,available,https://www.rcsb.org/structure/8EFI,2026-10-01T13:46:38.946498+00:00
8ENC,Helical reconstruction of the human cardiac actin-tropomyosin-myosin loop 4 7G mutant complex,Helical reconstruction of the human cardiac actin-tropomyosin-myosin loop 4 7G mutant complex,annotated,entity 1 (Myosin-7): count=7; deposited=Residues 366-372 substituted with seven glycines,True,False,Not assessed; engineered mutation is not a pathogenicity classification,False,,False,,available,https://www.rcsb.org/structure/8ENC,2026-10-01T13:46:38.946498+00:00
8F8P,Cryo-EM structure of F-actin in the ADP state,Cryo-EM structure of F-actin in the ADP state,none_reported,,False,False,Not assessed; engineered mutation is not a pathogenicity classification,False,,False,,available,https://www.rcsb.org/structure/8F8P,2026-10-01T13:46:38.946498+00:00
8F8Q,Cryo-EM structure of the CapZ-capped barbed end of F-actin,Cryo-EM structure of the CapZ-capped barbed end of F-actin,none_reported,,False,False,Not assessed; engineered mutation is not a pathogenicity classification,False,,False,,available,https://www.rcsb.org/structure/8F8Q,2026-10-01T13:46:38.946498+00:00
8F8R,Cryo-EM structure of the free barbed end of F-actin,Cryo-EM structure of the free barbed end of F-actin,none_reported,,False,False,Not assessed; engineered mutation is not a pathogenicity classification,False,,False,,available,https://www.rcsb.org/structure/8F8R,2026-10-01T13:46:38.946498+00:00
8F8S,Cryo-EM structure of the free pointed end of F-actin,Cryo-EM structure of the free pointed end of F-actin,none_reported,,False,False,Not assessed; engineered mutation is not a pathogenicity classification,False,,False,,available,https://www.rcsb.org/structure/8F8S,2026-10-01T13:46:38.946498+00:00
8F8T,Cryo-EM structure of the Tropomodulin-capped pointed end of F-actin,Cryo-EM structure of the Tropomodulin-capped pointed end of F-actin,none_reported,,False,False,Not assessed; engineered mutation is not a pathogenicity classification,False,,False,,available,https://www.rcsb.org/structure/8F8T,2026-10-01T13:46:38.946498+00:00
8IAH,"Structure of mammalian spectrin-actin junctional complex of membrane skeleton, State I, Global map","Structure of mammalian spectrin-actin junctional complex of membrane skeleton, State I, Global map",none_reported,,False,False,Not assessed; engineered mutation is not a pathogenicity classification,False,,False,,available,https://www.rcsb.org/structure/8IAH,2026-10-01T13:46:38.946498+00:00
8IAI,"Structure of mammalian spectrin-actin junctional complex of membrane skeleton, State II, Global map","Structure of mammalian spectrin-actin junctional complex of membrane skeleton, State II, Global map",none_reported,,False,False,Not assessed; engineered mutation is not a pathogenicity classification,False,,False,,available,https://www.rcsb.org/structure/8IAI,2026-10-01T13:46:38.946498+00:00
8IB2,"Structure of mammalian spectrin-actin junctional complex of membrane skeleton, Pointed-end segment, headpiece domain of dematin optimized","Structure of mammalian spectrin-actin junctional complex of membrane skeleton, Pointed-end segment, headpiece domain of dematin optimized",none_reported,,False,False,Not assessed; engineered mutation is not a pathogenicity classification,False,,True,8IB2_2: PPI3D and RCSB deposited names differ; original names retained,available,https://www.rcsb.org/structure/8IB2,2026-10-01T13:46:38.946498+00:00
8OI8,"Cryo-EM structure of ADP-bound, filamentous beta-actin harboring the R183W mutation","Cryo-EM structure of ADP-bound, filamentous beta-actin harboring the R183W mutation",annotated,"entity 1 (Actin, cytoplasmic 1): count=2; deposited=R183W, C272A",True,False,Not assessed; engineered mutation is not a pathogenicity classification,False,,False,,available,https://www.rcsb.org/structure/8OI8,2026-10-01T13:46:38.946498+00:00
8ORD,Cryo-EM map of zebrafish cardiac F-actin,Cryo-EM map of zebrafish cardiac F-actin,none_reported,,False,False,Not assessed; engineered mutation is not a pathogenicity classification,False,,False,,available,https://www.rcsb.org/structure/8ORD,2026-10-01T13:46:38.946498+00:00
8P94,Cryo-EM structure of cortactin stabilized Arp2/3-complex nucleated actin branches,Cryo-EM structure of cortactin stabilized Arp2/3-complex nucleated actin branches,none_reported,,False,False,Not assessed; engineered mutation is not a pathogenicity classification,True,8P94_12: phalloidin name: rcsb_macromolecular_names_combined:PDB Preferred Name = Phalloidin | 8P94_12: phalloidin name: rcsb_polymer_entity.pdbx_description = Phalloidin,False,,available,https://www.rcsb.org/structure/8P94,2026-10-01T13:46:38.946498+00:00
8PVX,Structure of the Lifeact13-F-actin complex,Structure of the Lifeact13-F-actin complex,none_reported,,False,False,Not assessed; engineered mutation is not a pathogenicity classification,False,,False,,available,https://www.rcsb.org/structure/8PVX,2026-10-01T13:46:38.946498+00:00
8R3H,Phalloidin bound F-actin,Phalloidin bound F-actin,none_reported,,False,False,Not assessed; engineered mutation is not a pathogenicity classification,True,8R3H_2: phalloidin name: rcsb_macromolecular_names_combined:PDB Preferred Name = phalloidin | 8R3H_2: phalloidin name: rcsb_polymer_entity.pdbx_description = phalloidin,False,,available,https://www.rcsb.org/structure/8R3H,2026-10-01T13:46:38.946498+00:00
8THX,Yeast actin A167E mutant wt-like,Yeast actin A167E mutant wt-like,annotated,entity 1 (Actin): count=1; deposited=A167E,True,False,Not assessed; engineered mutation is not a pathogenicity classification,False,,False,,available,https://www.rcsb.org/structure/8THX,2026-10-01T13:46:38.946498+00:00
8THY,Yeast actin A167E mutant rabbit-like,Yeast actin A167E mutant rabbit-like,annotated,entity 1 (Actin): count=1; deposited=A167E,True,False,Not assessed; engineered mutation is not a pathogenicity classification,False,,False,,available,https://www.rcsb.org/structure/8THY,2026-10-01T13:46:38.946498+00:00
8UEE,Atomic structure of Salmonella SipA/F-actin complex by cryo-EM,Atomic structure of Salmonella SipA/F-actin complex by cryo-EM,none_reported,,False,False,Not assessed; engineered mutation is not a pathogenicity classification,True,8UEE_2: bacterial effector name (review): proteins_per_pdb.csv:protein = Cell invasion protein SipA | 8UEE_2: bacterial effector name (review): rcsb_macromolecular_names_combined:PDB Preferred Name = Cell invasion protein SipA | 8UEE_2: bacterial effector name (review): rcsb_macromolecular_names_combined:PDB Synonym = Effector protein SipA | 8UEE_2: bacterial effector name (review): rcsb_polymer_entity.pdbx_description = Cell invasion protein SipA | bacterial effector name (review): proteins_per_pdb.csv:protein = Cell invasion protein SipA,False,,available,https://www.rcsb.org/structure/8UEE,2026-10-01T13:46:38.946498+00:00
8UXW,"Arp2/3 branch junction complex, ADP state","Arp2/3 branch junction complex, ADP state",none_reported,,False,False,Not assessed; engineered mutation is not a pathogenicity classification,False,,False,,available,https://www.rcsb.org/structure/8UXW,2026-10-01T13:46:38.946498+00:00
8UXX,"Arp2/3 branch junction complex, BeFx state","Arp2/3 branch junction complex, BeFx state",none_reported,,False,False,Not assessed; engineered mutation is not a pathogenicity classification,False,,False,,available,https://www.rcsb.org/structure/8UXX,2026-10-01T13:46:38.946498+00:00
8UZ0,Straight actin filament from Arp2/3 branch junction sample (ADP),Straight actin filament from Arp2/3 branch junction sample (ADP),none_reported,,False,False,Not assessed; engineered mutation is not a pathogenicity classification,False,,False,,available,https://www.rcsb.org/structure/8UZ0,2026-10-01T13:46:38.946498+00:00
8UZ1,Straight actin filament from Arp2/3 branch junction sample (ADP-BeFx),Straight actin filament from Arp2/3 branch junction sample (ADP-BeFx),none_reported,,False,False,Not assessed; engineered mutation is not a pathogenicity classification,False,,False,,available,https://www.rcsb.org/structure/8UZ1,2026-10-01T13:46:38.946498+00:00
8V2O,Cryo-EM Structure of Wildtype Smooth Muscle Gamma Actin (ACTG2),Cryo-EM Structure of Wildtype Smooth Muscle Gamma Actin (ACTG2),none_reported,,False,False,Not assessed; engineered mutation is not a pathogenicity classification,False,,False,,available,https://www.rcsb.org/structure/8V2O,2026-10-01T13:46:38.946498+00:00
8V2Z,Cryo-EM Structure of Smooth Muscle Gamma Actin (ACTG2) Mutant R257C,Cryo-EM Structure of Smooth Muscle Gamma Actin (ACTG2) Mutant R257C,annotated,"entity 1 (Actin, gamma-enteric smooth muscle): count=1; deposited=R257C",True,False,Not assessed; engineered mutation is not a pathogenicity classification,False,,False,,available,https://www.rcsb.org/structure/8V2Z,2026-10-01T13:46:38.946498+00:00
8V30,Smooth Muscle Gamma Actin (ACTG2) Filament Mutant R40C,Smooth Muscle Gamma Actin (ACTG2) Filament Mutant R40C,annotated,"entity 1 (Actin, gamma-enteric smooth muscle): count=1; deposited=R40C",True,False,Not assessed; engineered mutation is not a pathogenicity classification,True,8V30_2: phalloidin name: rcsb_macromolecular_names_combined:PDB Preferred Name = Phalloidin | 8V30_2: phalloidin name: rcsb_polymer_entity.pdbx_description = Phalloidin,False,,available,https://www.rcsb.org/structure/8V30,2026-10-01T13:46:39.674189+00:00
8VAA,Actin-binding domain of Legionella pneumophila effector LFAT1 (lpg1387) bound to F-actin,Actin-binding domain of Legionella pneumophila effector LFAT1 (lpg1387) bound to F-actin,none_reported,,False,False,Not assessed; engineered mutation is not a pathogenicity classification,False,,False,,available,https://www.rcsb.org/structure/8VAA,2026-10-01T13:46:39.674189+00:00
8VFM,Salmonella effector protein SipA decorated actin filament,Salmonella effector protein SipA decorated actin filament,none_reported,,False,False,Not assessed; engineered mutation is not a pathogenicity classification,True,8VFM_1: bacterial effector name (review): proteins_per_pdb.csv:protein = Cell invasion protein SipA | 8VFM_1: bacterial effector name (review): rcsb_macromolecular_names_combined:PDB Preferred Name = Cell invasion protein SipA | 8VFM_1: bacterial effector name (review): rcsb_macromolecular_names_combined:PDB Synonym = Effector protein SipA | 8VFM_1: bacterial effector name (review): rcsb_polymer_entity.pdbx_description = Cell invasion protein SipA | bacterial effector name (review): proteins_per_pdb.csv:protein = Cell invasion protein SipA,False,,available,https://www.rcsb.org/structure/8VFM,2026-10-01T13:46:39.674189+00:00
8VIZ,Structure of full-length gelsolin bound to the barbed end of F-actin,Structure of full-length gelsolin bound to the barbed end of F-actin,none_reported,,False,False,Not assessed; engineered mutation is not a pathogenicity classification,False,,False,,available,https://www.rcsb.org/structure/8VIZ,2026-10-01T13:46:39.674189+00:00
8VKH,Structure of gelsolin domains G1-G3 bound to the barbed end of F-actin,Structure of gelsolin domains G1G3 bound to the barbed end of F-actin,none_reported,,False,False,Not assessed; engineered mutation is not a pathogenicity classification,False,,False,,available,https://www.rcsb.org/structure/8VKH,2026-10-01T13:46:39.674189+00:00
8W36,rabbit actin in the absence of potassium,rabbit actin in the absence of potassium,none_reported,,False,False,Not assessed; engineered mutation is not a pathogenicity classification,False,,False,,available,https://www.rcsb.org/structure/8W36,2026-10-01T13:46:39.674189+00:00
8ZB7,Human left ventricle ATM complex,Human left ventricle ATM complex,none_reported,,False,False,Not assessed; engineered mutation is not a pathogenicity classification,False,,False,,available,https://www.rcsb.org/structure/8ZB7,2026-10-01T13:46:39.674189+00:00
8ZBM,RAT skeletal muscle ATM complex,RAT skeletal muscle ATM complex,none_reported,,False,False,Not assessed; engineered mutation is not a pathogenicity classification,False,,False,,available,https://www.rcsb.org/structure/8ZBM,2026-10-01T13:46:39.674189+00:00
8ZBN,Mouse MYH6 R404Q left ventricle ATM complex,Mouse MYH6 R404Q left ventricle ATM complex,annotated,entity 3 (Myosin-6): count=1; deposited=[absent],False,False,Not assessed; engineered mutation is not a pathogenicity classification,False,,False,,available,https://www.rcsb.org/structure/8ZBN,2026-10-01T13:46:39.674189+00:00
8ZIX,RAT skeletal muscle F-actin,RAT skeletal muscle F-actin,none_reported,,False,False,Not assessed; engineered mutation is not a pathogenicity classification,False,,False,,available,https://www.rcsb.org/structure/8ZIX,2026-10-01T13:46:39.674189+00:00
9AZ4,INF2 at the Barbed End of F-Actin,INF2 at the Barbed End of F-Actin,none_reported,,False,False,Not assessed; engineered mutation is not a pathogenicity classification,False,,False,,available,https://www.rcsb.org/structure/9AZ4,2026-10-01T13:46:39.674189+00:00
9AZ6,F-actin-Talin(R13-DD) complex,F-actin-Talin(R13-DD) complex,none_reported,,False,False,Not assessed; engineered mutation is not a pathogenicity classification,False,,False,,available,https://www.rcsb.org/structure/9AZ6,2026-10-01T13:46:39.674189+00:00
9AZP,INF2 at the Barbed End of F-Actin with Incoming Profilin-Actin,INF2 at the Barbed End of F-Actin with Incoming Profilin-Actin,none_reported,,False,False,Not assessed; engineered mutation is not a pathogenicity classification,False,,False,,available,https://www.rcsb.org/structure/9AZP,2026-10-01T13:46:39.674189+00:00
9AZQ,INF2 at the Barbed End of F-Actin with Incoming Actin,INF2 at the Barbed End of F-Actin with Incoming Actin,none_reported,,False,False,Not assessed; engineered mutation is not a pathogenicity classification,False,,False,,available,https://www.rcsb.org/structure/9AZQ,2026-10-01T13:46:39.674189+00:00
9B03,INF2 in the Middle of F-Actin (Up state),INF2 in the Middle of F-Actin (Up state),none_reported,,False,False,Not assessed; engineered mutation is not a pathogenicity classification,False,,False,,available,https://www.rcsb.org/structure/9B03,2026-10-01T13:46:39.674189+00:00
9B0K,INF2 in the Middle of F-Actin (Down state),INF2 in the Middle of F-Actin (Down state),none_reported,,False,False,Not assessed; engineered mutation is not a pathogenicity classification,False,,False,,available,https://www.rcsb.org/structure/9B0K,2026-10-01T13:46:39.674189+00:00
9B27,Dia1 at the Barbed End of F-Actin,Dia1 at the Barbed End of F-Actin,none_reported,,False,False,Not assessed; engineered mutation is not a pathogenicity classification,False,,False,,available,https://www.rcsb.org/structure/9B27,2026-10-01T13:46:39.674189+00:00
9B3D,mDia1 in the middle of F-actin,mDia1 in the middle of F-actin,none_reported,,False,False,Not assessed; engineered mutation is not a pathogenicity classification,False,,False,,available,https://www.rcsb.org/structure/9B3D,2026-10-01T13:46:39.674189+00:00
9C21,Structure of endogenous Actin filament from rat model of Alzheimer's disease,Structure of endogenous Actin filament from rat model of Alzheimer's disease,none_reported,,False,False,Not assessed; engineered mutation is not a pathogenicity classification,False,,False,,available,https://www.rcsb.org/structure/9C21,2026-10-01T13:46:39.674189+00:00
9DUU,Cryo-EM structure of recombinant wildtype ACTA1 phalloidin-stabilized F-actin,Cryo-EM structure of recombinant wildtype ACTA1 phalloidin-stabilized F-actin,none_reported,,False,False,Not assessed; engineered mutation is not a pathogenicity classification,True,9DUU_2: phalloidin name: rcsb_macromolecular_names_combined:PDB Preferred Name = phalloidin | 9DUU_2: phalloidin name: rcsb_polymer_entity.pdbx_description = phalloidin,False,,available,https://www.rcsb.org/structure/9DUU,2026-10-01T13:46:39.674189+00:00
9DUV,Cryo-EM structure of recombinant R254H ACTA1 phalloidin-stabilized F-actin,Cryo-EM structure of recombinant R254H ACTA1 phalloidin-stabilized F-actin,annotated,"entity 1 (Actin, alpha skeletal muscle): count=1; deposited=R254H",False,False,Not assessed; engineered mutation is not a pathogenicity classification,True,9DUV_2: phalloidin name: rcsb_macromolecular_names_combined:PDB Preferred Name = phalloidin | 9DUV_2: phalloidin name: rcsb_polymer_entity.pdbx_description = phalloidin,False,,available,https://www.rcsb.org/structure/9DUV,2026-10-01T13:46:39.674189+00:00
9DVA,F-actin binding interface of alpha-E-catenin ABD (cadherin-catenin complex) and afadin,F-actin binding interface of alpha-E-catenin ABD (cadherin-catenin complex) and afadin,none_reported,,False,False,Not assessed; engineered mutation is not a pathogenicity classification,False,,False,,available,https://www.rcsb.org/structure/9DVA,2026-10-01T13:46:39.674189+00:00
9E2E,The structure of the junction region of the wild-type murine native cardiac thin filament in Ca2+-free state,The structure of the junction region of the wild-type murine native cardiac thin filament in Ca2+-free state,none_reported,,False,False,Not assessed; engineered mutation is not a pathogenicity classification,False,,False,,available,https://www.rcsb.org/structure/9E2E,2026-10-01T13:46:39.674189+00:00
9GO5,CryoEM Reconstruction of Yeast ADP-Actin Filament at 2.5 A resolution.,CryoEM Reconstruction of Yeast ADP-Actin Filament at 2.5 A resolution.,none_reported,,False,False,Not assessed; engineered mutation is not a pathogenicity classification,False,,False,,available,https://www.rcsb.org/structure/9GO5,2026-10-01T13:46:39.674189+00:00
9GOB,Structure of the F-tractin-F-actin complex,Structure of the F-tractin-F-actin complex,none_reported,,False,False,Not assessed; engineered mutation is not a pathogenicity classification,False,,False,,available,https://www.rcsb.org/structure/9GOB,2026-10-01T13:46:39.674189+00:00
9HM9,Structure of the optimized F-tractin in complex with F-actin,Structure of the optimized F-tractin in complex with F-actin,annotated,entity 2 (Inositol-trisphosphate 3-kinase A): count=1; deposited=[absent],False,False,Not assessed; engineered mutation is not a pathogenicity classification,False,,False,,available,https://www.rcsb.org/structure/9HM9,2026-10-01T13:46:40.377052+00:00
9P1I,Atomic structure of vibrio effector fragment VopV bound to Beta-cytoplasmic/gamma1-cytoplasmic F-actin,Atomic structure of vibrio effector fragment VopV bound to Beta-cytoplasmic/gamma1-cytoplasmic F-actin,none_reported,,False,False,Not assessed; engineered mutation is not a pathogenicity classification,True,9P1I_2: bacterial effector name (review): proteins_per_pdb.csv:protein = VopV | 9P1I_2: bacterial effector name (review): rcsb_macromolecular_names_combined:PDB Preferred Name = VopV | 9P1I_2: bacterial effector name (review): rcsb_polymer_entity.pdbx_description = VopV | bacterial effector name (review): proteins_per_pdb.csv:protein = VopV,False,,available,https://www.rcsb.org/structure/9P1I,2026-10-01T13:46:40.377052+00:00
9P3D,cryo-EM structure of Vibrio effector VopV fragment bound to skeletal alpha F-actin,cryo-EM structure of Vibrio effector VopV fragment bound to skeletal alpha F-actin,none_reported,,False,False,Not assessed; engineered mutation is not a pathogenicity classification,True,9P3D_2: bacterial effector name (review): proteins_per_pdb.csv:protein = Vibrio VopV | 9P3D_2: bacterial effector name (review): rcsb_macromolecular_names_combined:PDB Preferred Name = Vibrio VopV | 9P3D_2: bacterial effector name (review): rcsb_polymer_entity.pdbx_description = Vibrio VopV | bacterial effector name (review): proteins_per_pdb.csv:protein = Vibrio VopV,False,,available,https://www.rcsb.org/structure/9P3D,2026-10-01T13:46:40.377052+00:00
9Q7K,Pointed end of Cofilin-2 Bound F-actin,Pointed end of Cofilin-2 Bound F-actin,none_reported,,False,False,Not assessed; engineered mutation is not a pathogenicity classification,False,,False,,available,https://www.rcsb.org/structure/9Q7K,2026-10-01T13:46:40.377052+00:00
9Q7L,Barbed end of F-actin and cofilin on sides,Barbed end of F-actin and cofilin on sides,none_reported,,False,False,Not assessed; engineered mutation is not a pathogenicity classification,False,,False,,available,https://www.rcsb.org/structure/9Q7L,2026-10-01T13:46:40.377052+00:00
9Q7M,"Barbed end of cofilin actin, cofilin on second-to-last barbed end subunit","Barbed end of cofilin actin, cofilin on second-to-last barbed end subunit",none_reported,,False,False,Not assessed; engineered mutation is not a pathogenicity classification,False,,False,,available,https://www.rcsb.org/structure/9Q7M,2026-10-01T13:46:40.377052+00:00
9Q7N,"Cofilin barbed end, cofilin on the two barbed end subunits","Cofilin barbed end, cofilin on the two barbed end subunits",none_reported,,False,False,Not assessed; engineered mutation is not a pathogenicity classification,False,,False,,available,https://www.rcsb.org/structure/9Q7N,2026-10-01T13:46:40.377052+00:00
9Q7O,One CAP-1 Bound to the Pointed End of F-actin,One CAP-1 Bound to the Pointed End of F-actin,none_reported,,False,False,Not assessed; engineered mutation is not a pathogenicity classification,False,,False,,available,https://www.rcsb.org/structure/9Q7O,2026-10-01T13:46:40.377052+00:00
9QEW,Cryo-EM structure of the undecorated actin filament in the ADP-Pi state.,Cryo-EM structure of the undecorated actin filament in the ADP-Pi state.,annotated,"entity 1 (Actin, cytoplasmic 1, N-terminally processed): count=1; deposited=C272A",False,False,Not assessed; engineered mutation is not a pathogenicity classification,False,,False,,available,https://www.rcsb.org/structure/9QEW,2026-10-01T13:46:40.377052+00:00
9QEY,Cryo-EM structure of the actin filament bound by a single Coronin-1B molecule.,Cryo-EM structure of the actin filament bound by a single Coronin-1B molecule.,annotated,"entity 1 (Actin, cytoplasmic 1, N-terminally processed): count=1; deposited=C272A",False,False,Not assessed; engineered mutation is not a pathogenicity classification,False,,False,,available,https://www.rcsb.org/structure/9QEY,2026-10-01T13:46:40.377052+00:00
9QF2,Cryo-EM structure of the fully Coronin-1B-decorated actin filament in the ADP state.,Cryo-EM structure of the fully Coronin-1B-decorated actin filament in the ADP state.,annotated,"entity 1 (Actin, cytoplasmic 1, N-terminally processed): count=1; deposited=C272A",False,False,Not assessed; engineered mutation is not a pathogenicity classification,False,,False,,available,https://www.rcsb.org/structure/9QF2,2026-10-01T13:46:40.377052+00:00
9QFB,Cryo-EM structure of the fully Coronin-1B-decorated actin filament in the ADP state.,Cryo-EM structure of the fully Coronin-1B-decorated actin filament in the ADP state.,annotated,"entity 1 (Actin, cytoplasmic 1, N-terminally processed): count=1; deposited=C272A",False,False,Not assessed; engineered mutation is not a pathogenicity classification,False,,False,,available,https://www.rcsb.org/structure/9QFB,2026-10-01T13:46:40.377052+00:00
9QFD,Cryo-EM structure of the fully cofilin-1-decorated actin filament (cofilactin),Cryo-EM structure of the fully cofilin-1-decorated actin filament (cofilactin),annotated,"entity 1 (Actin, cytoplasmic 1, N-terminally processed): count=1; deposited=C272A",False,False,Not assessed; engineered mutation is not a pathogenicity classification,False,,False,,available,https://www.rcsb.org/structure/9QFD,2026-10-01T13:46:40.377052+00:00
9QFE,Cryo-EM structure of the actin filament hetero-decorated by Coronin-1 and Cofilin-1 on separate actin strands,Cryo-EM structure of the actin filament hetero-decorated by Coronin-1 and Cofilin-1 on separate actin strands,annotated,"entity 1 (Actin, cytoplasmic 1, N-terminally processed): count=1; deposited=C272A",False,False,Not assessed; engineered mutation is not a pathogenicity classification,False,,False,,available,https://www.rcsb.org/structure/9QFE,2026-10-01T13:46:40.377052+00:00
9QFG,"Cryo-EM structure of the actin filament hetero-decorated by Coronin-1 and Cofilin-1, strand boundary","Cryo-EM structure of the actin filament hetero-decorated by Coronin-1 and Cofilin-1, strand boundary",annotated,"entity 3 (Actin, cytoplasmic 1, N-terminally processed): count=1; deposited=C272A",False,False,Not assessed; engineered mutation is not a pathogenicity classification,False,,False,,available,https://www.rcsb.org/structure/9QFG,2026-10-01T13:46:40.377052+00:00
9QFJ,Cryo-EM structure of the cofilactin filament core at 2.3 Angstrom resolution.,Cryo-EM structure of the cofilactin filament core at 2.3 Angstrom resolution.,annotated,"entity 2 (Actin, cytoplasmic 1, N-terminally processed): count=1; deposited=C272A",False,False,Not assessed; engineered mutation is not a pathogenicity classification,False,,False,,available,https://www.rcsb.org/structure/9QFJ,2026-10-01T13:46:40.377052+00:00
9QFK,Cryo-EM structure of the Coronin-1B-decorated actin filament bound by one Cofilin-1 molecule (crosslinked),Cryo-EM structure of the Coronin-1B-decorated actin filament bound by one Cofilin-1 molecule (crosslinked),annotated,"entity 1 (Actin, cytoplasmic 1, N-terminally processed): count=1; deposited=C272A",False,False,Not assessed; engineered mutation is not a pathogenicity classification,False,,False,,available,https://www.rcsb.org/structure/9QFK,2026-10-01T13:46:40.377052+00:00
9QFO,Cryo-EM structure of the cofilactin filament pointed end,Cryo-EM structure of the cofilactin filament pointed end,annotated,"entity 2 (Actin, cytoplasmic 1, N-terminally processed): count=1; deposited=C272A",False,False,Not assessed; engineered mutation is not a pathogenicity classification,False,,False,,available,https://www.rcsb.org/structure/9QFO,2026-10-01T13:46:40.377052+00:00
9QFQ,Cryo-EM structure of the cofilactin barbed end bound by AIP1,Cryo-EM structure of the cofilactin barbed end bound by AIP1,annotated,"entity 3 (Actin, cytoplasmic 1, N-terminally processed): count=1; deposited=[absent]",False,False,Not assessed; engineered mutation is not a pathogenicity classification,False,,False,,available,https://www.rcsb.org/structure/9QFQ,2026-10-01T13:46:40.377052+00:00
9QFW,Cryo-EM structure of the cofilactin barbed end bound by two AIP1 molecules,Cryo-EM structure of the cofilactin barbed end bound by two AIP1 molecules,annotated,"entity 1 (Actin, cytoplasmic 1, N-terminally processed): count=1; deposited=C272A",False,False,Not assessed; engineered mutation is not a pathogenicity classification,False,,False,,available,https://www.rcsb.org/structure/9QFW,2026-10-01T13:46:40.377052+00:00
9QGK,F-actin decorated by ITPKA,F-actin decorated by ITPKA,none_reported,,False,False,Not assessed; engineered mutation is not a pathogenicity classification,True,9QGK_3: phalloidin name: rcsb_macromolecular_names_combined:PDB Preferred Name = Phalloidin | 9QGK_3: phalloidin name: rcsb_polymer_entity.pdbx_description = Phalloidin,False,,available,https://www.rcsb.org/structure/9QGK,2026-10-01T13:46:40.377052+00:00
9SGK,F-actin in complex with USP54 M1 actin binding motif,F-actin in complex with USP54 M1 actin binding motif,none_reported,,False,False,Not assessed; engineered mutation is not a pathogenicity classification,False,,False,,available,https://www.rcsb.org/structure/9SGK,2026-10-01T13:46:40.377052+00:00
9XYE,Two CAP-1 Bound to the Pointed End of F-actin,Two CAP-1 Bound to the Pointed End of F-actin,none_reported,,False,False,Not assessed; engineered mutation is not a pathogenicity classification,False,,False,,available,https://www.rcsb.org/structure/9XYE,2026-10-01T13:46:40.377052+00:00
9Y52,One CAP-1 Bound to the Pointed End of Cofilin F-actin,One CAP-1 Bound to the Pointed End of Cofilin F-actin,none_reported,,False,False,Not assessed; engineered mutation is not a pathogenicity classification,False,,False,,available,https://www.rcsb.org/structure/9Y52,2026-10-01T13:46:40.377052+00:00
9Y9J,Two CAP-1 Bound to the Pointed End of Cofilin F-actin,Two CAP-1 Bound to the Pointed End of Cofilin F-actin,none_reported,,False,False,Not assessed; engineered mutation is not a pathogenicity classification,False,,False,,available,https://www.rcsb.org/structure/9Y9J,2026-10-01T13:46:40.377052+00:00
9Y9L,CP at the barbed end with one cofilin on second-to-last subunit,CP at the barbed end with one cofilin on second-to-last subunit,none_reported,,False,False,Not assessed; engineered mutation is not a pathogenicity classification,False,,False,,available,https://www.rcsb.org/structure/9Y9L,2026-10-01T13:46:40.926276+00:00
9Y9M,Capping protein bound to the barbed end of cofilactin,Capping protein bound to the barbed end of cofilactin,none_reported,,False,False,Not assessed; engineered mutation is not a pathogenicity classification,False,,False,,available,https://www.rcsb.org/structure/9Y9M,2026-10-01T13:46:40.926276+00:00
9Y9P,Cofilactin filament,Cofilactin filament,none_reported,,False,False,Not assessed; engineered mutation is not a pathogenicity classification,False,,False,,available,https://www.rcsb.org/structure/9Y9P,2026-10-01T13:46:40.926276+00:00
9YIM,Capping protein bound to the barbed end of F-actin,Capping protein bound to the barbed end of F-actin,none_reported,,False,False,Not assessed; engineered mutation is not a pathogenicity classification,False,,False,,available,https://www.rcsb.org/structure/9YIM,2026-10-01T13:46:40.926276+00:00
9ZBL,Helical Reconstruction of the Human Cardiac F-Actin-Tropomyosin Complex,Helical Reconstruction of the Human Cardiac F-Actin-Tropomyosin Complex,none_reported,,False,False,Not assessed; engineered mutation is not a pathogenicity classification,False,,False,,available,https://www.rcsb.org/structure/9ZBL,2026-10-01T13:46:40.926276+00:00
9ZBP,Helical Reconstruction of the Complex of Pseudo-Acetylated Human Cardiac Actin (K326/328Q) and Tropomyosin,Helical Reconstruction of the Complex of Pseudo-Acetylated Human Cardiac Actin (K326/328Q) and Tropomyosin,annotated,"entity 1 (Actin, alpha cardiac muscle 1): count=2; deposited=K326Q, K328Q",False,False,Not assessed; engineered mutation is not a pathogenicity classification,False,,False,,available,https://www.rcsb.org/structure/9ZBP,2026-10-01T13:46:40.926276+00:00
9ZZI,Cryo-EM structure of F-actin in the ADP state,Cryo-EM structure of F-actin in the ADP state,none_reported,,False,False,Not assessed; engineered mutation is not a pathogenicity classification,False,,False,,available,https://www.rcsb.org/structure/9ZZI,2026-10-01T13:46:40.926276+00:00
9ZZJ,One Lmod2 at the pointed end of F-actin,One Lmod2 at the pointed end of F-actin,none_reported,,False,False,Not assessed; engineered mutation is not a pathogenicity classification,False,,False,,available,https://www.rcsb.org/structure/9ZZJ,2026-10-01T13:46:40.926276+00:00
9ZZM,Two Lmod2s and incoming actin at the pointed end of F-actin,Two Lmod2s and incoming actin at the pointed end of F-actin,none_reported,,False,False,Not assessed; engineered mutation is not a pathogenicity classification,False,,False,,available,https://www.rcsb.org/structure/9ZZM,2026-10-01T13:46:40.926276+00:00
