canon,Residue,mean_vs,conservation,aa,rsa_source,rsa_status,rsa_isolated,rsa_actin_fragment,rsa_with_abp,rsa,residue_class,frac_impactful,at_homo,at_hetero,at_interface,homo_asa,hetero_asa,combined_asa,n_familles
3,1,-1.2084576105307703,1.2084576105307703,M,"Human beta-actin, 8DNH chain B, isolated in the same conformation",current,,,,,tolerant,0.0,False,False,False,,,,0
6,2,-1.5811359329512318,1.5811359329512318,D,"Human beta-actin, 8DNH chain B, isolated in the same conformation",current,,,,,tolerant,0.0,False,True,True,,28.836363636363636,28.836363636363636,4
7,3,-1.0298756821357324,1.0298756821357324,D,"Human beta-actin, 8DNH chain B, isolated in the same conformation",current,0.6337646836975096,0.6337646836975096,,0.6337646836975096,tolerant,0.0,False,True,True,,18.8,18.8,4
8,4,-0.7955517609471132,0.7955517609471132,D,"Human beta-actin, 8DNH chain B, isolated in the same conformation",current,0.5153555131958756,0.5153555131958756,,0.5153555131958756,tolerant,0.0,False,True,True,,21.691891891891892,21.691891891891892,9
9,5,-0.44809617150034226,0.44809617150034226,I,"Human beta-actin, 8DNH chain B, isolated in the same conformation",current,0.2713843019336741,0.2713843019336741,,0.2713843019336741,tolerant,0.0,False,True,True,,31.859523809523807,31.859523809523807,10
10,6,-0.7664820727752678,0.7664820727752678,A,"Human beta-actin, 8DNH chain B, isolated in the same conformation",current,0.1190228298123842,0.1190228298123842,,0.1190228298123842,tolerant,0.05,False,True,True,,48.49777777777778,48.49777777777778,6
11,7,-1.5687595417947058,1.5687595417947058,A,"Human beta-actin, 8DNH chain B, isolated in the same conformation",current,0.0424084566445343,0.0424084566445343,,0.0424084566445343,tolerant,0.2,False,True,True,,58.55,58.55,2
12,8,-2.8821312864654405,2.8821312864654405,L,"Human beta-actin, 8DNH chain B, isolated in the same conformation",current,0.0006258438101367,0.0006258438101367,,0.0006258438101367,sensitive,0.45,False,True,True,,100.0,100.0,1
13,9,-3.7377949461696467,3.7377949461696467,V,"Human beta-actin, 8DNH chain B, isolated in the same conformation",current,0.0679580054524378,0.0679580054524378,,0.0679580054524378,sensitive,0.65,False,False,False,,,,0
14,10,-1.6208459706525367,1.6208459706525367,V,"Human beta-actin, 8DNH chain B, isolated in the same conformation",current,0.0133285980273422,0.0133285980273422,,0.0133285980273422,tolerant,0.3,False,False,False,,,,0
15,11,-3.432465649659048,3.432465649659048,D,"Human beta-actin, 8DNH chain B, isolated in the same conformation",current,0.0733347019208929,0.0733347019208929,,0.0733347019208929,sensitive,0.7,False,False,False,,,,0
16,12,-1.8457692693931662,1.8457692693931662,N,"Human beta-actin, 8DNH chain B, isolated in the same conformation",current,0.2073625550038366,0.2073625550038366,,0.2073625550038366,tolerant,0.1,False,False,False,,,,0
17,13,-4.152581611695435,4.152581611695435,G,"Human beta-actin, 8DNH chain B, isolated in the same conformation",current,0.2086662958166619,0.2086662958166619,,0.2086662958166619,sensitive,0.75,False,False,False,,,,0
18,14,-2.6599172592095104,2.6599172592095104,S,"Human beta-actin, 8DNH chain B, isolated in the same conformation",current,0.1115601086400667,0.1115601086400667,,0.1115601086400667,sensitive,0.55,False,False,False,,,,0
19,15,-1.953761150744911,1.953761150744911,G,"Human beta-actin, 8DNH chain B, isolated in the same conformation",current,0.1411104993491929,0.1411104993491929,,0.1411104993491929,tolerant,0.1,False,False,False,,,,0
20,16,-1.285202635896617,1.285202635896617,M,"Human beta-actin, 8DNH chain B, isolated in the same conformation",current,0.3975300400893419,0.3975300400893419,,0.3975300400893419,tolerant,0.1,False,True,True,,62.52619047619047,62.52619047619047,4
21,17,-1.5670285659437524,1.5670285659437524,C,"Human beta-actin, 8DNH chain B, isolated in the same conformation",current,0.0129042015608904,0.0129042015608904,,0.0129042015608904,tolerant,0.2,False,False,False,,,,0
22,18,-2.897593028735999,2.897593028735999,K,"Human beta-actin, 8DNH chain B, isolated in the same conformation",current,0.1541029126276441,0.1541029126276441,,0.1541029126276441,sensitive,0.45,False,True,True,,88.4,88.4,1
23,19,-2.6211682441226505,2.6211682441226505,A,"Human beta-actin, 8DNH chain B, isolated in the same conformation",current,0.0095673470072258,0.0095673470072258,,0.0095673470072258,sensitive,0.4,False,False,False,,,,0
24,20,-4.709434101152316,4.709434101152316,G,"Human beta-actin, 8DNH chain B, isolated in the same conformation",current,0.0,0.0,,0.0,sensitive,0.75,False,False,False,,,,0
25,21,-2.3841273486532377,2.3841273486532377,F,"Human beta-actin, 8DNH chain B, isolated in the same conformation",current,0.1576189121475862,0.1576189121475862,,0.1576189121475862,sensitive,0.35,False,True,True,,45.31351351351351,45.31351351351351,10
26,22,-2.3296928839724544,2.3296928839724544,A,"Human beta-actin, 8DNH chain B, isolated in the same conformation",current,0.2586038117059049,0.2586038117059049,,0.2586038117059049,sensitive,0.4,False,True,True,,37.35849056603774,37.35849056603774,7
27,23,-2.3709200700022475,2.3709200700022475,G,"Human beta-actin, 8DNH chain B, isolated in the same conformation",current,0.5945605569280166,0.5945605569280166,,0.5945605569280166,sensitive,0.25,False,True,True,,44.79430051813471,44.79430051813471,15
28,24,-1.859140645685613,1.859140645685613,D,"Human beta-actin, 8DNH chain B, isolated in the same conformation",current,0.2988722700807172,0.2988722700807172,,0.2988722700807172,tolerant,0.2,False,True,True,,31.65301724137931,31.65301724137931,16
29,25,-1.6370360350606437,1.6370360350606437,D,"Human beta-actin, 8DNH chain B, isolated in the same conformation",current,0.6790854268267061,0.6790854268267061,,0.6790854268267061,tolerant,0.1,False,True,True,,41.29924528301886,41.29924528301886,17
30,26,-1.1839165385139299,1.1839165385139299,A,"Human beta-actin, 8DNH chain B, isolated in the same conformation",current,0.3747970366157563,0.3747970366157563,,0.3747970366157563,tolerant,0.0,False,True,True,,69.68264840182648,69.68264840182648,13
31,27,-4.098659730099858,4.098659730099858,P,"Human beta-actin, 8DNH chain B, isolated in the same conformation",current,0.1459636306735377,0.1459636306735377,,0.1459636306735377,sensitive,0.8,False,True,True,,94.7819587628866,94.7819587628866,12
32,28,-1.4736998125896492,1.4736998125896492,R,"Human beta-actin, 8DNH chain B, isolated in the same conformation",current,0.5586397302886909,0.5586397302886909,,0.5586397302886909,tolerant,0.0,False,True,True,,54.39380952380953,54.39380952380953,14
33,29,-1.5395003484036032,1.5395003484036032,A,"Human beta-actin, 8DNH chain B, isolated in the same conformation",current,0.0436619277598852,0.0436619277598852,,0.0436619277598852,tolerant,0.0,False,True,True,,58.12613636363637,58.12613636363637,9
34,30,-1.7219984395666716,1.7219984395666716,V,"Human beta-actin, 8DNH chain B, isolated in the same conformation",current,0.3867768711048999,0.3867768711048999,,0.3867768711048999,tolerant,0.15,False,True,True,,53.336021505376344,53.336021505376344,10
35,31,-2.3121410028912086,2.3121410028912086,F,"Human beta-actin, 8DNH chain B, isolated in the same conformation",current,0.0241106327855191,0.0241106327855191,,0.0241106327855191,sensitive,0.35,False,True,True,,57.1514705882353,57.1514705882353,7
36,32,-2.3638918343900643,2.3638918343900643,P,"Human beta-actin, 8DNH chain B, isolated in the same conformation",current,0.1198996410312883,0.1198996410312883,,0.1198996410312883,sensitive,0.3,False,True,True,,60.24186046511628,60.24186046511628,5
37,33,-2.1955479540766505,2.1955479540766505,S,"Human beta-actin, 8DNH chain B, isolated in the same conformation",current,0.0516664638781068,0.0516664638781068,,0.0516664638781068,sensitive,0.25,False,False,False,,,,0
38,34,-1.888111433654744,1.888111433654744,I,"Human beta-actin, 8DNH chain B, isolated in the same conformation",current,0.0102168207786794,0.0102168207786794,,0.0102168207786794,sensitive,0.1,False,False,False,,,,0
39,35,-2.484867249886208,2.484867249886208,V,"Human beta-actin, 8DNH chain B, isolated in the same conformation",current,0.0057729473279241,0.0057729473279241,,0.0057729473279241,sensitive,0.35,False,True,True,,53.57142857142857,53.57142857142857,1
40,36,-2.8651611381507602,2.8651611381507602,G,"Human beta-actin, 8DNH chain B, isolated in the same conformation",current,0.0,0.0,,0.0,sensitive,0.55,False,False,False,,,,0
41,37,-1.2911138317772237,1.2911138317772237,R,"Human beta-actin, 8DNH chain B, isolated in the same conformation",current,0.2963863164235147,0.2963863164235147,,0.2963863164235147,tolerant,0.0,False,True,True,,55.813580246913574,55.813580246913574,7
42,38,-1.8181825000946492,1.8181825000946492,P,"Human beta-actin, 8DNH chain B, isolated in the same conformation",current,0.4643626300930172,0.4643626300930172,,0.4643626300930172,sensitive,0.0,True,True,True,38.951588785046724,39.77444444444444,39.07008,9
43,39,-1.2546665131521064,1.2546665131521064,R,"Human beta-actin, 8DNH chain B, isolated in the same conformation",current,0.520825699024564,0.3561764571300549,,0.520825699024564,tolerant,0.0,True,True,True,27.896960249415436,14.794871794871796,26.802000000000003,9
44,40,-0.9719836839938869,0.9719836839938869,H,"Human beta-actin, 8DNH chain B, isolated in the same conformation",current,0.5089890782933761,0.4896641344210012,,0.5089890782933761,tolerant,0.0,True,True,True,37.161088211046994,37.25833333333333,37.16567164179104,9
45,41,-0.7769984089747684,0.7769984089747684,Q,"Human beta-actin, 8DNH chain B, isolated in the same conformation",current,0.661691605481637,0.661691605481637,,0.661691605481637,tolerant,0.0,True,True,True,38.55816326530612,30.391228070175437,37.83643410852713,9
46,42,-1.1865496187074116,1.1865496187074116,G,"Human beta-actin, 8DNH chain B, isolated in the same conformation",current,0.6089066095730128,0.6089066095730128,,0.6089066095730128,tolerant,0.05,True,True,True,40.13548951048951,54.922448979591834,41.302254428341385,7
47,43,-1.1561773295177677,1.1561773295177677,V,"Human beta-actin, 8DNH chain B, isolated in the same conformation",current,0.6239782429249106,0.6239782429249106,,0.6239782429249106,tolerant,0.0,True,True,True,73.41735074626865,26.84561403508772,68.94080944350759,9
48,44,-1.550789092865046,1.550789092865046,M,"Human beta-actin, 8DNH chain B, isolated in the same conformation",current,0.5719256920264462,0.5719256920264462,,0.5719256920264462,tolerant,0.0,True,True,True,87.26328413284132,20.012269938650306,71.71446808510638,16
49,45,-1.2620892925454896,1.2620892925454896,V,"Human beta-actin, 8DNH chain B, isolated in the same conformation",current,0.757883348658594,0.757883348658594,,0.757883348658594,tolerant,0.05,True,True,True,70.76524163568773,21.12848484848485,59.11507823613087,17
50,46,-1.8482668020488044,1.8482668020488044,G,"Human beta-actin, 8DNH chain B, isolated in the same conformation",current,0.8354750747766152,0.8354750747766152,,0.8354750747766152,tolerant,0.1,True,True,True,31.56284046692607,57.52378048780488,37.842477876106194,19
51,47,-1.2915413399119926,1.2915413399119926,M,"Human beta-actin, 8DNH chain B, isolated in the same conformation",current,0.5394742904744393,0.5394742904744393,,0.5394742904744393,tolerant,0.0,True,True,True,41.47558139534884,38.230232558139534,40.66424418604651,19
52,48,-1.131165463481453,1.131165463481453,G,"Human beta-actin, 8DNH chain B, isolated in the same conformation",current,0.6531381699480764,0.6531381699480764,,0.6531381699480764,tolerant,0.0,True,True,True,28.805095541401272,38.42115384615384,33.59776357827476,19
53,49,-1.1329805855557797,1.1329805855557797,Q,"Human beta-actin, 8DNH chain B, isolated in the same conformation",current,0.4719059337897602,0.4719059337897602,,0.4719059337897602,tolerant,0.05,True,True,True,28.86826923076923,28.30388888888889,28.723142857142857,19
54,50,-1.660460251536921,1.660460251536921,K,"Human beta-actin, 8DNH chain B, isolated in the same conformation",current,0.5080334430773257,0.5080334430773257,,0.5080334430773257,tolerant,0.05,True,True,True,5.200198412698413,39.644221105527635,14.950355618776673,19
55,51,-2.0159003191845954,2.0159003191845954,D,"Human beta-actin, 8DNH chain B, isolated in the same conformation",current,0.6157103128957568,0.6157103128957568,,0.6157103128957568,sensitive,0.15,True,True,True,1.3625,31.473949579831935,19.36884422110553,17
56,52,-0.9418036521616651,0.9418036521616651,S,"Human beta-actin, 8DNH chain B, isolated in the same conformation",current,0.1784663371390391,0.1784663371390391,,0.1784663371390391,tolerant,0.0,False,True,True,,47.344086021505376,47.344086021505376,7
57,53,-2.2505612410376026,2.2505612410376026,Y,"Human beta-actin, 8DNH chain B, isolated in the same conformation",current,0.1537111405869076,0.1537111405869076,,0.1537111405869076,sensitive,0.2,True,True,True,56.81547169811321,44.76086956521739,54.66620155038759,11
58,54,-2.3887774108486832,2.3887774108486832,V,"Human beta-actin, 8DNH chain B, isolated in the same conformation",current,0.1423884440683619,0.1423884440683619,,0.1423884440683619,sensitive,0.4,False,True,True,,80.664,80.664,4
59,55,-3.175001594099788,3.175001594099788,G,"Human beta-actin, 8DNH chain B, isolated in the same conformation",current,0.0069846062823368,0.0069846062823368,,0.0069846062823368,sensitive,0.55,False,False,False,,,,0
60,56,-1.904185629661032,1.904185629661032,D,"Human beta-actin, 8DNH chain B, isolated in the same conformation",current,0.4529103500281206,0.4529103500281206,,0.4529103500281206,tolerant,0.15,False,True,True,,24.242696629213484,24.242696629213484,11
61,57,-2.054116694076632,2.054116694076632,E,"Human beta-actin, 8DNH chain B, isolated in the same conformation",current,0.463567823779468,0.463567823779468,,0.463567823779468,sensitive,0.2,False,True,True,,48.00489130434782,48.00489130434782,11
62,58,-2.605717729541913,2.605717729541913,A,"Human beta-actin, 8DNH chain B, isolated in the same conformation",current,0.0058509118994181,0.0058509118994181,,0.0058509118994181,sensitive,0.5,False,True,True,,100.0,100.0,1
63,59,-1.3503174451622084,1.3503174451622084,Q,"Human beta-actin, 8DNH chain B, isolated in the same conformation",current,0.2158478298361029,0.2158478298361029,,0.2158478298361029,tolerant,0.0,True,True,True,4.469724770642202,30.70232558139535,11.890789473684212,6
64,60,-1.128617248649781,1.128617248649781,S,"Human beta-actin, 8DNH chain B, isolated in the same conformation",current,0.5858804108083562,0.5858804108083562,,0.5858804108083562,tolerant,0.0,True,True,True,12.211147540983607,30.917307692307695,13.680513595166163,10
65,61,-1.626725234628227,1.626725234628227,K,"Human beta-actin, 8DNH chain B, isolated in the same conformation",current,0.4312102153717548,0.4312102153717548,,0.4312102153717548,tolerant,0.0,True,True,True,48.41295971978984,29.28135593220339,45.13642960812772,11
66,62,-1.8674590013683159,1.8674590013683159,R,"Human beta-actin, 8DNH chain B, isolated in the same conformation",current,0.2387264679106071,0.2387264679106071,,0.2387264679106071,sensitive,0.1,True,True,True,36.5545945945946,41.770833333333336,36.7184554973822,5
67,63,-2.0418066020105043,2.0418066020105043,G,"Human beta-actin, 8DNH chain B, isolated in the same conformation",current,0.6420959878175784,0.6420959878175784,,0.6420959878175784,sensitive,0.15,True,True,True,86.04600591715976,68.68947368421054,85.5715107913669,4
68,64,-1.5208542860167387,1.5208542860167387,I,"Human beta-actin, 8DNH chain B, isolated in the same conformation",current,0.4810262083494495,0.4810262083494495,,0.4810262083494495,tolerant,0.0,True,True,True,95.60374999999999,79.82105263157894,95.08583765112262,4
69,65,-2.3459670808467488,2.3459670808467488,L,"Human beta-actin, 8DNH chain B, isolated in the same conformation",current,0.0591785403013974,0.0486283115196853,,0.0591785403013974,sensitive,0.25,True,True,True,52.760481444332996,47.20769230769231,52.6890099009901,2
70,66,-1.1687447513191267,1.1687447513191267,T,"Human beta-actin, 8DNH chain B, isolated in the same conformation",current,0.2734392016732245,0.2200496305910334,,0.2734392016732245,tolerant,0.05,True,True,True,39.36342182890856,37.68125,39.21832884097035,7
71,67,-2.265976674089475,2.265976674089475,L,"Human beta-actin, 8DNH chain B, isolated in the same conformation",current,0.1102753269890125,0.1102753269890125,,0.1102753269890125,sensitive,0.25,True,True,True,4.316483516483516,75.7,21.112605042016806,3
72,68,-1.5360966766394544,1.5360966766394544,K,"Human beta-actin, 8DNH chain B, isolated in the same conformation",current,0.4605241202341108,0.4605241202341108,,0.4605241202341108,tolerant,0.1,True,True,True,2.2666666666666666,47.96714285714285,28.70495867768595,6
73,69,-2.1800518161768947,2.1800518161768947,Y,"Human beta-actin, 8DNH chain B, isolated in the same conformation",current,0.2161363087161736,0.2161363087161736,,0.2161363087161736,sensitive,0.2,False,True,True,,60.7235294117647,60.7235294117647,3
74,70,-3.781458182458614,3.781458182458614,P,"Human beta-actin, 8DNH chain B, isolated in the same conformation",current,0.0164649586675757,0.0164649586675757,,0.0164649586675757,sensitive,0.75,False,True,True,,93.075,93.075,3
75,71,-2.8089364724837624,2.8089364724837624,I,"Human beta-actin, 8DNH chain B, isolated in the same conformation",current,0.0828307681076634,0.0828307681076634,,0.0828307681076634,sensitive,0.5,False,True,True,,19.93913043478261,19.93913043478261,2
76,72,-2.022076069020505,2.022076069020505,E,"Human beta-actin, 8DNH chain B, isolated in the same conformation",current,0.3786382005164004,0.3786382005164004,,0.3786382005164004,tolerant,0.25,True,True,True,7.56,74.24285714285715,65.9075,3
77,73,-2.286057257717656,2.286057257717656,H,"Human beta-actin, 8DNH chain B, isolated in the same conformation",current,,,,,sensitive,0.25,True,True,True,8.009649122807017,66.0969696969697,21.04965986394558,2
78,74,-3.7817881833530427,3.7817881833530427,G,"Human beta-actin, 8DNH chain B, isolated in the same conformation",current,0.2268921650428053,0.2268921650428053,,0.2268921650428053,sensitive,0.6,False,False,False,,,,0
79,75,-2.159729955177565,2.159729955177565,I,"Human beta-actin, 8DNH chain B, isolated in the same conformation",current,0.3084202772563872,0.3033118668670475,,0.3084202772563872,sensitive,0.15,True,True,True,14.483757961783438,52.12105263157895,16.63123123123123,4
80,76,-2.7509611609457596,2.7509611609457596,V,"Human beta-actin, 8DNH chain B, isolated in the same conformation",current,0.1344617303515931,0.1344617303515931,,0.1344617303515931,sensitive,0.35,True,True,True,12.414285714285715,33.32857142857143,31.004761904761903,4
81,77,-1.388466470397009,1.388466470397009,T,"Human beta-actin, 8DNH chain B, isolated in the same conformation",current,0.4958219518781768,0.4958219518781768,,0.4958219518781768,tolerant,0.15,True,True,True,13.280701754385966,41.71219512195122,25.175510204081633,4
82,78,-2.8685215501014256,2.8685215501014256,N,"Human beta-actin, 8DNH chain B, isolated in the same conformation",current,0.2894452621818384,0.2894452621818384,,0.2894452621818384,sensitive,0.4,False,True,True,,65.13424657534247,65.13424657534247,4
83,79,-3.489655615742771,3.489655615742771,W,"Human beta-actin, 8DNH chain B, isolated in the same conformation",current,0.2583225128032798,0.2583225128032798,,0.2583225128032798,sensitive,0.75,False,True,True,,57.074074074074076,57.074074074074076,7
84,80,-2.4010475451863913,2.4010475451863913,D,"Human beta-actin, 8DNH chain B, isolated in the same conformation",current,0.5544291193014715,0.5544291193014715,,0.5544291193014715,sensitive,0.35,False,True,True,,60.06621621621621,60.06621621621621,7
85,81,-2.0893347691786857,2.0893347691786857,D,"Human beta-actin, 8DNH chain B, isolated in the same conformation",current,0.0138790029023668,0.0138790029023668,,0.0138790029023668,sensitive,0.15,False,True,True,,72.71818181818182,72.71818181818182,2
86,82,-3.089860473805452,3.089860473805452,M,"Human beta-actin, 8DNH chain B, isolated in the same conformation",current,0.0349928775464305,0.0349928775464305,,0.0349928775464305,sensitive,0.5,False,False,False,,,,0
87,83,-2.2761717715619163,2.2761717715619163,E,"Human beta-actin, 8DNH chain B, isolated in the same conformation",current,0.3950757329348015,0.3950757329348015,,0.3950757329348015,sensitive,0.25,False,True,True,,45.43529411764706,45.43529411764706,9
88,84,-1.7660604645896938,1.7660604645896938,K,"Human beta-actin, 8DNH chain B, isolated in the same conformation",current,0.3067968009824033,0.3067968009824033,,0.3067968009824033,tolerant,0.15,False,True,True,,43.29298245614035,43.29298245614035,9
89,85,-3.1624495093483715,3.1624495093483715,I,"Human beta-actin, 8DNH chain B, isolated in the same conformation",current,0.019156538960024,0.019156538960024,,0.019156538960024,sensitive,0.5,False,False,False,,,,0
90,86,-3.3335963502100747,3.3335963502100747,W,"Human beta-actin, 8DNH chain B, isolated in the same conformation",current,0.0306297246024502,0.0306297246024502,,0.0306297246024502,sensitive,0.5,False,False,False,,,,0
91,87,-1.6503233593102835,1.6503233593102835,H,"Human beta-actin, 8DNH chain B, isolated in the same conformation",current,0.407938815592847,0.407938815592847,,0.407938815592847,tolerant,0.05,False,True,True,,56.292,56.292,13
92,88,-2.43593772224419,2.43593772224419,H,"Human beta-actin, 8DNH chain B, isolated in the same conformation",current,0.1778136474755938,0.1778136474755938,,0.1778136474755938,sensitive,0.3,False,True,True,,52.510400000000004,52.510400000000004,7
93,89,-2.6339018536412313,2.6339018536412313,T,"Human beta-actin, 8DNH chain B, isolated in the same conformation",current,0.0036568199371363,0.0036568199371363,,0.0036568199371363,sensitive,0.5,False,False,False,,,,0
94,90,-3.255572393202364,3.255572393202364,F,"Human beta-actin, 8DNH chain B, isolated in the same conformation",current,0.0141518931567177,0.0141518931567177,,0.0141518931567177,sensitive,0.55,False,True,True,,64.9090909090909,64.9090909090909,2
95,91,-1.4861269720075891,1.4861269720075891,Y,"Human beta-actin, 8DNH chain B, isolated in the same conformation",current,0.346092678699977,0.346092678699977,,0.346092678699977,tolerant,0.05,False,True,True,,52.87351598173515,52.87351598173515,14
96,92,-1.848382378078473,1.848382378078473,N,"Human beta-actin, 8DNH chain B, isolated in the same conformation",current,0.4722272108658251,0.4722272108658251,,0.4722272108658251,sensitive,0.05,False,True,True,,60.74869109947644,60.74869109947644,14
97,93,-1.9554243635901056,1.9554243635901056,E,"Human beta-actin, 8DNH chain B, isolated in the same conformation",current,0.3551553119856626,0.3551553119856626,,0.3551553119856626,tolerant,0.15,False,True,True,,50.76494845360825,50.76494845360825,12
98,94,-3.389513256512457,3.389513256512457,L,"Human beta-actin, 8DNH chain B, isolated in the same conformation",current,0.1165222967142132,0.1165222967142132,,0.1165222967142132,sensitive,0.7,False,True,True,,68.68106508875739,68.68106508875739,9
99,95,-1.950233124768309,1.950233124768309,R,"Human beta-actin, 8DNH chain B, isolated in the same conformation",current,0.7242531678627976,0.7242531678627976,,0.7242531678627976,tolerant,0.2,False,True,True,,68.11353711790393,68.11353711790393,15
100,96,-2.057297423661239,2.057297423661239,V,"Human beta-actin, 8DNH chain B, isolated in the same conformation",current,0.15394709768288,0.15394709768288,,0.15394709768288,sensitive,0.25,False,True,True,,51.535885167464116,51.535885167464116,12
101,97,-1.2917441324674872,1.2917441324674872,A,"Human beta-actin, 8DNH chain B, isolated in the same conformation",current,0.3093781286711395,0.3093781286711395,,0.3093781286711395,tolerant,0.05,False,True,True,,70.04857142857144,70.04857142857144,12
102,98,-2.4781050148166184,2.4781050148166184,P,"Human beta-actin, 8DNH chain B, isolated in the same conformation",current,0.0101066748064495,0.0101066748064495,,0.0101066748064495,sensitive,0.35,False,True,True,,72.0030303030303,72.0030303030303,7
103,99,-1.742989493856043,1.742989493856043,E,"Human beta-actin, 8DNH chain B, isolated in the same conformation",current,0.4671974198838217,0.4671974198838217,,0.4671974198838217,tolerant,0.1,False,True,True,,16.15112359550562,16.15112359550562,12
104,100,-2.2978024607184806,2.2978024607184806,E,"Human beta-actin, 8DNH chain B, isolated in the same conformation",current,0.4057048761285685,0.4057048761285685,,0.4057048761285685,sensitive,0.3,False,True,True,,30.53,30.53,12
105,101,-1.6312943274029763,1.6312943274029763,H,"Human beta-actin, 8DNH chain B, isolated in the same conformation",current,0.0725692709264771,0.0725692709264771,,0.0725692709264771,tolerant,0.05,False,True,True,,47.42056074766355,47.42056074766355,9
106,102,-1.944430118737475,1.944430118737475,P,"Human beta-actin, 8DNH chain B, isolated in the same conformation",current,0.070413332827275,0.070413332827275,,0.070413332827275,sensitive,0.2,False,True,True,,77.99117647058823,77.99117647058823,4
107,103,-2.3841900282008384,2.3841900282008384,V,"Human beta-actin, 8DNH chain B, isolated in the same conformation",current,0.0065066175433185,0.0065066175433185,,0.0065066175433185,sensitive,0.4,False,False,False,,,,0
108,104,-3.176242319889572,3.176242319889572,L,"Human beta-actin, 8DNH chain B, isolated in the same conformation",current,0.0272570478880309,0.0272570478880309,,0.0272570478880309,sensitive,0.55,True,False,True,100.0,,100.0,0
109,105,-2.7165510217814144,2.7165510217814144,L,"Human beta-actin, 8DNH chain B, isolated in the same conformation",current,0.0475641295703947,0.0475641295703947,,0.0475641295703947,sensitive,0.3,False,False,False,,,,0
110,106,-3.2902891184241936,3.2902891184241936,T,"Human beta-actin, 8DNH chain B, isolated in the same conformation",current,0.1469250889252301,0.1469250889252301,,0.1469250889252301,sensitive,0.5,False,False,False,,,,0
111,107,-2.8280249413530636,2.8280249413530636,E,"Human beta-actin, 8DNH chain B, isolated in the same conformation",current,0.0534540581222359,0.0534540581222359,,0.0534540581222359,sensitive,0.45,False,False,False,,,,0
112,108,-2.173212620812981,2.173212620812981,A,"Human beta-actin, 8DNH chain B, isolated in the same conformation",current,0.0926813161622395,0.0926813161622395,,0.0926813161622395,sensitive,0.15,False,False,False,,,,0
113,109,-2.9010993493769255,2.9010993493769255,P,"Human beta-actin, 8DNH chain B, isolated in the same conformation",current,0.0931785843217739,0.0931785843217739,,0.0931785843217739,sensitive,0.45,False,False,False,,,,0
114,110,-1.6099197807832197,1.6099197807832197,L,"Human beta-actin, 8DNH chain B, isolated in the same conformation",current,0.6310858283960665,0.3453925444911404,,0.6310858283960665,sensitive,0.05,True,True,True,48.84025316455696,4.673913043478261,47.59077490774908,2
115,111,-2.5231081385077685,2.5231081385077685,N,"Human beta-actin, 8DNH chain B, isolated in the same conformation",current,0.1525689500581969,0.1095596068378785,,0.1525689500581969,sensitive,0.5,True,True,True,44.233580980683506,0.6090909090909091,43.53201754385965,1
116,112,-2.5894934097635507,2.5894934097635507,P,"Human beta-actin, 8DNH chain B, isolated in the same conformation",current,0.383057421880339,0.1080322253862419,,0.383057421880339,sensitive,0.2,True,True,True,70.0939240506329,19.6974358974359,67.72303980699638,3
117,113,-1.9458021791067321,1.9458021791067321,K,"Human beta-actin, 8DNH chain B, isolated in the same conformation",current,0.5716726588374275,0.3524667002498718,,0.5716726588374275,sensitive,0.1,True,True,True,37.28362831858407,22.688235294117646,36.92661870503597,5
118,114,-1.0299041546369534,1.0299041546369534,A,"Human beta-actin, 8DNH chain B, isolated in the same conformation",current,0.516734933455149,0.5023296250867627,,0.516734933455149,tolerant,0.0,True,True,True,4.298713826366559,51.87954545454545,10.19605633802817,6
119,115,-2.454088316472381,2.454088316472381,N,"Human beta-actin, 8DNH chain B, isolated in the same conformation",current,0.0711027938640717,0.0711027938640717,,0.0711027938640717,sensitive,0.25,True,True,True,7.914893617021277,46.5,27.410526315789475,2
120,116,-3.001502010017925,3.001502010017925,R,"Human beta-actin, 8DNH chain B, isolated in the same conformation",current,0.1628231768325266,0.1628231768325266,,0.1628231768325266,sensitive,0.5,True,True,True,28.483333333333334,22.549999999999997,27.635714285714283,2
121,117,-2.8058018626224928,2.8058018626224928,E,"Human beta-actin, 8DNH chain B, isolated in the same conformation",current,0.2806150389389857,0.2806150389389857,,0.2806150389389857,sensitive,0.45,True,True,True,0.3,53.11692307692307,52.31666666666667,7
122,118,-2.1111296513853075,2.1111296513853075,K,"Human beta-actin, 8DNH chain B, isolated in the same conformation",current,0.2744124884949113,0.2744124884949113,,0.2744124884949113,sensitive,0.1,False,True,True,,58.99207920792079,58.99207920792079,8
123,119,-2.7156646384221608,2.7156646384221608,M,"Human beta-actin, 8DNH chain B, isolated in the same conformation",current,0.1338683119576543,0.1338683119576543,,0.1338683119576543,sensitive,0.45,False,False,False,,,,0
124,120,-2.23098470289445,2.23098470289445,T,"Human beta-actin, 8DNH chain B, isolated in the same conformation",current,0.0170579348553142,0.0170579348553142,,0.0170579348553142,sensitive,0.35,False,False,False,,,,0
125,121,-2.4421520216616606,2.4421520216616606,Q,"Human beta-actin, 8DNH chain B, isolated in the same conformation",current,0.254460807711053,0.254460807711053,,0.254460807711053,sensitive,0.35,False,True,True,,53.35137614678899,53.35137614678899,10
126,122,-2.603806425928579,2.603806425928579,I,"Human beta-actin, 8DNH chain B, isolated in the same conformation",current,0.1181319902534816,0.1181319902534816,,0.1181319902534816,sensitive,0.45,False,True,True,,73.79565217391304,73.79565217391304,5
127,123,-2.6828442225914837,2.6828442225914837,M,"Human beta-actin, 8DNH chain B, isolated in the same conformation",current,0.0116366321634921,0.0116366321634921,,0.0116366321634921,sensitive,0.45,False,False,False,,,,0
128,124,-4.184890952736652,4.184890952736652,F,"Human beta-actin, 8DNH chain B, isolated in the same conformation",current,0.0466971349851186,0.0466971349851186,,0.0466971349851186,sensitive,0.65,False,True,True,,80.7,80.7,6
129,125,-3.608336740470551,3.608336740470551,E,"Human beta-actin, 8DNH chain B, isolated in the same conformation",current,0.5178007996497621,0.5178007996497621,,0.5178007996497621,sensitive,0.6,False,True,True,,48.98557692307692,48.98557692307692,13
130,126,-1.5769054661334225,1.5769054661334225,T,"Human beta-actin, 8DNH chain B, isolated in the same conformation",current,0.4363865881720509,0.4363865881720509,,0.4363865881720509,tolerant,0.05,False,True,True,,40.14945054945055,40.14945054945055,12
131,127,-3.4562053152701155,3.4562053152701155,F,"Human beta-actin, 8DNH chain B, isolated in the same conformation",current,0.0691870332106202,0.0691870332106202,,0.0691870332106202,sensitive,0.6,False,True,True,,45.46938775510204,45.46938775510204,7
132,128,-1.778504892623006,1.778504892623006,N,"Human beta-actin, 8DNH chain B, isolated in the same conformation",current,0.4851470106537132,0.4851470106537132,,0.4851470106537132,tolerant,0.2,False,True,True,,36.42575757575757,36.42575757575757,12
133,129,-1.3450511119613848,1.3450511119613848,T,"Human beta-actin, 8DNH chain B, isolated in the same conformation",current,0.0033269527085094,0.0033269527085094,,0.0033269527085094,tolerant,0.1,False,True,True,,100.0,100.0,1
134,130,-2.6965694847991486,2.6965694847991486,P,"Human beta-actin, 8DNH chain B, isolated in the same conformation",current,0.3165724958918971,0.3165724958918971,,0.3165724958918971,sensitive,0.35,False,True,True,,52.24594594594594,52.24594594594594,5
135,131,-2.352428673490916,2.352428673490916,A,"Human beta-actin, 8DNH chain B, isolated in the same conformation",current,0.0858133745248002,0.0858133745248002,,0.0858133745248002,sensitive,0.25,False,True,True,,96.93636363636364,96.93636363636364,5
136,132,-2.430883187960539,2.430883187960539,M,"Human beta-actin, 8DNH chain B, isolated in the same conformation",current,0.0247935941467917,0.0247935941467917,,0.0247935941467917,sensitive,0.4,False,False,False,,,,0
137,133,-2.6186682595189588,2.6186682595189588,Y,"Human beta-actin, 8DNH chain B, isolated in the same conformation",current,0.0937681193301086,0.0937681193301086,,0.0937681193301086,sensitive,0.3,True,True,True,19.820888888888888,59.08516129032259,35.83657894736842,12
138,134,-2.5705671927981433,2.5705671927981433,V,"Human beta-actin, 8DNH chain B, isolated in the same conformation",current,0.0510425752609453,0.0510425752609453,,0.0510425752609453,sensitive,0.5,False,True,True,,17.345454545454547,17.345454545454547,2
139,135,-1.6417345749044903,1.6417345749044903,A,"Human beta-actin, 8DNH chain B, isolated in the same conformation",current,0.0720512910166154,0.0720512910166154,,0.0720512910166154,sensitive,0.1,True,True,True,60.1,77.82941176470588,76.84444444444445,3
140,136,-1.8488881788043474,1.8488881788043474,I,"Human beta-actin, 8DNH chain B, isolated in the same conformation",current,0.2293218115884897,0.2293218115884897,,0.2293218115884897,sensitive,0.05,True,True,True,18.78952380952381,17.25263157894737,18.46142322097378,5
141,137,-2.47074288422587,2.47074288422587,Q,"Human beta-actin, 8DNH chain B, isolated in the same conformation",current,0.1251407415042882,0.1251407415042882,,0.1251407415042882,sensitive,0.3,False,False,False,,,,0
142,138,-2.831348252576313,2.831348252576313,A,"Human beta-actin, 8DNH chain B, isolated in the same conformation",current,0.0070315256657614,0.0070315256657614,,0.0070315256657614,sensitive,0.4,False,False,False,,,,0
143,139,-2.3162903631068037,2.3162903631068037,V,"Human beta-actin, 8DNH chain B, isolated in the same conformation",current,0.3213793012799922,0.1670031836118418,,0.3213793012799922,sensitive,0.4,True,True,True,79.59902534113061,66.93703703703703,77.87239057239057,6
144,140,-3.6326487543250976,3.6326487543250976,L,"Human beta-actin, 8DNH chain B, isolated in the same conformation",current,0.0156460952534193,0.0156460952534193,,0.0156460952534193,sensitive,0.6,True,True,True,94.875,88.52105263157894,88.7364406779661,4
145,141,-2.7748743479428324,2.7748743479428324,S,"Human beta-actin, 8DNH chain B, isolated in the same conformation",current,0.0028802661937169,0.0028802661937169,,0.0028802661937169,sensitive,0.45,False,False,False,,,,0
146,142,-3.452303365097164,3.452303365097164,L,"Human beta-actin, 8DNH chain B, isolated in the same conformation",current,0.0398422980154555,0.0129310141795743,,0.0398422980154555,sensitive,0.55,True,True,True,98.13548387096773,18.73658536585366,86.8712802768166,9
147,143,-2.84425436884728,2.84425436884728,Y,"Human beta-actin, 8DNH chain B, isolated in the same conformation",current,0.3434273717995441,0.1454350746319651,,0.3434273717995441,sensitive,0.4,True,True,True,65.175468164794,59.9076923076923,63.33817073170732,18
148,144,-2.485139217612318,2.485139217612318,A,"Human beta-actin, 8DNH chain B, isolated in the same conformation",current,0.274024039181589,0.274024039181589,,0.274024039181589,sensitive,0.35,False,True,True,,70.21387755102042,70.21387755102042,16
149,145,-1.9687462670139955,1.9687462670139955,S,"Human beta-actin, 8DNH chain B, isolated in the same conformation",current,0.2549271792048463,0.2549271792048463,,0.2549271792048463,sensitive,0.05,False,True,True,,63.09082969432314,63.09082969432314,17
150,146,-3.160048314732409,3.160048314732409,G,"Human beta-actin, 8DNH chain B, isolated in the same conformation",current,0.6368952800464031,0.6368952800464031,,0.6368952800464031,sensitive,0.55,True,True,True,4.068965517241379,76.5578947368421,69.86305732484077,17
151,147,-2.0208314862452585,2.0208314862452585,R,"Human beta-actin, 8DNH chain B, isolated in the same conformation",current,0.3781346514683763,0.3671365547341558,,0.3781346514683763,sensitive,0.05,True,True,True,8.742284569138276,58.140780141843976,26.578873239436618,19
152,148,-1.810771155739852,1.810771155739852,T,"Human beta-actin, 8DNH chain B, isolated in the same conformation",current,0.5522293697405387,0.3045269352789058,,0.5522293697405387,sensitive,0.05,True,True,True,41.851669941060905,69.3656603773585,51.271834625323,16
153,149,-2.6614373191522698,2.6614373191522698,T,"Human beta-actin, 8DNH chain B, isolated in the same conformation",current,0.1800266077752939,0.1800266077752939,,0.1800266077752939,sensitive,0.5,False,True,True,,55.761744966442954,55.761744966442954,10
154,150,-4.553128058610436,4.553128058610436,G,"Human beta-actin, 8DNH chain B, isolated in the same conformation",current,0.0022827396235002,0.0022827396235002,,0.0022827396235002,sensitive,0.75,False,False,False,,,,0
155,151,-2.172438327197269,2.172438327197269,I,"Human beta-actin, 8DNH chain B, isolated in the same conformation",current,0.0141826695352568,0.0141826695352568,,0.0141826695352568,sensitive,0.25,False,False,False,,,,0
156,152,-3.938501540527516,3.938501540527516,V,"Human beta-actin, 8DNH chain B, isolated in the same conformation",current,0.0216072062315734,0.0216072062315734,,0.0216072062315734,sensitive,0.65,False,False,False,,,,0
157,153,-2.048685495431667,2.048685495431667,M,"Human beta-actin, 8DNH chain B, isolated in the same conformation",current,0.0413955672616567,0.0413955672616567,,0.0413955672616567,sensitive,0.25,False,False,False,,,,0
158,154,-3.243152391697246,3.243152391697246,D,"Human beta-actin, 8DNH chain B, isolated in the same conformation",current,0.0659372075355149,0.0659372075355149,,0.0659372075355149,sensitive,0.6,False,False,False,,,,0
159,155,-2.7567515662517463,2.7567515662517463,S,"Human beta-actin, 8DNH chain B, isolated in the same conformation",current,0.0422574952223039,0.0422574952223039,,0.0422574952223039,sensitive,0.5,False,False,False,,,,0
160,156,-4.884492516226768,4.884492516226768,G,"Human beta-actin, 8DNH chain B, isolated in the same conformation",current,0.2868241493669096,0.2868241493669096,,0.2868241493669096,sensitive,0.9,False,False,False,,,,0
161,157,-2.432012363577205,2.432012363577205,D,"Human beta-actin, 8DNH chain B, isolated in the same conformation",current,0.2637062368737854,0.2637062368737854,,0.2637062368737854,sensitive,0.35,False,True,True,,20.9,20.9,1
162,158,-3.0043244216625586,3.0043244216625586,G,"Human beta-actin, 8DNH chain B, isolated in the same conformation",current,0.0421812558137982,0.0421812558137982,,0.0421812558137982,sensitive,0.45,False,True,True,,14.066666666666668,14.066666666666668,1
163,159,-2.407916636446225,2.407916636446225,V,"Human beta-actin, 8DNH chain B, isolated in the same conformation",current,0.0718331329079455,0.0718331329079455,,0.0718331329079455,sensitive,0.35,False,False,False,,,,0
164,160,-2.469295331520985,2.469295331520985,T,"Human beta-actin, 8DNH chain B, isolated in the same conformation",current,0.0294802853645945,0.0294802853645945,,0.0294802853645945,sensitive,0.45,False,False,False,,,,0
165,161,-1.9971493225149934,1.9971493225149934,H,"Human beta-actin, 8DNH chain B, isolated in the same conformation",current,0.0132128339463966,0.0132128339463966,,0.0132128339463966,sensitive,0.2,False,False,False,,,,0
166,162,-1.5271102600275726,1.5271102600275726,T,"Human beta-actin, 8DNH chain B, isolated in the same conformation",current,0.0178717656498982,0.0178717656498982,,0.0178717656498982,tolerant,0.1,False,False,False,,,,0
167,163,-2.9520457984002317,2.9520457984002317,V,"Human beta-actin, 8DNH chain B, isolated in the same conformation",current,0.0750245426749263,0.0750245426749263,,0.0750245426749263,sensitive,0.6,True,False,True,29.129166666666666,,29.129166666666666,0
168,164,-4.165214753127925,4.165214753127925,P,"Human beta-actin, 8DNH chain B, isolated in the same conformation",current,0.0055381273010216,0.0055381273010216,,0.0055381273010216,sensitive,0.75,True,False,True,100.0,,100.0,0
169,165,-3.2443447915519625,3.2443447915519625,I,"Human beta-actin, 8DNH chain B, isolated in the same conformation",current,0.1289873623308286,0.0344817701280432,,0.1289873623308286,sensitive,0.55,True,False,True,96.930078125,,96.930078125,0
170,166,-2.279709326058113,2.279709326058113,Y,"Human beta-actin, 8DNH chain B, isolated in the same conformation",current,0.2815769130525933,0.0832072962730551,,0.2815769130525933,sensitive,0.2,True,True,True,69.97511961722488,16.64186046511628,66.55223880597015,10
171,167,-2.6375615500082343,2.6375615500082343,E,"Human beta-actin, 8DNH chain B, isolated in the same conformation",current,0.5510980658938927,0.2746559917975969,,0.5510980658938927,sensitive,0.4,True,True,True,49.23269565217391,31.614622641509435,44.48678526048285,17
172,168,-3.603713709211013,3.603713709211013,G,"Human beta-actin, 8DNH chain B, isolated in the same conformation",current,0.6142486009080363,0.0045876440894002,,0.6142486009080363,sensitive,0.65,True,True,True,94.88946395563771,38.628571428571426,83.32334801762114,11
173,169,-2.0105944077173135,2.0105944077173135,Y,"Human beta-actin, 8DNH chain B, isolated in the same conformation",current,0.619300925462837,0.0598536511083708,,0.619300925462837,sensitive,0.1,True,True,True,87.86499133448874,17.70887573964497,71.97171581769437,15
174,170,-1.5793464873994423,1.5793464873994423,A,"Human beta-actin, 8DNH chain B, isolated in the same conformation",current,0.3777318686365633,0.0965111469351114,,0.3777318686365633,tolerant,0.05,True,True,True,91.0611418047882,17.725,88.96207513416816,4
175,171,-2.4567556876798697,2.4567556876798697,L,"Human beta-actin, 8DNH chain B, isolated in the same conformation",current,0.1414407010909106,0.0225303771649238,,0.1414407010909106,sensitive,0.35,True,True,True,91.0656896551724,72.55555555555556,90.78285229202037,4
176,172,-1.9062596093242423,1.9062596093242423,P,"Human beta-actin, 8DNH chain B, isolated in the same conformation",current,0.5812923464214826,0.5268266138615295,,0.5812923464214826,tolerant,0.15,True,True,True,20.440940106141014,29.553571428571427,20.630363771343724,6
177,173,-1.7021460681949911,1.7021460681949911,H,"Human beta-actin, 8DNH chain B, isolated in the same conformation",current,0.5186508197625218,0.2534997336136012,,0.5186508197625218,tolerant,0.05,True,True,True,37.82936746987952,13.98,37.13201754385965,6
178,174,-2.3770531100595838,2.3770531100595838,A,"Human beta-actin, 8DNH chain B, isolated in the same conformation",current,0.0027055444639578,0.0027055444639578,,0.0027055444639578,sensitive,0.35,True,False,True,56.426315789473676,,56.426315789473676,0
179,175,-2.4228861891248106,2.4228861891248106,I,"Human beta-actin, 8DNH chain B, isolated in the same conformation",current,0.2427235681021452,0.2427235681021452,,0.2427235681021452,sensitive,0.5,True,False,True,31.16117824773414,,31.16117824773414,0
180,176,-0.6838088616415112,0.6838088616415112,L,"Human beta-actin, 8DNH chain B, isolated in the same conformation",current,0.2294636987971408,0.2294636987971408,,0.2294636987971408,tolerant,0.0,True,True,True,8.401333333333334,33.58148148148148,12.242372881355934,2
181,177,-2.240571466068492,2.240571466068492,R,"Human beta-actin, 8DNH chain B, isolated in the same conformation",current,0.262533367225122,0.2621176173761581,,0.262533367225122,sensitive,0.2,True,True,True,17.149186991869918,23.347826086956523,17.3365308804205,1
182,178,-1.9225904243889336,1.9225904243889336,L,"Human beta-actin, 8DNH chain B, isolated in the same conformation",current,0.1139035734448925,0.1139035734448925,,0.1139035734448925,tolerant,0.2,True,False,True,22.510285714285715,,22.510285714285715,0
183,179,-1.9328258540186962,1.9328258540186962,D,"Human beta-actin, 8DNH chain B, isolated in the same conformation",current,0.3696867391696223,0.3320977729757119,,0.3696867391696223,sensitive,0.1,True,True,True,26.506349206349206,63.02333333333333,27.900127226463106,2
184,180,-2.589689898190158,2.589689898190158,L,"Human beta-actin, 8DNH chain B, isolated in the same conformation",current,0.0211375523224516,0.0211375523224516,,0.0211375523224516,sensitive,0.35,False,False,False,,,,0
185,181,-3.9426490289867373,3.9426490289867373,A,"Human beta-actin, 8DNH chain B, isolated in the same conformation",current,0.0064961966540276,0.0064961966540276,,0.0064961966540276,sensitive,0.7,False,False,False,,,,0
186,182,-5.330081274084137,5.330081274084137,G,"Human beta-actin, 8DNH chain B, isolated in the same conformation",current,0.0677355569894183,0.0677355569894183,,0.0677355569894183,sensitive,0.9,False,False,False,,,,0
187,183,-1.8161798221497076,1.8161798221497076,R,"Human beta-actin, 8DNH chain B, isolated in the same conformation",current,0.2360394984931804,0.2360394984931804,,0.2360394984931804,tolerant,0.05,True,True,True,8.275,46.483333333333334,41.98823529411764,2
188,184,-2.2229253499363,2.2229253499363,D,"Human beta-actin, 8DNH chain B, isolated in the same conformation",current,0.200364587144375,0.200364587144375,,0.200364587144375,sensitive,0.3,True,True,True,12.25,46.55,36.75,2
189,185,-3.559237520723058,3.559237520723058,L,"Human beta-actin, 8DNH chain B, isolated in the same conformation",current,0.0043809066709574,0.0043809066709574,,0.0043809066709574,sensitive,0.65,False,False,False,,,,0
190,186,-3.2469907940864724,3.2469907940864724,T,"Human beta-actin, 8DNH chain B, isolated in the same conformation",current,0.0683641612046203,0.0683641612046203,,0.0683641612046203,sensitive,0.5,False,False,False,,,,0
191,187,-1.1444083590820393,1.1444083590820393,D,"Human beta-actin, 8DNH chain B, isolated in the same conformation",current,0.3921028030723574,0.3921028030723574,,0.3921028030723574,tolerant,0.05,True,True,True,8.91764705882353,14.982758620689655,10.106081081081081,2
192,188,-1.4988020301404155,1.4988020301404155,Y,"Human beta-actin, 8DNH chain B, isolated in the same conformation",current,0.0869758287799784,0.0869758287799784,,0.0869758287799784,tolerant,0.05,False,True,True,,24.766666666666666,24.766666666666666,3
193,189,-3.0360811482586207,3.0360811482586207,L,"Human beta-actin, 8DNH chain B, isolated in the same conformation",current,0.0400540038487534,0.0400540038487534,,0.0400540038487534,sensitive,0.5,False,False,False,,,,0
194,190,-1.2879843563865647,1.2879843563865647,M,"Human beta-actin, 8DNH chain B, isolated in the same conformation",current,0.178318552138657,0.178318552138657,,0.178318552138657,tolerant,0.05,False,True,True,,0.8,0.8,1
195,191,-1.627337681687911,1.627337681687911,K,"Human beta-actin, 8DNH chain B, isolated in the same conformation",current,0.5257769908775652,0.3922412988454907,,0.5257769908775652,tolerant,0.05,True,True,True,46.1992385786802,46.07142857142857,46.198113207547166,2
196,192,-2.067944328223741,2.067944328223741,I,"Human beta-actin, 8DNH chain B, isolated in the same conformation",current,0.1174214374785149,0.1174214374785149,,0.1174214374785149,sensitive,0.2,True,True,True,18.1,43.3,30.7,1
197,193,-3.170080600900932,3.170080600900932,L,"Human beta-actin, 8DNH chain B, isolated in the same conformation",current,0.0234997903408001,0.0234997903408001,,0.0234997903408001,sensitive,0.7,False,False,False,,,,0
198,194,-1.071323793738263,1.071323793738263,T,"Human beta-actin, 8DNH chain B, isolated in the same conformation",current,0.5082725828096973,0.199363156220823,,0.5082725828096973,tolerant,0.0,True,True,True,61.546708860759495,23.246153846153845,60.32634803921569,2
199,195,-1.9628534239543174,1.9628534239543174,E,"Human beta-actin, 8DNH chain B, isolated in the same conformation",current,0.498323300873757,0.1991699772674077,,0.498323300873757,tolerant,0.2,True,True,True,57.86303797468355,22.573333333333334,56.571951219512194,7
200,196,-1.6657447144978395,1.6657447144978395,R,"Human beta-actin, 8DNH chain B, isolated in the same conformation",current,0.3644043962581674,0.3541038324621545,,0.3644043962581674,tolerant,0.15,True,True,True,6.024661246612466,36.2125,9.240799031476998,6
201,197,-2.7369766597976106,2.7369766597976106,G,"Human beta-actin, 8DNH chain B, isolated in the same conformation",current,0.5867338628456166,0.4412904577632573,,0.5867338628456166,sensitive,0.4,True,True,True,34.5656887755102,37.06226415094339,34.723775388291514,5
202,198,-1.4653454350749358,1.4653454350749358,Y,"Human beta-actin, 8DNH chain B, isolated in the same conformation",current,0.2142474211560281,0.2142474211560281,,0.2142474211560281,tolerant,0.05,True,True,True,3.4000000000000004,55.37733333333333,36.718803418803425,5
203,199,-0.9111965282299608,0.9111965282299608,S,"Human beta-actin, 8DNH chain B, isolated in the same conformation",current,0.5685859854760521,0.5685859854760521,,0.5685859854760521,tolerant,0.0,True,True,True,16.650516795865634,55.48510638297873,18.873690621193667,4
204,200,-1.9370715052129086,1.9370715052129086,F,"Human beta-actin, 8DNH chain B, isolated in the same conformation",current,0.1148447428138675,0.1148447428138675,,0.1148447428138675,sensitive,0.1,True,True,True,25.701381692573403,52.74897959183673,27.811783439490444,4
205,201,-1.180140317394131,1.180140317394131,T,"Human beta-actin, 8DNH chain B, isolated in the same conformation",current,0.6097889180017417,0.5877155765955598,,0.6097889180017417,tolerant,0.05,True,True,True,21.71796178343949,17.364912280701752,21.42327790973872,4
206,202,-1.9034986416512798,1.9034986416512798,T,"Human beta-actin, 8DNH chain B, isolated in the same conformation",current,0.4007116041712634,0.2090942394653174,,0.4007116041712634,sensitive,0.05,True,True,True,32.91639108554996,33.919230769230765,32.952529452529454,5
207,203,-1.4764916676634756,1.4764916676634756,T,"Human beta-actin, 8DNH chain B, isolated in the same conformation",current,0.2524451662954813,0.1776152527629281,,0.2524451662954813,tolerant,0.0,True,True,True,41.62963917525773,50.41428571428571,42.008754623921085,4
208,204,-1.755023077184496,1.755023077184496,A,"Human beta-actin, 8DNH chain B, isolated in the same conformation",current,0.1856300330015056,0.1856300330015056,,0.1856300330015056,sensitive,0.05,True,True,True,52.26986301369863,56.289655172413795,52.38078020932445,5
209,205,-2.1606417867479486,2.1606417867479486,E,"Human beta-actin, 8DNH chain B, isolated in the same conformation",current,0.2363846428442282,0.2363846428442282,,0.2363846428442282,sensitive,0.3,True,True,True,50.56363636363636,66.19166666666666,51.67496296296296,5
210,206,-1.340255712688455,1.340255712688455,R,"Human beta-actin, 8DNH chain B, isolated in the same conformation",current,0.2999203310718599,0.2999203310718599,,0.2999203310718599,tolerant,0.0,True,True,True,6.45,57.62083333333333,53.684615384615384,2
211,207,-2.3302646629813455,2.3302646629813455,E,"Human beta-actin, 8DNH chain B, isolated in the same conformation",current,0.0541337503803534,0.0541337503803534,,0.0541337503803534,sensitive,0.2,True,True,True,1.34,23.127906976744185,20.858333333333334,5
212,208,-2.231791974516069,2.231791974516069,I,"Human beta-actin, 8DNH chain B, isolated in the same conformation",current,0.1468667986935177,0.1468667986935177,,0.1468667986935177,sensitive,0.3,True,True,True,83.44114832535885,67.07391304347826,82.86200000000001,5
213,209,-2.804884304810491,2.804884304810491,V,"Human beta-actin, 8DNH chain B, isolated in the same conformation",current,0.0056206222128621,0.0056206222128621,,0.0056206222128621,sensitive,0.55,False,False,False,,,,0
214,210,-2.084457104086458,2.084457104086458,R,"Human beta-actin, 8DNH chain B, isolated in the same conformation",current,0.2290306320362437,0.2290306320362437,,0.2290306320362437,sensitive,0.15,False,True,True,,43.17446808510638,43.17446808510638,5
215,211,-2.082678817773702,2.082678817773702,D,"Human beta-actin, 8DNH chain B, isolated in the same conformation",current,0.1980697662982292,0.1980697662982292,,0.1980697662982292,sensitive,0.15,False,True,True,,23.954761904761906,23.954761904761906,6
216,212,-3.0493452605881974,3.0493452605881974,I,"Human beta-actin, 8DNH chain B, isolated in the same conformation",current,0.0316395590281763,0.0316395590281763,,0.0316395590281763,sensitive,0.5,False,False,False,,,,0
217,213,-4.118823827168388,4.118823827168388,K,"Human beta-actin, 8DNH chain B, isolated in the same conformation",current,0.0872787131840636,0.0872787131840636,,0.0872787131840636,sensitive,0.75,False,True,True,,100.0,100.0,1
218,214,-3.3379477574730196,3.3379477574730196,E,"Human beta-actin, 8DNH chain B, isolated in the same conformation",current,0.5025951390099017,0.5025951390099017,,0.5025951390099017,sensitive,0.55,False,True,True,,29.605,29.605,7
219,215,-2.4211020849629037,2.4211020849629037,K,"Human beta-actin, 8DNH chain B, isolated in the same conformation",current,0.5078615262971384,0.5078615262971384,,0.5078615262971384,sensitive,0.35,False,True,True,,9.162857142857144,9.162857142857144,11
220,216,-1.8395902030042066,1.8395902030042066,L,"Human beta-actin, 8DNH chain B, isolated in the same conformation",current,0.1214136991665338,0.1214136991665338,,0.1214136991665338,tolerant,0.1,False,True,True,,55.16153846153846,55.16153846153846,5
221,217,-2.670507955686707,2.670507955686707,C,"Human beta-actin, 8DNH chain B, isolated in the same conformation",current,0.0976832459932406,0.0976832459932406,,0.0976832459932406,sensitive,0.6,False,True,True,,67.12,67.12,3
222,218,-2.7654896748997886,2.7654896748997886,Y,"Human beta-actin, 8DNH chain B, isolated in the same conformation",current,0.1912588069590355,0.1912588069590355,,0.1912588069590355,sensitive,0.35,False,True,True,,56.44782608695652,56.44782608695652,4
223,219,-2.8153873071486566,2.8153873071486566,V,"Human beta-actin, 8DNH chain B, isolated in the same conformation",current,0.0590337758843869,0.0590337758843869,,0.0590337758843869,sensitive,0.55,False,True,True,,68.365,68.365,4
224,220,-2.666351699584477,2.666351699584477,A,"Human beta-actin, 8DNH chain B, isolated in the same conformation",current,0.0087763678491272,0.0087763678491272,,0.0087763678491272,sensitive,0.45,False,True,True,,81.91111111111111,81.91111111111111,3
225,221,-1.1932377006364523,1.1932377006364523,L,"Human beta-actin, 8DNH chain B, isolated in the same conformation",current,0.4573127531262416,0.4573127531262416,,0.4573127531262416,tolerant,0.0,False,True,True,,47.34047619047619,47.34047619047619,7
226,222,-2.4429248216524178,2.4429248216524178,D,"Human beta-actin, 8DNH chain B, isolated in the same conformation",current,0.2964062283655302,0.2964062283655302,,0.2964062283655302,sensitive,0.45,False,True,True,,25.275384615384617,25.275384615384617,7
227,223,-1.8318277829074272,1.8318277829074272,F,"Human beta-actin, 8DNH chain B, isolated in the same conformation",current,0.1385694614851551,0.1385694614851551,,0.1385694614851551,sensitive,0.1,False,True,True,,43.51666666666667,43.51666666666667,4
228,224,-1.4920103549138397,1.4920103549138397,E,"Human beta-actin, 8DNH chain B, isolated in the same conformation",current,0.6523844981408097,0.6523844981408097,,0.6523844981408097,tolerant,0.05,True,True,True,2.514285714285714,33.55396825396826,27.910389610389608,8
229,225,-0.9078868950802683,0.9078868950802683,Q,"Human beta-actin, 8DNH chain B, isolated in the same conformation",current,0.4609381625971803,0.4609381625971803,,0.4609381625971803,tolerant,0.0,False,True,True,,13.063829787234043,13.063829787234043,4
230,226,-2.6309155054665507,2.6309155054665507,E,"Human beta-actin, 8DNH chain B, isolated in the same conformation",current,0.1811957939715127,0.1811957939715127,,0.1811957939715127,sensitive,0.4,False,True,True,,23.81875,23.81875,5
231,227,-1.4793779535627245,1.4793779535627245,M,"Human beta-actin, 8DNH chain B, isolated in the same conformation",current,0.2766994194563939,0.2766994194563939,,0.2766994194563939,tolerant,0.05,True,True,True,2.618181818181818,53.00454545454545,36.20909090909091,3
232,228,-0.48997764865542004,0.48997764865542004,A,"Human beta-actin, 8DNH chain B, isolated in the same conformation",current,0.4485945295489921,0.4485945295489921,,0.4485945295489921,tolerant,0.0,False,True,True,,33.52258064516129,33.52258064516129,5
233,229,-0.9272405354754089,0.9272405354754089,T,"Human beta-actin, 8DNH chain B, isolated in the same conformation",current,0.261080398399064,0.261080398399064,,0.261080398399064,tolerant,0.0,False,True,True,,52.22105263157895,52.22105263157895,4
234,230,-1.409799589114042,1.409799589114042,A,"Human beta-actin, 8DNH chain B, isolated in the same conformation",current,0.224244772982516,0.224244772982516,,0.224244772982516,tolerant,0.0,False,True,True,,55.46521739130435,55.46521739130435,5
235,231,-0.8792961220273,0.8792961220273,A,"Human beta-actin, 8DNH chain B, isolated in the same conformation",current,0.661163476020716,0.661163476020716,,0.661163476020716,tolerant,0.0,True,True,True,4.426315789473684,33.9741935483871,27.04320987654321,6
236,232,-0.775851136501011,0.775851136501011,S,"Human beta-actin, 8DNH chain B, isolated in the same conformation",current,0.6718430758612195,0.6718430758612195,,0.6718430758612195,tolerant,0.0,False,True,True,,37.6972602739726,37.6972602739726,8
238,233,-1.4517555461835285,1.4517555461835285,S,"Human beta-actin, 8DNH chain B, isolated in the same conformation",current,0.371394793375482,0.371394793375482,,0.371394793375482,tolerant,0.05,False,True,True,,40.955882352941174,40.955882352941174,8
239,234,-1.1062827360003977,1.1062827360003977,S,"Human beta-actin, 8DNH chain B, isolated in the same conformation",current,0.5507879087924717,0.5507879087924717,,0.5507879087924717,tolerant,0.0,False,True,True,,48.137837837837836,48.137837837837836,7
240,235,-0.8600331637323929,0.8600331637323929,S,"Human beta-actin, 8DNH chain B, isolated in the same conformation",current,0.5695430226961473,0.5695430226961473,,0.5695430226961473,tolerant,0.0,False,True,True,,36.43076923076923,36.43076923076923,6
241,236,-1.0589621285279,1.0589621285279,L,"Human beta-actin, 8DNH chain B, isolated in the same conformation",current,0.1923391128742533,0.1923391128742533,,0.1923391128742533,tolerant,0.0,False,True,True,,27.816666666666666,27.816666666666666,4
242,237,-1.5262937434500383,1.5262937434500383,E,"Human beta-actin, 8DNH chain B, isolated in the same conformation",current,0.3846074378761125,0.3846074378761125,,0.3846074378761125,tolerant,0.0,False,True,True,,35.328125,35.328125,6
243,238,-1.6438460356839122,1.6438460356839122,K,"Human beta-actin, 8DNH chain B, isolated in the same conformation",current,0.4332585459844094,0.4332585459844094,,0.4332585459844094,tolerant,0.1,False,True,True,,33.63448275862069,33.63448275862069,9
244,239,-1.0042557182182088,1.0042557182182088,S,"Human beta-actin, 8DNH chain B, isolated in the same conformation",current,0.5491326526051162,0.5491326526051162,,0.5491326526051162,tolerant,0.0,False,True,True,,36.66086956521739,36.66086956521739,8
245,240,-2.9089686811457414,2.9089686811457414,Y,"Human beta-actin, 8DNH chain B, isolated in the same conformation",current,0.1807066242772143,0.1807066242772143,,0.1807066242772143,sensitive,0.6,False,True,True,,49.34444444444445,49.34444444444445,9
246,241,-1.8775552148096513,1.8775552148096513,E,"Human beta-actin, 8DNH chain B, isolated in the same conformation",current,0.4806255859492959,0.4806255859492959,,0.4806255859492959,tolerant,0.1,True,True,True,21.494174757281552,24.267346938775507,21.697901049475263,10
247,242,-3.067763867858957,3.067763867858957,L,"Human beta-actin, 8DNH chain B, isolated in the same conformation",current,0.109758572769548,0.109758572769548,,0.109758572769548,sensitive,0.6,True,True,True,56.165127388535026,50.608474576271185,55.68791848617176,8
248,243,-3.3780285979243834,3.3780285979243834,P,"Human beta-actin, 8DNH chain B, isolated in the same conformation",current,0.647785809704426,0.647785809704426,,0.647785809704426,sensitive,0.8,True,True,True,54.35652866242039,48.94074074074074,54.1332824427481,7
249,244,-3.1775782298255204,3.1775782298255204,D,"Human beta-actin, 8DNH chain B, isolated in the same conformation",current,0.5377398017065943,0.5377398017065943,,0.5377398017065943,sensitive,0.55,True,True,True,97.46369426751592,26.390196078431373,92.12533136966127,6
250,245,-2.873410884367472,2.873410884367472,G,"Human beta-actin, 8DNH chain B, isolated in the same conformation",current,0.4321222557890402,0.4321222557890402,,0.4321222557890402,sensitive,0.4,True,True,True,88.35071770334929,38.67115384615385,84.54609720176731,6
251,246,-1.667835171814596,1.667835171814596,Q,"Human beta-actin, 8DNH chain B, isolated in the same conformation",current,0.4878030151176912,0.4878030151176912,,0.4878030151176912,tolerant,0.0,True,True,True,31.272248803827754,54.61014492753623,33.58591954022988,5
252,247,-1.366759186157712,1.366759186157712,V,"Human beta-actin, 8DNH chain B, isolated in the same conformation",current,0.4780661370791613,0.4780661370791613,,0.4780661370791613,tolerant,0.05,True,True,True,3.3498746867167917,52.799,13.259519038076153,8
253,248,-2.812664033493671,2.812664033493671,I,"Human beta-actin, 8DNH chain B, isolated in the same conformation",current,0.0304344579071406,0.0304344579071406,,0.0304344579071406,sensitive,0.5,False,True,True,,70.56491228070175,70.56491228070175,5
254,249,-1.5090489854784421,1.5090489854784421,T,"Human beta-actin, 8DNH chain B, isolated in the same conformation",current,0.2603571167066903,0.2603571167066903,,0.2603571167066903,tolerant,0.1,False,True,True,,53.5,53.5,7
255,250,-2.5090225327244675,2.5090225327244675,I,"Human beta-actin, 8DNH chain B, isolated in the same conformation",current,0.0549154116854022,0.0549154116854022,,0.0549154116854022,sensitive,0.35,False,True,True,,13.7,13.7,0
256,251,-2.460703182914842,2.460703182914842,G,"Human beta-actin, 8DNH chain B, isolated in the same conformation",current,0.0638161684238845,0.0638161684238845,,0.0638161684238845,sensitive,0.35,False,True,True,,73.5448275862069,73.5448275862069,2
257,252,-1.3507397678901716,1.3507397678901716,N,"Human beta-actin, 8DNH chain B, isolated in the same conformation",current,0.2345564898023314,0.2345564898023314,,0.2345564898023314,tolerant,0.05,True,True,True,9.4696,35.40294117647059,15.015094339622642,3
258,253,-2.5281169351218997,2.5281169351218997,E,"Human beta-actin, 8DNH chain B, isolated in the same conformation",current,0.0256055532710601,0.0256055532710601,,0.0256055532710601,sensitive,0.3,True,True,True,68.73863636363636,86.46923076923076,72.78245614035089,2
259,254,-2.508444205785191,2.508444205785191,R,"Human beta-actin, 8DNH chain B, isolated in the same conformation",current,0.1405845991717613,0.1405845991717613,,0.1405845991717613,sensitive,0.3,False,True,True,,34.266666666666666,34.266666666666666,5
260,255,-3.1462713444719563,3.1462713444719563,F,"Human beta-actin, 8DNH chain B, isolated in the same conformation",current,0.0082090034204457,0.0082090034204457,,0.0082090034204457,sensitive,0.55,False,False,False,,,,0
261,256,-1.775381565866883,1.775381565866883,R,"Human beta-actin, 8DNH chain B, isolated in the same conformation",current,0.1860330158899435,0.1856172660409796,,0.1860330158899435,tolerant,0.05,True,True,True,9.241104294478527,17.41764705882353,9.646355685131194,3
262,257,-2.415602217763099,2.415602217763099,C,"Human beta-actin, 8DNH chain B, isolated in the same conformation",current,0.010118859870638,0.010118859870638,,0.010118859870638,sensitive,0.45,False,False,False,,,,0
263,258,-2.9732520936561255,2.9732520936561255,P,"Human beta-actin, 8DNH chain B, isolated in the same conformation",current,0.006150869591434,0.006150869591434,,0.006150869591434,sensitive,0.5,False,False,False,,,,0
264,259,-4.275069678588267,4.275069678588267,E,"Human beta-actin, 8DNH chain B, isolated in the same conformation",current,0.0050892274803382,0.0050892274803382,,0.0050892274803382,sensitive,0.7,False,True,True,,64.03333333333333,64.03333333333333,2
265,260,-1.484549895283094,1.484549895283094,A,"Human beta-actin, 8DNH chain B, isolated in the same conformation",current,0.0095316083466123,0.0095316083466123,,0.0095316083466123,tolerant,0.05,False,False,False,,,,0
266,261,-2.82574932193944,2.82574932193944,L,"Human beta-actin, 8DNH chain B, isolated in the same conformation",current,0.0538838625931048,0.0538838625931048,,0.0538838625931048,sensitive,0.55,False,False,False,,,,0
267,262,-4.2608967497331145,4.2608967497331145,F,"Human beta-actin, 8DNH chain B, isolated in the same conformation",current,0.0567663103223399,0.0567663103223399,,0.0567663103223399,sensitive,0.6,True,True,True,40.784615384615385,61.74090909090909,53.957142857142856,4
268,263,-1.7284394250317376,1.7284394250317376,Q,"Human beta-actin, 8DNH chain B, isolated in the same conformation",current,0.2939191590802632,0.2939191590802632,,0.2939191590802632,tolerant,0.15,True,True,True,47.95,38.199999999999996,42.84285714285714,7
269,264,-3.9586643718137857,3.9586643718137857,P,"Human beta-actin, 8DNH chain B, isolated in the same conformation",current,0.0427226963221668,0.0427226963221668,,0.0427226963221668,sensitive,0.75,True,True,True,39.849999999999994,78.72608695652174,75.616,4
270,265,-1.047656379911519,1.047656379911519,S,"Human beta-actin, 8DNH chain B, isolated in the same conformation",current,0.5589329437845465,0.5589329437845465,,0.5589329437845465,tolerant,0.0,True,True,True,7.426931106471816,49.16981132075472,11.585526315789474,8
271,266,-1.0955381272615254,1.0955381272615254,F,"Human beta-actin, 8DNH chain B, isolated in the same conformation",current,0.2859527593347267,0.2859527593347267,,0.2859527593347267,tolerant,0.05,True,True,True,4.88242343541944,34.27567567567568,6.262563451776649,8
272,267,-1.5050054204012377,1.5050054204012377,L,"Human beta-actin, 8DNH chain B, isolated in the same conformation",current,0.2599744246438215,0.1597333406829211,,0.2599744246438215,tolerant,0.05,True,True,True,36.919269521410584,31.807142857142857,36.83069306930693,4
273,268,-2.483736121332349,2.483736121332349,G,"Human beta-actin, 8DNH chain B, isolated in the same conformation",current,0.6570614225718819,0.2971133435947592,,0.6570614225718819,sensitive,0.3,True,True,True,39.60409556313993,18.089285714285715,38.81196581196581,6
274,269,-1.0956612279057005,1.0956612279057005,M,"Human beta-actin, 8DNH chain B, isolated in the same conformation",current,0.2961326010131621,0.293886268766064,,0.2961326010131621,tolerant,0.0,True,True,True,12.777762803234502,42.242553191489364,14.532953105196452,6
275,270,-2.0464801286965866,2.0464801286965866,E,"Human beta-actin, 8DNH chain B, isolated in the same conformation",current,0.8661041172637494,0.2902459457630276,,0.8661041172637494,sensitive,0.2,True,True,True,50.46351730589336,14.719718309859154,48.23736842105263,9
276,271,-0.6885884553957663,0.6885884553957663,S,"Human beta-actin, 8DNH chain B, isolated in the same conformation",current,0.3092868916172246,0.3092868916172246,,0.3092868916172246,tolerant,0.0,True,True,True,20.877871148459384,9.814285714285713,20.263227513227513,6
277,272,-0.5009515781979446,0.5009515781979446,C,"Human beta-actin, 8DNH chain B, isolated in the same conformation",current,0.368005356096091,0.368005356096091,,0.368005356096091,tolerant,0.0,True,True,True,12.635714285714286,34.36190476190476,23.498809523809523,6
278,273,-3.77951229124603,3.77951229124603,G,"Human beta-actin, 8DNH chain B, isolated in the same conformation",current,0.0657204568939066,0.0657204568939066,,0.0657204568939066,sensitive,0.75,True,True,True,98.5,62.89444444444444,64.76842105263158,4
279,274,-2.6822327536848842,2.6822327536848842,I,"Human beta-actin, 8DNH chain B, isolated in the same conformation",current,0.0810960149307684,0.0810960149307684,,0.0810960149307684,sensitive,0.5,False,False,False,,,,0
280,275,-2.106748329134505,2.106748329134505,H,"Human beta-actin, 8DNH chain B, isolated in the same conformation",current,0.1531229849006033,0.1531229849006033,,0.1531229849006033,sensitive,0.2,True,True,True,23.766666666666666,34.854285714285716,33.23170731707317,5
281,276,-1.4544134694212936,1.4544134694212936,E,"Human beta-actin, 8DNH chain B, isolated in the same conformation",current,0.3146486775956865,0.3146486775956865,,0.3146486775956865,tolerant,0.05,True,True,True,9.924999999999999,51.59076923076923,40.35505617977528,7
282,277,-1.155815080565516,1.155815080565516,T,"Human beta-actin, 8DNH chain B, isolated in the same conformation",current,0.0928290400183473,0.0928290400183473,,0.0928290400183473,tolerant,0.05,False,True,True,,16.7,16.7,1
283,278,-2.1567532722177036,2.1567532722177036,T,"Human beta-actin, 8DNH chain B, isolated in the same conformation",current,0.0545832240816087,0.0545832240816087,,0.0545832240816087,sensitive,0.4,False,False,False,,,,0
284,279,-1.1428100005457735,1.1428100005457735,F,"Human beta-actin, 8DNH chain B, isolated in the same conformation",current,0.1472845176680627,0.1472845176680627,,0.1472845176680627,tolerant,0.05,True,True,True,4.210483870967742,58.0271186440678,21.56120218579235,6
285,280,-1.3467660118948825,1.3467660118948825,N,"Human beta-actin, 8DNH chain B, isolated in the same conformation",current,0.3217165947225532,0.3217165947225532,,0.3217165947225532,tolerant,0.05,False,True,True,,71.24166666666666,71.24166666666666,5
286,281,-2.750137142771667,2.750137142771667,S,"Human beta-actin, 8DNH chain B, isolated in the same conformation",current,0.0032463124087094,0.0032463124087094,,0.0032463124087094,sensitive,0.5,False,False,False,,,,0
287,282,-3.724798113783533,3.724798113783533,I,"Human beta-actin, 8DNH chain B, isolated in the same conformation",current,0.0344817701280432,0.0344817701280432,,0.0344817701280432,sensitive,0.7,True,False,True,75.15,,75.15,0
288,283,-1.2974876220852927,1.2974876220852927,M,"Human beta-actin, 8DNH chain B, isolated in the same conformation",current,0.3615460064231656,0.2974150907641431,,0.3615460064231656,tolerant,0.05,True,True,True,22.190728476821192,58.261702127659575,24.794930875576036,7
289,284,-1.875747499127779,1.875747499127779,K,"Human beta-actin, 8DNH chain B, isolated in the same conformation",current,0.3990229623895537,0.3990229623895537,,0.3990229623895537,tolerant,0.25,True,True,True,6.449056603773585,46.787179487179486,11.624013157894737,6
290,285,-2.917604856159315,2.917604856159315,C,"Human beta-actin, 8DNH chain B, isolated in the same conformation",current,0.0407790013595189,0.0407790013595189,,0.0407790013595189,sensitive,0.45,True,True,True,11.100000000000001,83.72564102564102,70.10833333333333,6
291,286,-2.9311089605260774,2.9311089605260774,D,"Human beta-actin, 8DNH chain B, isolated in the same conformation",current,0.4859155141482079,0.2817398807602763,,0.4859155141482079,sensitive,0.4,True,True,True,42.16297709923664,33.78888888888889,41.81820677035682,6
292,287,-1.468487624395902,1.468487624395902,V,"Human beta-actin, 8DNH chain B, isolated in the same conformation",current,0.6750057271062029,0.2289064613378094,,0.6750057271062029,tolerant,0.0,True,True,True,86.1014331210191,29.78048780487805,82.64977578475336,6
293,288,-2.6149448476457158,2.6149448476457158,D,"Human beta-actin, 8DNH chain B, isolated in the same conformation",current,0.7200779614035618,0.2256500876376374,,0.7200779614035618,sensitive,0.3,True,True,True,71.53566878980892,8.969444444444445,68.14352409638555,10
294,289,-2.1748863776953296,2.1748863776953296,I,"Human beta-actin, 8DNH chain B, isolated in the same conformation",current,0.108409717820871,0.017096882111423,,0.108409717820871,sensitive,0.2,True,True,True,94.12343234323433,68.7,93.79218241042345,3
295,290,-2.503402677724935,2.503402677724935,R,"Human beta-actin, 8DNH chain B, isolated in the same conformation",current,0.2103306075168603,0.1114209595223215,,0.2103306075168603,sensitive,0.35,True,True,True,53.20510366826156,54.24864864864865,53.263253012048196,7
296,291,-2.0141896161603836,2.0141896161603836,K,"Human beta-actin, 8DNH chain B, isolated in the same conformation",current,0.5224116762259484,0.4630855499138654,,0.5224116762259484,sensitive,0.2,True,True,True,16.33492822966507,14.120454545454546,15.949802371541502,9
297,292,-1.6388125648264449,1.6388125648264449,D,"Human beta-actin, 8DNH chain B, isolated in the same conformation",current,0.3205602400435657,0.3205602400435657,,0.3205602400435657,tolerant,0.1,True,True,True,3.1333333333333333,23.934042553191492,22.686,6
298,293,-3.44195799337543,3.44195799337543,L,"Human beta-actin, 8DNH chain B, isolated in the same conformation",current,0.0075101257216412,0.0075101257216412,,0.0075101257216412,sensitive,0.65,False,False,False,,,,0
299,294,-2.1422567314780965,2.1422567314780965,Y,"Human beta-actin, 8DNH chain B, isolated in the same conformation",current,0.045579651681107,0.0120584399846314,,0.045579651681107,sensitive,0.2,True,True,True,86.42784,10.25,85.70348652931854,2
300,295,-1.2435721559922717,1.2435721559922717,A,"Human beta-actin, 8DNH chain B, isolated in the same conformation",current,0.2685054704429924,0.2685054704429924,,0.2685054704429924,tolerant,0.05,False,True,True,,18.272727272727273,18.272727272727273,6
301,296,-2.898109270246059,2.898109270246059,N,"Human beta-actin, 8DNH chain B, isolated in the same conformation",current,0.1756449415939266,0.1756449415939266,,0.1756449415939266,sensitive,0.35,False,True,True,,45.86832298136646,45.86832298136646,9
302,297,-1.6449723718036,1.6449723718036,T,"Human beta-actin, 8DNH chain B, isolated in the same conformation",current,0.062359152967872,0.062359152967872,,0.062359152967872,sensitive,0.2,False,False,False,,,,0
303,298,-2.8459332203615384,2.8459332203615384,V,"Human beta-actin, 8DNH chain B, isolated in the same conformation",current,0.0534988553561744,0.0534988553561744,,0.0534988553561744,sensitive,0.45,False,True,True,,13.5,13.5,1
304,299,-3.149265439086907,3.149265439086907,L,"Human beta-actin, 8DNH chain B, isolated in the same conformation",current,0.0196648851791233,0.0196648851791233,,0.0196648851791233,sensitive,0.5,False,False,False,,,,0
305,300,-2.9335403749482034,2.9335403749482034,S,"Human beta-actin, 8DNH chain B, isolated in the same conformation",current,0.0057605323874339,0.0057605323874339,,0.0057605323874339,sensitive,0.5,False,False,False,,,,0
306,301,-4.917921569392602,4.917921569392602,G,"Human beta-actin, 8DNH chain B, isolated in the same conformation",current,0.0953270727569138,0.0953270727569138,,0.0953270727569138,sensitive,0.9,False,False,False,,,,0
307,302,-4.412548805977376,4.412548805977376,G,"Human beta-actin, 8DNH chain B, isolated in the same conformation",current,0.4326688249436161,0.4326688249436161,,0.4326688249436161,sensitive,0.8,False,True,True,,100.0,100.0,1
308,303,-2.4230308517588917,2.4230308517588917,T,"Human beta-actin, 8DNH chain B, isolated in the same conformation",current,0.0737522056980517,0.0737522056980517,,0.0737522056980517,sensitive,0.3,False,False,False,,,,0
309,304,-3.3349632638077464,3.3349632638077464,T,"Human beta-actin, 8DNH chain B, isolated in the same conformation",current,0.0358368353839364,0.0358368353839364,,0.0358368353839364,sensitive,0.65,False,False,False,,,,0
310,305,-2.5312346853087258,2.5312346853087258,M,"Human beta-actin, 8DNH chain B, isolated in the same conformation",current,0.3952807509116584,0.3952807509116584,,0.3952807509116584,sensitive,0.3,False,True,True,,36.143956043956045,36.143956043956045,10
311,306,-1.991460128876117,1.991460128876117,Y,"Human beta-actin, 8DNH chain B, isolated in the same conformation",current,0.0930148637607493,0.0930148637607493,,0.0930148637607493,tolerant,0.3,False,True,True,,74.46000000000001,74.46000000000001,3
312,307,-1.444824867369199,1.444824867369199,P,"Human beta-actin, 8DNH chain B, isolated in the same conformation",current,0.4859395758128328,0.4859395758128328,,0.4859395758128328,tolerant,0.2,False,True,True,,30.786363636363635,30.786363636363635,7
313,308,-3.119689901401286,3.119689901401286,G,"Human beta-actin, 8DNH chain B, isolated in the same conformation",current,0.3396843658336526,0.3396843658336526,,0.3396843658336526,sensitive,0.35,False,True,True,,35.0,35.0,7
314,309,-2.8335751357723233,2.8335751357723233,I,"Human beta-actin, 8DNH chain B, isolated in the same conformation",current,0.0566501648622972,0.0566501648622972,,0.0566501648622972,sensitive,0.55,False,True,True,,57.349999999999994,57.349999999999994,2
315,310,-1.378759912946217,1.378759912946217,A,"Human beta-actin, 8DNH chain B, isolated in the same conformation",current,0.2387294228010265,0.2387294228010265,,0.2387294228010265,tolerant,0.15,False,True,True,,32.92,32.92,4
316,311,-1.6557368998924162,1.6557368998924162,D,"Human beta-actin, 8DNH chain B, isolated in the same conformation",current,0.5450510650708199,0.5450510650708199,,0.5450510650708199,tolerant,0.1,False,True,True,,33.61363636363637,33.61363636363637,8
317,312,-4.080726450346534,4.080726450346534,R,"Human beta-actin, 8DNH chain B, isolated in the same conformation",current,0.070296666093918,0.070296666093918,,0.070296666093918,sensitive,0.7,True,True,True,31.25,65.64117647058823,62.021052631578954,3
318,313,-2.8198957203980166,2.8198957203980166,M,"Human beta-actin, 8DNH chain B, isolated in the same conformation",current,0.0239546439836221,0.0239546439836221,,0.0239546439836221,sensitive,0.45,False,False,False,,,,0
319,314,-1.1181845142676203,1.1181845142676203,Q,"Human beta-actin, 8DNH chain B, isolated in the same conformation",current,0.3565326191027571,0.3565326191027571,,0.3565326191027571,tolerant,0.05,False,True,True,,37.946,37.946,6
320,315,-1.6427916824959492,1.6427916824959492,K,"Human beta-actin, 8DNH chain B, isolated in the same conformation",current,0.4004854059400635,0.4004854059400635,,0.4004854059400635,tolerant,0.0,False,True,True,,20.28636363636364,20.28636363636364,5
321,316,-3.2728222396431326,3.2728222396431326,E,"Human beta-actin, 8DNH chain B, isolated in the same conformation",current,0.1849369659225768,0.1849369659225768,,0.1849369659225768,sensitive,0.45,True,True,True,18.9,48.79767441860466,48.11818181818182,5
322,317,-2.884806036294163,2.884806036294163,I,"Human beta-actin, 8DNH chain B, isolated in the same conformation",current,0.0466142448027251,0.0466142448027251,,0.0466142448027251,sensitive,0.55,False,False,False,,,,0
323,318,-0.8808443251292752,0.8808443251292752,T,"Human beta-actin, 8DNH chain B, isolated in the same conformation",current,0.4387930040041062,0.4387930040041062,,0.4387930040041062,tolerant,0.0,False,True,True,,13.183950617283951,13.183950617283951,9
324,319,-0.8213346282885918,0.8213346282885918,A,"Human beta-actin, 8DNH chain B, isolated in the same conformation",current,0.6333863986190167,0.6333863986190167,,0.6333863986190167,tolerant,0.0,False,True,True,,44.676249999999996,44.676249999999996,8
325,320,-1.7822750380215626,1.7822750380215626,L,"Human beta-actin, 8DNH chain B, isolated in the same conformation",current,0.3499676906780306,0.3499676906780306,,0.3499676906780306,tolerant,0.05,False,True,True,,53.437209302325584,53.437209302325584,8
326,321,-1.732003445784926,1.732003445784926,A,"Human beta-actin, 8DNH chain B, isolated in the same conformation",current,0.0598084963277655,0.0598084963277655,,0.0598084963277655,sensitive,0.05,False,True,True,,86.92054794520547,86.92054794520547,7
327,322,-2.2821493378897966,2.2821493378897966,P,"Human beta-actin, 8DNH chain B, isolated in the same conformation",current,0.4266080464173928,0.2549261000857223,,0.4266080464173928,sensitive,0.15,True,True,True,53.389808917197456,31.819178082191783,51.1435092724679,7
328,323,-1.1797450323056478,1.1797450323056478,S,"Human beta-actin, 8DNH chain B, isolated in the same conformation",current,0.7377320786163275,0.7377320786163275,,0.7377320786163275,tolerant,0.05,True,True,True,6.20236220472441,25.896703296703297,14.423394495412845,8
329,324,-1.1745947426391357,1.1745947426391357,T,"Human beta-actin, 8DNH chain B, isolated in the same conformation",current,0.6869955590113559,0.525824032342355,,0.6869955590113559,tolerant,0.05,True,True,True,30.971656050955414,21.92142857142857,30.404328358208957,7
330,325,-1.386609444374121,1.386609444374121,M,"Human beta-actin, 8DNH chain B, isolated in the same conformation",current,0.3103396122909896,0.1345641139555665,,0.3103396122909896,tolerant,0.0,True,True,True,60.39712918660287,8.636363636363637,59.504702194357364,3
331,326,-1.698336564280634,1.698336564280634,K,"Human beta-actin, 8DNH chain B, isolated in the same conformation",current,0.6247398994846602,0.6247398994846602,,0.6247398994846602,tolerant,0.1,False,True,True,,16.111486486486488,16.111486486486488,9
332,327,-2.466999923868387,2.466999923868387,I,"Human beta-actin, 8DNH chain B, isolated in the same conformation",current,0.1036328557577499,0.1036328557577499,,0.1036328557577499,sensitive,0.45,False,True,True,,39.98823529411764,39.98823529411764,5
333,328,-2.095794738398827,2.095794738398827,K,"Human beta-actin, 8DNH chain B, isolated in the same conformation",current,0.4883681768386961,0.4883681768386961,,0.4883681768386961,sensitive,0.15,False,True,True,,32.72401960784314,32.72401960784314,13
334,329,-2.3312894020972244,2.3312894020972244,I,"Human beta-actin, 8DNH chain B, isolated in the same conformation",current,0.1654478839941266,0.1654478839941266,,0.1654478839941266,sensitive,0.35,False,True,True,,33.38787878787878,33.38787878787878,8
335,330,-1.233575013260951,1.233575013260951,I,"Human beta-actin, 8DNH chain B, isolated in the same conformation",current,0.2139146850536019,0.2139146850536019,,0.2139146850536019,tolerant,0.05,False,True,True,,43.803208556149734,43.803208556149734,14
336,331,-1.8658224568485167,1.8658224568485167,A,"Human beta-actin, 8DNH chain B, isolated in the same conformation",current,0.3368220917200221,0.3368220917200221,,0.3368220917200221,tolerant,0.15,False,True,True,,26.822222222222223,26.822222222222223,8
337,332,-1.8377804038388537,1.8377804038388537,P,"Human beta-actin, 8DNH chain B, isolated in the same conformation",current,0.2574724531375306,0.2574724531375306,,0.2574724531375306,tolerant,0.1,False,True,True,,34.51620111731843,34.51620111731843,15
338,333,-2.0215877580908392,2.0215877580908392,P,"Human beta-actin, 8DNH chain B, isolated in the same conformation",current,0.7342306091626553,0.7342306091626553,,0.7342306091626553,tolerant,0.2,False,True,True,,25.064069264069264,25.064069264069264,15
339,334,-2.041675230138845,2.041675230138845,E,"Human beta-actin, 8DNH chain B, isolated in the same conformation",current,0.5107098869219836,0.5107098869219836,,0.5107098869219836,tolerant,0.25,False,True,True,,45.46688102893891,45.46688102893891,17
340,335,-2.194003148062133,2.194003148062133,R,"Human beta-actin, 8DNH chain B, isolated in the same conformation",current,0.0765691453348921,0.0765691453348921,,0.0765691453348921,sensitive,0.3,False,True,True,,36.47692307692308,36.47692307692308,4
341,336,-1.7452447848838113,1.7452447848838113,K,"Human beta-actin, 8DNH chain B, isolated in the same conformation",current,0.3862656057938367,0.3862656057938367,,0.3862656057938367,tolerant,0.05,False,True,True,,37.84025974025974,37.84025974025974,8
342,337,-1.804572491579259,1.804572491579259,Y,"Human beta-actin, 8DNH chain B, isolated in the same conformation",current,0.3078096646329633,0.3078096646329633,,0.3078096646329633,tolerant,0.15,False,True,True,,67.77295918367346,67.77295918367346,12
343,338,-2.062754797491689,2.062754797491689,S,"Human beta-actin, 8DNH chain B, isolated in the same conformation",current,0.0858018442224808,0.0858018442224808,,0.0858018442224808,sensitive,0.15,False,True,True,,18.940506329113923,18.940506329113923,5
344,339,-2.292564046663628,2.292564046663628,V,"Human beta-actin, 8DNH chain B, isolated in the same conformation",current,0.1259764661363607,0.1259764661363607,,0.1259764661363607,sensitive,0.45,False,False,False,,,,0
345,340,-3.965301747193209,3.965301747193209,W,"Human beta-actin, 8DNH chain B, isolated in the same conformation",current,0.018395999964606,0.018395999964606,,0.018395999964606,sensitive,0.7,False,True,True,,52.754999999999995,52.754999999999995,7
346,341,-1.6692409838110707,1.6692409838110707,I,"Human beta-actin, 8DNH chain B, isolated in the same conformation",current,0.1845413253148983,0.1845413253148983,,0.1845413253148983,tolerant,0.0,False,True,True,,52.1822429906542,52.1822429906542,15
347,342,-4.052475011766596,4.052475011766596,G,"Human beta-actin, 8DNH chain B, isolated in the same conformation",current,0.0,0.0,,0.0,sensitive,0.65,False,True,True,,99.80258620689655,99.80258620689655,5
348,343,-3.379009875808311,3.379009875808311,G,"Human beta-actin, 8DNH chain B, isolated in the same conformation",current,0.0180070653531866,0.0180070653531866,,0.0180070653531866,sensitive,0.6,False,True,True,,90.1,90.1,1
349,344,-3.052269181482255,3.052269181482255,S,"Human beta-actin, 8DNH chain B, isolated in the same conformation",current,0.0463587937607161,0.0463587937607161,,0.0463587937607161,sensitive,0.5,False,True,True,,90.22255639097745,90.22255639097745,12
350,345,-2.378337286190393,2.378337286190393,I,"Human beta-actin, 8DNH chain B, isolated in the same conformation",current,0.3708353775971484,0.3708353775971484,,0.3708353775971484,sensitive,0.35,True,True,True,3.2000000000000006,79.16236933797909,78.37655172413794,17
351,346,-2.833991909303231,2.833991909303231,L,"Human beta-actin, 8DNH chain B, isolated in the same conformation",current,0.0807338515076436,0.0582034743427198,,0.0807338515076436,sensitive,0.35,True,True,True,59.261376673040154,85.83655172413792,65.02994011976048,10
352,347,-2.727477900757037,2.727477900757037,A,"Human beta-actin, 8DNH chain B, isolated in the same conformation",current,0.0973707012971924,0.0973707012971924,,0.0973707012971924,sensitive,0.45,False,True,True,,20.6,20.6,2
353,348,-2.0186240519898075,2.0186240519898075,S,"Human beta-actin, 8DNH chain B, isolated in the same conformation",current,0.4872078837411951,0.4872078837411951,,0.4872078837411951,sensitive,0.2,False,True,True,,32.54327272727273,32.54327272727273,15
354,349,-2.135431928598671,2.135431928598671,L,"Human beta-actin, 8DNH chain B, isolated in the same conformation",current,0.3330102019141053,0.2685482894700178,,0.3330102019141053,sensitive,0.25,True,True,True,23.654437869822484,80.2070110701107,43.35334190231362,17
355,350,-1.5781784677282746,1.5781784677282746,S,"Human beta-actin, 8DNH chain B, isolated in the same conformation",current,0.6700719607770507,0.6700719607770507,,0.6700719607770507,tolerant,0.05,True,True,True,13.966666666666667,34.30942028985507,34.09068100358423,18
356,351,-1.7934275072740866,1.7934275072740866,T,"Human beta-actin, 8DNH chain B, isolated in the same conformation",current,0.6734500967388646,0.4545809074107017,,0.6734500967388646,sensitive,0.05,True,True,True,31.692217898832684,59.38191126279864,41.745600991325894,21
357,352,-2.5221910576923103,2.5221910576923103,F,"Human beta-actin, 8DNH chain B, isolated in the same conformation",current,0.0351176607962996,0.0062897302918745,,0.0351176607962996,sensitive,0.2,True,True,True,92.09882583170254,88.00927152317881,91.16601208459215,12
358,353,-1.5005831564020933,1.5005831564020933,Q,"Human beta-actin, 8DNH chain B, isolated in the same conformation",current,0.2376433793619604,0.2376433793619604,,0.2376433793619604,tolerant,0.05,False,True,True,,25.072131147540986,25.072131147540986,9
359,354,-1.2363132506744512,1.2363132506744512,Q,"Human beta-actin, 8DNH chain B, isolated in the same conformation",current,0.7186148732636088,0.7186148732636088,,0.7186148732636088,tolerant,0.0,True,True,True,5.596703296703297,20.01637168141593,15.876971608832807,20
360,355,-1.4184810097707818,1.4184810097707818,M,"Human beta-actin, 8DNH chain B, isolated in the same conformation",current,0.388722489247727,0.2959794717462449,,0.388722489247727,tolerant,0.0,True,True,True,29.594625719769674,47.65177664974619,34.549025069637885,17
361,356,-1.832554932539697,1.832554932539697,W,"Human beta-actin, 8DNH chain B, isolated in the same conformation",current,0.1286717489586019,0.1286717489586019,,0.1286717489586019,tolerant,0.2,False,True,True,,83.43055555555556,83.43055555555556,6
362,357,-2.4834973004585867,2.4834973004585867,I,"Human beta-actin, 8DNH chain B, isolated in the same conformation",current,0.0459756935040577,0.0459756935040577,,0.0459756935040577,sensitive,0.4,False,True,True,,98.12777777777778,98.12777777777778,0
363,358,-1.337278468198869,1.337278468198869,S,"Human beta-actin, 8DNH chain B, isolated in the same conformation",current,0.3488442386246174,0.3488442386246174,,0.3488442386246174,tolerant,0.0,False,True,True,,64.86086956521739,64.86086956521739,5
364,359,-2.0025184494642,2.0025184494642,K,"Human beta-actin, 8DNH chain B, isolated in the same conformation",current,0.3414241185510449,0.3414241185510449,,0.3414241185510449,sensitive,0.1,False,True,True,,18.326984126984126,18.326984126984126,9
365,360,-0.8849375047253076,0.8849375047253076,Q,"Human beta-actin, 8DNH chain B, isolated in the same conformation",current,0.5561395086594653,0.5561395086594653,,0.5561395086594653,tolerant,0.0,False,True,True,,29.78846153846154,29.78846153846154,6
366,361,-2.3661879769371983,2.3661879769371983,E,"Human beta-actin, 8DNH chain B, isolated in the same conformation",current,0.3358894539479332,0.3358894539479332,,0.3358894539479332,sensitive,0.25,False,True,True,,50.30327868852459,50.30327868852459,11
367,362,-3.241016123455964,3.241016123455964,Y,"Human beta-actin, 8DNH chain B, isolated in the same conformation",current,0.105955687134456,0.105955687134456,,0.105955687134456,sensitive,0.45,False,True,True,,61.768539325842696,61.768539325842696,11
368,363,-1.3713132190026585,1.3713132190026585,D,"Human beta-actin, 8DNH chain B, isolated in the same conformation",current,0.5174123882409293,0.5174123882409293,,0.5174123882409293,tolerant,0.0,False,True,True,,38.450467289719626,38.450467289719626,11
369,364,-3.1232186967395608,3.1232186967395608,E,"Human beta-actin, 8DNH chain B, isolated in the same conformation",current,0.6900076705516011,0.6900076705516011,,0.6900076705516011,sensitive,0.45,False,True,True,,28.74054054054054,28.74054054054054,11
370,365,-0.6458669178391625,0.6458669178391625,S,"Human beta-actin, 8DNH chain B, isolated in the same conformation",current,0.5360254635715548,0.5360254635715548,,0.5360254635715548,tolerant,0.0,False,True,True,,43.78842105263158,43.78842105263158,12
371,366,-3.1184718603181625,3.1184718603181625,G,"Human beta-actin, 8DNH chain B, isolated in the same conformation",current,0.0918126047733456,0.0918126047733456,,0.0918126047733456,sensitive,0.55,False,True,True,,78.07938144329897,78.07938144329897,10
372,367,-1.5832206400701012,1.5832206400701012,P,"Human beta-actin, 8DNH chain B, isolated in the same conformation",current,0.2657409010727428,0.2657409010727428,,0.2657409010727428,tolerant,0.05,False,True,True,,46.82990654205608,46.82990654205608,10
373,368,-0.7137754332878065,0.7137754332878065,S,"Human beta-actin, 8DNH chain B, isolated in the same conformation",current,0.3577402156025987,0.3577402156025987,,0.3577402156025987,tolerant,0.0,True,True,True,11.411111111111111,30.56949152542373,28.033823529411762,8
374,369,-2.1274459867480364,2.1274459867480364,I,"Human beta-actin, 8DNH chain B, isolated in the same conformation",current,0.1107249613053018,0.1107249613053018,,0.1107249613053018,sensitive,0.2,False,True,True,,53.74,53.74,8
375,370,-2.548235132995278,2.548235132995278,V,"Human beta-actin, 8DNH chain B, isolated in the same conformation",current,0.0144591500962633,0.0144591500962633,,0.0144591500962633,sensitive,0.55,False,False,False,,,,0
376,371,-1.7124613661846475,1.7124613661846475,H,"Human beta-actin, 8DNH chain B, isolated in the same conformation",current,0.2683216929534128,0.2683216929534128,,0.2683216929534128,sensitive,0.1,True,True,True,3.559259259259259,22.45945945945946,14.4859375,9
377,372,-1.537540009845458,1.537540009845458,R,"Human beta-actin, 8DNH chain B, isolated in the same conformation",current,0.821441332007002,0.821441332007002,,0.821441332007002,tolerant,0.1,True,True,True,2.951851851851852,31.296666666666663,24.755555555555556,12
378,373,-2.4001446625275413,2.4001446625275413,K,"Human beta-actin, 8DNH chain B, isolated in the same conformation",current,0.3747678425958628,0.3747678425958628,,0.3747678425958628,sensitive,0.25,True,True,True,21.489156626506023,38.108421052631584,30.35898876404494,15
379,374,-2.551192883377141,2.551192883377141,C,"Human beta-actin, 8DNH chain B, isolated in the same conformation",current,0.0888836747560947,0.0888836747560947,,0.0888836747560947,sensitive,0.3,True,True,True,17.121739130434783,55.480645161290326,23.315104166666668,11
380,375,-3.7545115344086133,3.7545115344086133,F,"Human beta-actin, 8DNH chain B, isolated in the same conformation",current,0.8380650934600891,0.5482957572001793,,0.8380650934600891,sensitive,0.7,True,True,True,34.49445544554455,22.343243243243244,31.740428790199083,13
