Residue,canon,conservation,mean_vs,frac_impactful,residue_class,homo_asa,hetero_asa,combined_asa,rsa,at_homo,at_hetero,at_interface
1,5,1.41847110354737,-1.41847110354737,0.0,tolerant,0.0,18.98690476190476,18.98690476190476,,False,True,True
2,6,1.764653048432022,-1.764653048432022,0.0,tolerant,0.0,6.841123511904762,6.841123511904762,0.8277760019742387,False,True,True
3,7,2.018462713985076,-2.018462713985076,0.0,tolerant,0.0,6.628678571428571,6.628678571428571,0.7541673466628799,False,True,True
4,8,2.1096467156669796,-2.1096467156669796,0.0,tolerant,0.0,7.994818775995245,7.994818775995245,0.5949342417466064,False,True,True
5,9,1.3230351191077843,-1.3230351191077843,0.0,tolerant,0.0,8.093045759970654,8.093045759970654,0.4644137640777889,False,True,True
6,10,1.5601302434006628,-1.5601302434006628,0.0,tolerant,0.0,14.413230487461258,14.413230487461258,0.3103333412823982,False,True,True
7,11,2.843113213003317,-2.843113213003317,0.15,tolerant,0.0,9.195238095238095,9.195238095238095,0.036561806595615164,False,True,True
8,12,4.195562360683963,-4.195562360683963,0.55,sensitive,0.0,16.666666666666668,16.666666666666668,0.0,False,True,True
9,13,5.130104465714716,-5.130104465714716,0.8,sensitive,0.0,0.0,0.0,0.020038594575531917,False,False,False
10,14,2.9159646082989106,-2.9159646082989106,0.0,sensitive,0.0,0.0,0.0,0.013880784092412831,False,False,False
11,15,5.161461850183256,-5.161461850183256,0.7,sensitive,0.0,0.0,0.0,0.03956674798143129,False,False,False
12,16,4.1691189651278036,-4.1691189651278036,0.35,sensitive,0.0,0.0,0.0,0.0917465563120265,False,False,False
13,17,5.437789161060717,-5.437789161060717,0.8,sensitive,0.0,0.0,0.0,0.05674972969444602,False,False,False
14,18,4.80749134383986,-4.80749134383986,0.6,sensitive,0.0,0.0,0.0,0.048674012424147206,False,False,False
15,19,4.2658582691569915,-4.2658582691569915,0.3,sensitive,0.0,0.0,0.0,0.043828600771204554,False,False,False
16,20,2.8759930492381094,-2.8759930492381094,0.1,tolerant,0.0,22.621875,22.621875,0.2127307025430803,False,True,True
17,21,2.488772321751111,-2.488772321751111,0.05,tolerant,0.0,0.0,0.0,0.0072313066828737504,False,False,False
18,22,4.320923959818465,-4.320923959818465,0.5,sensitive,0.0,44.2,44.2,0.0,False,True,True
19,23,4.289783106585666,-4.289783106585666,0.6,sensitive,0.0,0.0,0.0,0.009361459039069119,False,False,False
20,24,5.535998965321591,-5.535998965321591,0.75,sensitive,0.0,0.0,0.0,0.0,False,False,False
21,25,3.8881182206496865,-3.8881182206496865,0.4,sensitive,0.0,18.047348476890754,18.047348476890754,0.19120780087298675,False,True,True
22,26,4.003947266755114,-4.003947266755114,0.5,sensitive,0.0,17.176458333333333,17.176458333333333,0.1360608679142257,False,True,True
23,27,4.822889338011884,-4.822889338011884,0.5,sensitive,0.0,24.942232489349905,24.942232489349905,0.5334549989501612,False,True,True
24,28,3.9187364055994074,-3.9187364055994074,0.4,sensitive,0.0,18.58266739660122,18.58266739660122,0.23598940817897948,False,True,True
25,29,3.438655990251614,-3.438655990251614,0.2,sensitive,0.0,26.76964661245107,26.76964661245107,0.6938272160627986,False,True,True
26,30,3.030926650843135,-3.030926650843135,0.05,tolerant,0.0,32.62612542118296,32.62612542118296,0.40591383807129394,False,True,True
27,31,5.9190633381747855,-5.9190633381747855,0.8,sensitive,0.0,40.491630350858294,40.491630350858294,0.19050997213500256,False,True,True
28,32,3.4514804400866277,-3.4514804400866277,0.1,tolerant,0.0,19.51214249241363,19.51214249241363,0.5919581501093086,False,True,True
29,33,3.5752344165181418,-3.5752344165181418,0.25,sensitive,0.0,29.375736388305324,29.375736388305324,0.01766734294653207,False,True,True
30,34,3.793328822690924,-3.793328822690924,0.35,sensitive,0.0,26.411693834941385,26.411693834941385,0.3135547796001162,False,True,True
31,35,4.566464886840418,-4.566464886840418,0.5,sensitive,0.0,26.056408657212884,26.056408657212884,0.0,False,True,True
32,36,4.509771252009649,-4.509771252009649,0.45,sensitive,0.0,26.0234623015873,26.0234623015873,0.1367126282309339,False,True,True
33,37,3.8929315526973864,-3.8929315526973864,0.25,sensitive,0.0,0.0,0.0,0.020737916594762328,False,False,False
34,38,4.3263609592491585,-4.3263609592491585,0.6,sensitive,0.0,0.0,0.0,0.0,False,False,False
35,39,4.391126851967761,-4.391126851967761,0.55,sensitive,0.0,11.314041745730549,11.314041745730549,0.006157810483119083,False,True,True
36,40,5.547477583918988,-5.547477583918988,0.75,sensitive,0.0,0.0,0.0,0.0,False,False,False
37,41,3.08590996192706,-3.08590996192706,0.0,tolerant,0.0,13.80128662724583,13.80128662724583,0.3307042222901109,False,True,True
38,42,4.552764414208306,-4.552764414208306,0.5,sensitive,38.53928571428571,16.076139427478136,38.53928571428571,0.4334421004464647,True,True,True
39,43,3.0818520684349573,-3.0818520684349573,0.1,tolerant,36.232025117739404,10.216003250584015,36.232025117739404,0.46295403665295476,True,True,True
40,44,2.2367592977668096,-2.2367592977668096,0.0,tolerant,70.01150793650794,14.090623506123505,70.01150793650794,0.5308331715811342,True,True,True
41,45,1.6582515687078583,-1.6582515687078583,0.0,tolerant,40.02162698412699,10.535406611906613,40.02162698412699,0.7166936823090779,True,True,True
42,46,2.6102922824288988,-2.6102922824288988,0.0,tolerant,39.834920634920636,17.50201564308707,39.834920634920636,0.6388205124674493,True,True,True
43,47,2.5141029311921903,-2.5141029311921903,0.0,tolerant,72.35793650793651,9.721730154765869,72.35793650793651,0.7017080128393561,True,True,True
44,48,3.8515127288583244,-3.8515127288583244,0.3,sensitive,87.11607142857143,9.660220276309078,87.11607142857143,0.6193980344779593,True,True,True
45,49,2.957965361797561,-2.957965361797561,0.0,tolerant,69.63154761904762,8.422735452018092,69.63154761904762,0.8588621048757621,True,True,True
46,50,4.23727631655306,-4.23727631655306,0.25,sensitive,27.40059523809524,23.851259259919978,27.40059523809524,0.7290882566745047,True,True,True
47,51,2.9794945304903946,-2.9794945304903946,0.0,tolerant,36.578968253968256,17.518223304473302,36.578968253968256,0.5348780843223686,True,True,True
48,52,2.7100297181231583,-2.7100297181231583,0.1,tolerant,8.804960317460317,13.74591992587185,13.74591992587185,0.67970362846494,True,True,True
49,53,2.2961504210776176,-2.2961504210776176,0.0,tolerant,26.417063492063495,9.203946530443242,26.417063492063495,0.6591181465883923,True,True,True
50,54,4.061998289077666,-4.061998289077666,0.2,sensitive,4.909325396825397,17.19462530140261,17.19462530140261,0.41159395110074093,True,True,True
51,55,3.951666345595948,-3.951666345595948,0.3,sensitive,0.2150793650793651,5.47895091239831,5.47895091239831,0.5892065160648728,True,True,True
52,56,2.4207948181603975,-2.4207948181603975,0.0,tolerant,0.0,22.952482037193576,22.952482037193576,0.18060712140392213,False,True,True
53,57,4.650364788226045,-4.650364788226045,0.45,sensitive,55.382936507936506,21.08700313897489,55.382936507936506,0.14517837187103116,True,True,True
54,58,4.289093233994562,-4.289093233994562,0.45,sensitive,0.0,37.28305927579365,37.28305927579365,0.14234404650321728,False,True,True
55,59,5.610757052228383,-5.610757052228383,0.75,sensitive,0.0,0.0,0.0,0.0,False,False,False
56,60,3.814858072050825,-3.814858072050825,0.35,sensitive,0.0,14.71857389251997,14.71857389251997,0.41901612196943505,False,True,True
57,61,4.2160548018222865,-4.2160548018222865,0.4,sensitive,0.0,25.669915739443923,25.669915739443923,0.41352939065656213,False,True,True
58,62,5.146889380706133,-5.146889380706133,0.6,sensitive,0.0,3.125,3.125,0.0,False,True,True
59,63,3.505813601129997,-3.505813601129997,0.15,sensitive,0.6198412698412697,33.146031746031746,33.146031746031746,0.17895695786212015,True,True,True
60,64,2.7353317171932234,-2.7353317171932234,0.05,tolerant,12.956944444444444,18.307135076252724,18.307135076252724,0.5267008585016989,True,True,True
61,65,4.286459736160873,-4.286459736160873,0.35,sensitive,50.67440476190477,19.401343217111407,50.67440476190477,0.4626421161075864,True,True,True
62,66,4.682177074918677,-4.682177074918677,0.5,sensitive,40.416468253968254,20.805208333333333,40.416468253968254,0.21162359742978384,True,True,True
63,67,5.126714864005983,-5.126714864005983,0.6,sensitive,96.4343253968254,27.65854341736695,96.4343253968254,0.535787510664965,True,True,True
64,68,3.787002632337508,-3.787002632337508,0.2,sensitive,98.55753968253968,36.23009259259259,98.55753968253968,0.44136665763895416,True,True,True
65,69,5.2966328187888925,-5.2966328187888925,0.65,sensitive,63.083830455259026,23.478611111111114,63.083830455259026,0.031983851464558816,True,True,True
66,70,2.682212438601807,-2.682212438601807,0.0,tolerant,37.16718995290424,17.480206509586647,37.16718995290424,0.28380242084881246,True,True,True
67,71,4.57379870429412,-4.57379870429412,0.5,sensitive,0.49529042386185246,16.43106707492381,16.43106707492381,0.03731449337531862,True,True,True
68,72,3.2007709795734733,-3.2007709795734733,0.1,tolerant,0.1792778649921507,13.388907452329338,13.388907452329338,0.492861308831799,True,True,True
69,73,4.965591835221032,-4.965591835221032,0.55,sensitive,0.0,15.903873651122229,15.903873651122229,0.1384024701616642,False,True,True
70,74,6.153306217688584,-6.153306217688584,0.85,sensitive,0.0,24.664380043317426,24.664380043317426,0.0,False,True,True
71,75,4.51083703302887,-4.51083703302887,0.7,sensitive,0.0,4.869603051386733,4.869603051386733,0.07356110960649237,False,True,True
72,76,4.282227664804331,-4.282227664804331,0.4,sensitive,0.0331896551724138,16.93796614517677,16.93796614517677,0.34793428848411284,True,True,True
73,77,4.618371549317509,-4.618371549317509,0.45,sensitive,0.8465517241379309,17.277938688446277,17.277938688446277,0.30505285415372996,True,True,True
74,78,5.892016199797384,-5.892016199797384,0.8,sensitive,0.0,0.0,0.0,0.25249705139821227,False,False,False
75,79,4.4736623659461054,-4.4736623659461054,0.55,sensitive,9.853735632183907,8.14997871225338,9.853735632183907,0.2329435137538925,True,True,True
76,80,5.170016710400289,-5.170016710400289,0.7,sensitive,0.07816091954022988,10.793537420983883,10.793537420983883,0.10491280057168378,True,True,True
77,81,3.159593252461745,-3.159593252461745,0.15,tolerant,1.2622126436781609,14.251065659104874,14.251065659104874,0.44962152592882326,True,True,True
78,82,4.417740509978079,-4.417740509978079,0.45,sensitive,0.0,20.76850495939409,20.76850495939409,0.3440692251518672,False,True,True
79,83,5.951079725322543,-5.951079725322543,0.8,sensitive,0.0,18.12860436580076,18.12860436580076,0.19195020882112454,False,True,True
80,84,4.626695241788548,-4.626695241788548,0.6,sensitive,0.0,17.304889313195766,17.304889313195766,0.5220359444839658,False,True,True
81,85,4.570029606683491,-4.570029606683491,0.5,sensitive,0.0,22.242156225600247,22.242156225600247,0.022206404643786953,False,True,True
82,86,5.37949021136941,-5.37949021136941,0.65,sensitive,0.0,0.0,0.0,0.026955986965176704,False,False,False
83,87,4.561672344608569,-4.561672344608569,0.4,sensitive,0.0,24.14679842726718,24.14679842726718,0.2866325460010689,False,True,True
84,88,4.011707207278745,-4.011707207278745,0.3,sensitive,0.0,18.79153461038193,18.79153461038193,0.32160356201199247,False,True,True
85,89,4.7607908457218535,-4.7607908457218535,0.65,sensitive,0.0,0.0,0.0,0.0,False,False,False
86,90,5.699417855444752,-5.699417855444752,0.65,sensitive,0.0,0.0,0.0,0.029661043902734788,False,False,False
87,91,3.4377038303237577,-3.4377038303237577,0.2,sensitive,0.0,27.247431669992412,27.247431669992412,0.37543855456134484,False,True,True
88,92,5.190584876429864,-5.190584876429864,0.6,sensitive,0.0,32.47597090919701,32.47597090919701,0.13019797804049163,False,True,True
89,93,4.263754776946113,-4.263754776946113,0.55,sensitive,0.0,0.0,0.0,0.007021094279301839,False,False,False
90,94,4.733337384618766,-4.733337384618766,0.6,sensitive,0.0,25.901934523809526,25.901934523809526,0.025158921167498256,False,True,True
91,95,3.2337782586065793,-3.2337782586065793,0.15,tolerant,0.0,33.268942639876464,33.268942639876464,0.4083248618584727,False,True,True
92,96,4.144450740715733,-4.144450740715733,0.35,sensitive,0.0,27.99386534795542,27.99386534795542,0.49004669494381226,False,True,True
93,97,4.4493221044385844,-4.4493221044385844,0.35,sensitive,0.0,16.240179632459043,16.240179632459043,0.26250956618508015,False,True,True
94,98,5.808615453132597,-5.808615453132597,0.7,sensitive,0.0,33.19157920030757,33.19157920030757,0.09197582981602309,False,True,True
95,99,4.420202721101186,-4.420202721101186,0.35,sensitive,0.0,22.03457476228705,22.03457476228705,0.645583164611428,False,True,True
96,100,4.223193300411269,-4.223193300411269,0.4,sensitive,0.0,24.085216197672363,24.085216197672363,0.12179673057936616,False,True,True
97,101,2.9320279180729063,-2.9320279180729063,0.15,tolerant,0.0,31.55733601587002,31.55733601587002,0.32057882988212866,False,True,True
98,102,5.260007075480317,-5.260007075480317,0.65,sensitive,0.0,23.770737734487735,23.770737734487735,0.029524174038883456,False,True,True
99,103,3.824055797669802,-3.824055797669802,0.3,sensitive,0.0,12.213064752343245,12.213064752343245,0.44227764013020104,False,True,True
100,104,4.523134380571418,-4.523134380571418,0.5,sensitive,0.0,16.367366677440206,16.367366677440206,0.5052697566909082,False,True,True
101,105,3.3752293982639543,-3.3752293982639543,0.2,tolerant,0.0,15.225017885359273,15.225017885359273,0.15664485869618036,False,True,True
102,106,4.341629775808523,-4.341629775808523,0.35,sensitive,0.0,25.887587505087506,25.887587505087506,0.1367126282309339,False,True,True
103,107,3.656069970459515,-3.656069970459515,0.45,sensitive,0.0,0.0,0.0,0.0069403920462064155,False,False,False
104,108,5.007320409155677,-5.007320409155677,0.6,sensitive,0.3992015968063872,0.0,0.3992015968063872,0.017346843065385836,True,False,True
105,109,4.283940118746214,-4.283940118746214,0.5,sensitive,0.0,0.0,0.0,0.024032402309252066,False,False,False
106,110,5.7755643686037335,-5.7755643686037335,0.75,sensitive,0.0,0.0,0.0,0.05923144177019341,False,False,False
107,111,5.386050597205365,-5.386050597205365,0.7,sensitive,0.0,0.0,0.0,0.06856797862146782,False,False,False
108,112,4.575242805160563,-4.575242805160563,0.55,sensitive,0.0,0.0,0.0,0.03567777703495385,False,False,False
109,113,5.878451854321108,-5.878451854321108,0.75,sensitive,0.0,0.0,0.0,0.11712774204401152,False,False,False
110,114,3.6854795800313633,-3.6854795800313633,0.25,sensitive,50.47485632183908,1.2793283882467943,50.47485632183908,0.4626237444531023,True,True,True
111,115,5.76851799118537,-5.76851799118537,0.7,sensitive,40.316522988505746,0.09867172675521821,40.316522988505746,0.18959431110756617,True,True,True
112,116,5.716308367082988,-5.716308367082988,0.8,sensitive,71.06580459770116,4.072872322701545,71.06580459770116,0.3493767165901645,True,True,True
113,117,5.05443127118828,-5.05443127118828,0.6,sensitive,33.989798850574715,6.376193013335871,33.989798850574715,0.5475010597043611,True,True,True
114,118,2.3430702090753566,-2.3430702090753566,0.0,tolerant,3.4857758620689654,15.529167487583047,15.529167487583047,0.4444152493591766,True,True,True
115,119,5.308826359296732,-5.308826359296732,0.65,sensitive,0.2739942528735632,15.66357370491621,15.66357370491621,0.0937105833746615,True,True,True
116,120,5.2924606718217335,-5.2924606718217335,0.65,sensitive,0.4698275862068966,18.058333333333334,18.058333333333334,0.07475499978883246,True,True,True
117,121,5.968879312861612,-5.968879312861612,0.7,sensitive,0.0004310344827586207,14.192619934845132,14.192619934845132,0.2523696884794847,True,True,True
118,122,4.678007722659429,-4.678007722659429,0.45,sensitive,0.0,17.669251902166987,17.669251902166987,0.28297496472211725,False,True,True
119,123,5.581947402923574,-5.581947402923574,0.75,sensitive,0.0,0.0,0.0,0.09050030837091169,False,False,False
120,124,4.3545477473721395,-4.3545477473721395,0.55,sensitive,0.0,0.0,0.0,0.006229412930597211,False,False,False
121,125,4.224026549318195,-4.224026549318195,0.5,sensitive,0.0,13.87971905387465,13.87971905387465,0.3016164636708391,False,True,True
122,126,5.219382991674938,-5.219382991674938,0.6,sensitive,0.0,25.95121336996337,25.95121336996337,0.030650462336038485,False,True,True
123,127,4.0604503264408764,-4.0604503264408764,0.45,sensitive,0.0,0.0,0.0,0.011135823959599537,False,False,False
124,128,6.0309379740125735,-6.0309379740125735,0.7,sensitive,0.0,19.640309998643332,19.640309998643332,0.008928825200522671,False,True,True
125,129,5.561671733669411,-5.561671733669411,0.6,sensitive,0.0,15.25087711357366,15.25087711357366,0.44288826430947087,False,True,True
126,130,3.2344832420054095,-3.2344832420054095,0.1,tolerant,0.0,17.56210550070844,17.56210550070844,0.4263912747628835,False,True,True
127,131,6.163408840958789,-6.163408840958789,0.7,sensitive,0.0,27.92951936951937,27.92951936951937,0.07937380446951779,False,True,True
128,132,3.245533897040725,-3.245533897040725,0.25,tolerant,0.0,13.319721048000845,13.319721048000845,0.40141640521536825,False,True,True
129,133,2.825905580480332,-2.825905580480332,0.05,sensitive,0.0,40.0,40.0,0.020271601489200892,False,True,True
130,134,5.905535687775242,-5.905535687775242,0.75,sensitive,0.0,16.399189390856055,16.399189390856055,0.32145281847706436,False,True,True
131,135,4.821482711680234,-4.821482711680234,0.55,sensitive,0.0,28.095002616431184,28.095002616431184,0.07489167231255295,False,True,True
132,136,3.7931362560933657,-3.7931362560933657,0.45,sensitive,0.0,0.0,0.0,0.0,False,False,False
133,137,5.6204813308136625,-5.6204813308136625,0.75,sensitive,8.256087824351297,13.984039343009933,13.984039343009933,0.10236747069789051,True,True,True
134,138,4.663368933682289,-4.663368933682289,0.5,sensitive,0.0,2.692647058823529,2.692647058823529,0.0,False,True,True
135,139,3.3912698337272587,-3.3912698337272587,0.2,sensitive,0.4317365269461078,26.17132352941176,26.17132352941176,0.04680729519534559,True,True,True
136,140,4.689715303190947,-4.689715303190947,0.65,sensitive,7.584231536926147,10.349314839572193,10.349314839572193,0.04730409283423047,True,True,True
137,141,4.715661512091176,-4.715661512091176,0.4,sensitive,0.0,0.0,0.0,0.06259499094834921,False,False,False
138,142,5.51195452465644,-5.51195452465644,0.65,sensitive,0.0,0.0,0.0,0.0,False,False,False
139,143,4.796432608810958,-4.796432608810958,0.6,sensitive,75.51017964071856,7.564260249554367,75.51017964071856,0.22825035596172438,True,True,True
140,144,6.0741691413464824,-6.0741691413464824,0.7,sensitive,0.5640718562874252,31.51759453781513,31.51759453781513,0.0060081005773130166,True,True,True
141,145,5.150798513401038,-5.150798513401038,0.7,sensitive,0.0,0.0,0.0,0.020737916594762328,False,False,False
142,146,6.152814916389232,-6.152814916389232,0.8,sensitive,90.0187624750499,9.089733136367494,90.0187624750499,0.05940354710657695,True,True,True
143,147,5.61859068232461,-5.61859068232461,0.7,sensitive,64.52794411177645,21.71638004075504,64.52794411177645,0.3487163545205752,True,True,True
144,148,4.603392100586205,-4.603392100586205,0.55,sensitive,0.0,24.952582853447417,24.952582853447417,0.28556677824855875,False,True,True
145,149,4.765502719321343,-4.765502719321343,0.5,sensitive,0.0,20.711399309559926,20.711399309559926,0.18324265415186786,False,True,True
146,150,6.015361649621421,-6.015361649621421,0.8,sensitive,0.23552894211576847,35.9223060524715,35.9223060524715,0.7010855497262454,True,True,True
147,151,4.942080381987134,-4.942080381987134,0.6,sensitive,7.965868263473054,20.446362239597534,20.446362239597534,0.30950576404234953,True,True,True
148,152,4.6489679217796915,-4.6489679217796915,0.55,sensitive,38.92694610778443,27.6039217870749,38.92694610778443,0.5093676044118512,True,True,True
149,153,5.329004028447255,-5.329004028447255,0.65,sensitive,0.0,15.301635854341736,15.301635854341736,0.13340079130673496,False,True,True
150,154,6.711252834599568,-6.711252834599568,0.85,sensitive,0.0,0.0,0.0,0.010302490615987696,False,False,False
151,155,3.5465666277153027,-3.5465666277153027,0.35,sensitive,0.0,0.0,0.0,0.0,False,False,False
152,156,5.864013584766605,-5.864013584766605,0.8,sensitive,0.0,0.0,0.0,0.0,False,False,False
153,157,3.1033765405853915,-3.1033765405853915,0.0,sensitive,0.0,0.0,0.0,0.027309416138705557,False,False,False
154,158,5.3236952160031965,-5.3236952160031965,0.65,sensitive,0.0,0.0,0.0,0.03330960696568042,False,False,False
155,159,4.557406042946285,-4.557406042946285,0.55,sensitive,0.0,0.0,0.0,0.006912638864920777,False,False,False
156,160,6.634814784927592,-6.634814784927592,0.9,sensitive,0.0,0.0,0.0,0.0580590488480729,False,False,False
157,161,4.940944568773361,-4.940944568773361,0.55,sensitive,0.0,0.0,0.0,0.04441280928757391,False,False,False
158,162,5.849301890526114,-5.849301890526114,0.7,sensitive,0.0,1.2787878787878788,1.2787878787878788,0.01161180976961458,False,True,True
159,163,5.2490625236650175,-5.2490625236650175,0.65,sensitive,0.0,0.0,0.0,0.04858274432344491,False,False,False
160,164,4.157548500217158,-4.157548500217158,0.4,sensitive,0.0,0.0,0.0,0.04756429725770362,False,False,False
161,165,4.84016484317588,-4.84016484317588,0.45,sensitive,0.0,0.0,0.0,0.005391197393035341,False,False,False
162,166,2.774819376773282,-2.774819376773282,0.1,tolerant,0.0,0.0,0.0,0.014042188558603678,False,False,False
163,167,5.803428530061021,-5.803428530061021,0.7,sensitive,1.3954091816367267,0.0,1.3954091816367267,0.03470196023103208,True,False,True
164,168,6.724004907064165,-6.724004907064165,0.8,sensitive,0.1996007984031936,0.0,0.1996007984031936,0.014333882013224131,True,False,True
165,169,4.921174169906822,-4.921174169906822,0.7,sensitive,91.81337325349301,0.0,91.81337325349301,0.06743101713928466,True,False,True
166,170,4.97076820655969,-4.97076820655969,0.55,sensitive,76.72654690618762,11.450250668449199,76.72654690618762,0.2788727533312282,True,True,True
167,171,5.125338371433534,-5.125338371433534,0.6,sensitive,51.36506986027944,12.075756174313161,51.36506986027944,0.5202946278306632,True,True,True
168,172,6.561700317033181,-6.561700317033181,0.85,sensitive,94.88582834331338,14.10100209023003,94.88582834331338,0.5244618274878003,True,True,True
169,173,4.270858481792468,-4.270858481792468,0.35,sensitive,91.23692614770458,10.618982933990674,91.23692614770458,0.6480629269013441,True,True,True
170,174,3.4110266694507723,-3.4110266694507723,0.05,sensitive,91.3624750499002,17.52459595959596,91.3624750499002,0.3425604319121393,True,True,True
171,175,5.111722537662896,-5.111722537662896,0.75,sensitive,96.15269461077844,30.941893939393935,96.15269461077844,0.15020251443282542,True,True,True
172,176,4.721790027610075,-4.721790027610075,0.45,sensitive,30.42634730538922,12.850526973026973,30.42634730538922,0.5913398907901043,True,True,True
173,177,4.118111917108466,-4.118111917108466,0.25,sensitive,54.46235632183908,10.05771945234469,54.46235632183908,0.5285802569494285,True,True,True
174,178,5.083624153649228,-5.083624153649228,0.6,sensitive,1.5149425287356324,0.0,1.5149425287356324,0.0,True,False,True
175,179,4.457741686200615,-4.457741686200615,0.55,sensitive,25.204166666666666,0.0,25.204166666666666,0.15108783407772322,True,False,True
176,180,1.592124749432234,-1.592124749432234,0.0,tolerant,1.4645114942528734,14.347768960956818,14.347768960956818,0.22763036327134148,True,True,True
177,181,4.907997143861443,-4.907997143861443,0.55,sensitive,15.436637931034483,8.239895635673625,15.436637931034483,0.2712304336576705,True,True,True
178,182,3.941650790020467,-3.941650790020467,0.3,sensitive,10.821120689655173,0.0,10.821120689655173,0.1376189510228496,True,False,True
179,183,4.04633756903374,-4.04633756903374,0.35,sensitive,25.571695402298854,19.344197190117495,25.571695402298854,0.3553556697658344,True,True,True
180,184,5.096694682306301,-5.096694682306301,0.75,sensitive,0.0,0.0,0.0,0.0,False,False,False
181,185,5.900235860890655,-5.900235860890655,0.7,sensitive,0.0,0.0,0.0,0.009361459039069119,False,False,False
182,186,6.952241201724408,-6.952241201724408,0.9,sensitive,0.0,0.0,0.0,0.0,False,False,False
183,187,4.629426441881597,-4.629426441881597,0.4,sensitive,0.05196232339089482,14.338138500757097,14.338138500757097,0.14360862096889607,True,True,True
184,188,4.598453875845918,-4.598453875845918,0.55,sensitive,0.07692307692307693,7.0764907135874875,7.0764907135874875,0.15200985090997426,True,True,True
185,189,5.533083039355219,-5.533083039355219,0.7,sensitive,0.0,0.0,0.0,0.0,False,False,False
186,190,5.569191425156812,-5.569191425156812,0.65,sensitive,0.0,0.0,0.0,0.03895984028099252,False,False,False
187,191,2.594734359640062,-2.594734359640062,0.05,tolerant,1.5464678178963893,4.6014164414543925,4.6014164414543925,0.37981093386376313,True,True,True
188,192,3.043015716688209,-3.043015716688209,0.2,tolerant,0.0,3.704365079365079,3.704365079365079,0.09792791052438032,False,True,True
189,193,4.438896418109079,-4.438896418109079,0.5,sensitive,0.0,0.0,0.0,0.0,False,False,False
190,194,2.78195962443895,-2.78195962443895,0.1,tolerant,0.0,0.025806451612903226,0.025806451612903226,0.15799877293013997,False,True,True
191,195,3.5606754338153834,-3.5606754338153834,0.2,tolerant,47.224332810047095,20.436111111111114,47.224332810047095,0.561243823649157,True,True,True
192,196,3.790611081608393,-3.790611081608393,0.35,sensitive,0.0,7.216666666666666,7.216666666666666,0.018390277401623092,False,True,True
193,197,5.703951685258454,-5.703951685258454,0.75,sensitive,0.0,0.0,0.0,0.0,False,False,False
194,198,2.504526616759422,-2.504526616759422,0.1,tolerant,63.083516483516476,19.83040796963947,63.083516483516476,0.5114360874632101,True,True,True
195,199,4.680877856171568,-4.680877856171568,0.45,sensitive,59.30706436420722,7.702315004887586,59.30706436420722,0.5699223247158429,True,True,True
196,200,3.8394295156340874,-3.8394295156340874,0.25,sensitive,5.992778649921507,11.405559809506679,11.405559809506679,0.3387422966673191,True,True,True
197,201,5.83723794957953,-5.83723794957953,0.7,sensitive,36.73500784929357,10.938234869822473,36.73500784929357,0.6160469864910902,True,True,True
198,202,3.7960899100505485,-3.7960899100505485,0.2,sensitive,0.1792778649921507,16.83109530235544,16.83109530235544,0.21515805299767748,True,True,True
199,203,2.041453371833134,-2.041453371833134,0.0,tolerant,14.938932496075354,16.05098130311603,16.05098130311603,0.5722891378164712,True,True,True
200,204,4.6196453406694165,-4.6196453406694165,0.5,sensitive,25.834920634920632,14.706118416278125,25.834920634920632,0.12098252365023268,True,True,True
201,205,2.625404978708258,-2.625404978708258,0.0,tolerant,22.56844583987441,11.131843178783406,22.56844583987441,0.6080686281361557,True,True,True
202,206,4.804298009342884,-4.804298009342884,0.55,sensitive,47.110675039246466,16.21130577597608,47.110675039246466,0.404744386294353,True,True,True
203,207,3.462128438062412,-3.462128438062412,0.05,sensitive,42.52951334379906,17.406100976558758,42.52951334379906,0.240196530334632,True,True,True
204,208,4.414455956648507,-4.414455956648507,0.55,sensitive,81.32083333333333,27.88708778966132,81.32083333333333,0.2050680692988593,True,True,True
205,209,5.150783358716688,-5.150783358716688,0.5,sensitive,52.514087301587296,19.528894782742032,52.514087301587296,0.22704445073947196,True,True,True
206,210,3.12413846706528,-3.12413846706528,0.05,tolerant,0.0009419152276295133,14.28129779771146,14.28129779771146,0.23665479871492484,True,True,True
207,211,5.539013582241871,-5.539013582241871,0.6,sensitive,0.0,25.189351851851853,25.189351851851853,0.014414246960485027,False,True,True
208,212,4.991682846245222,-4.991682846245222,0.65,sensitive,86.51071428571429,27.746953914141415,86.51071428571429,0.09808147947532316,True,True,True
209,213,4.889818839669102,-4.889818839669102,0.6,sensitive,0.0,0.0,0.0,0.0,False,False,False
210,214,4.782165801565617,-4.782165801565617,0.5,sensitive,0.0,15.841418650793651,15.841418650793651,0.1806071805815563,False,True,True
211,215,5.127822924024899,-5.127822924024899,0.6,sensitive,0.0,28.745396825396824,28.745396825396824,0.25414800904891416,False,True,True
212,216,4.891115768930625,-4.891115768930625,0.7,sensitive,0.0,0.0,0.0,0.012260184934415394,False,False,False
213,217,6.2836098469299575,-6.2836098469299575,0.8,sensitive,0.0,11.11111111111111,11.11111111111111,0.004540080610435256,False,True,True
214,218,5.967467876058562,-5.967467876058562,0.65,sensitive,0.0,11.319078464719222,11.319078464719222,0.23245982390557024,False,True,True
215,219,4.921275285381396,-4.921275285381396,0.55,sensitive,0.0,5.770812248617395,5.770812248617395,0.6037632568168365,False,True,True
216,220,4.365232617973724,-4.365232617973724,0.45,sensitive,0.0,11.693992165242165,11.693992165242165,0.13217821270088634,False,True,True
217,221,4.62970176590447,-4.62970176590447,0.65,sensitive,0.0,13.535648148148148,13.535648148148148,0.07444348051037665,False,True,True
218,222,5.958698066807468,-5.958698066807468,0.85,sensitive,0.0,27.250602564102564,27.250602564102564,0.13723451440768172,False,True,True
219,223,4.586999030507789,-4.586999030507789,0.55,sensitive,0.0,29.28249145299145,29.28249145299145,0.037729444461801834,False,True,True
220,224,5.606389113435648,-5.606389113435648,0.7,sensitive,0.0,21.090811965811966,21.090811965811966,0.0,False,True,True
221,225,2.777778899155824,-2.777778899155824,0.05,tolerant,0.0,23.936119887057387,23.936119887057387,0.4645502128317634,False,True,True
222,226,5.329856574504436,-5.329856574504436,0.65,sensitive,0.0,4.8853488178488185,4.8853488178488185,0.3687296738573983,False,True,True
223,227,4.17329221319387,-4.17329221319387,0.45,sensitive,0.0,11.135473415473415,11.135473415473415,0.10974892135928144,False,True,True
224,228,3.1616278966680507,-3.1616278966680507,0.05,tolerant,0.005890804597701149,8.585606722337491,8.585606722337491,0.5704147235787499,True,True,True
225,229,2.0266310582934666,-2.0266310582934666,0.0,tolerant,0.0,5.660940488083345,5.660940488083345,0.5468979437280421,False,True,True
226,230,4.794574560324551,-4.794574560324551,0.45,sensitive,0.0,6.506007834757836,6.506007834757836,0.17358158770509027,False,True,True
227,231,3.589407622086447,-3.589407622086447,0.2,sensitive,0.03359497645211931,11.53659856016999,11.53659856016999,0.3106112852557001,True,True,True
228,232,1.2598475225143515,-1.2598475225143515,0.0,tolerant,0.0,7.8478845043845045,7.8478845043845045,0.4350537903201075,False,True,True
229,233,2.129565979087392,-2.129565979087392,0.0,tolerant,0.0,12.647634920634921,12.647634920634921,0.41868253699391683,False,True,True
230,234,3.2311092034831006,-3.2311092034831006,0.0,tolerant,0.0,8.548813908313907,8.548813908313907,0.17759028745154046,False,True,True
231,235,2.0159287420579717,-2.0159287420579717,0.0,tolerant,0.13202511773940348,9.38741736895583,9.38741736895583,0.6768084531971943,True,True,True
232,236,1.5874600730597968,-1.5874600730597968,0.0,tolerant,0.0,9.678159959698421,9.678159959698421,0.5887991598230514,False,True,True
233,238,3.207240115691048,-3.207240115691048,0.1,tolerant,0.0,10.345506854256854,10.345506854256854,0.37198727072549614,False,True,True
234,239,2.6180504268424274,-2.6180504268424274,0.0,tolerant,0.0,13.867408263033264,13.867408263033264,0.5780650471176247,False,True,True
235,240,1.9706757852999943,-1.9706757852999943,0.0,tolerant,0.0,8.733796092796094,8.733796092796094,0.6598253404890739,False,True,True
236,241,2.3994451840159106,-2.3994451840159106,0.0,tolerant,0.0,6.37746743996744,6.37746743996744,0.23715692258216142,False,True,True
237,242,3.8683381537387227,-3.8683381537387227,0.25,sensitive,0.0,11.415329493738584,11.415329493738584,0.40070628289189336,False,True,True
238,243,3.928492396596451,-3.928492396596451,0.3,sensitive,0.0,14.230671550671552,14.230671550671552,0.39187582468148424,False,True,True
239,244,2.318797262904632,-2.318797262904632,0.0,tolerant,0.0,11.465397507721036,11.465397507721036,0.513215764585392,False,True,True
240,245,5.728365681897698,-5.728365681897698,0.7,sensitive,0.0,13.119453405017921,13.119453405017921,0.1396872023786942,False,True,True
241,246,4.465231141538636,-4.465231141538636,0.4,sensitive,20.956944444444442,9.304750263546278,20.956944444444442,0.5410325767820575,True,True,True
242,247,6.003433261325573,-6.003433261325573,0.75,sensitive,57.65357142857143,16.494081799661277,57.65357142857143,0.10611343439197467,True,True,True
243,248,6.950912552049377,-6.950912552049377,0.85,sensitive,55.76349206349206,19.752234848484846,55.76349206349206,0.5962532626665413,True,True,True
244,249,5.736887142479508,-5.736887142479508,0.7,sensitive,97.2640873015873,15.72070308149099,97.2640873015873,0.5863843566456564,True,True,True
245,250,5.811466109999425,-5.811466109999425,0.75,sensitive,88.27400793650793,19.359347028156325,88.27400793650793,0.4304300927902842,True,True,True
246,251,3.657447992014224,-3.657447992014224,0.35,sensitive,30.855357142857144,18.747528896669078,30.855357142857144,0.4543085340876912,True,True,True
247,252,3.2018999636982928,-3.2018999636982928,0.15,tolerant,2.366468253968254,18.73182429597337,18.73182429597337,0.5393302105354987,True,True,True
248,253,5.287928128283113,-5.287928128283113,0.75,sensitive,0.0,20.526429284983994,20.526429284983994,0.036780554803246185,False,True,True
249,254,3.533741501696897,-3.533741501696897,0.25,sensitive,0.0,18.660142534230026,18.660142534230026,0.21813349042994218,False,True,True
250,255,4.5078809683673295,-4.5078809683673295,0.7,sensitive,0.0,0.15054945054945054,0.15054945054945054,0.03620167250210248,False,True,True
251,256,4.45282556835546,-4.45282556835546,0.35,sensitive,0.0,11.126213786213786,11.126213786213786,0.0,False,True,True
252,257,3.3033293403985815,-3.3033293403985815,0.15,sensitive,1.7992150706436418,11.875535298035297,11.875535298035297,0.2319284804195554,True,True,True
253,258,4.779112402478358,-4.779112402478358,0.5,sensitive,4.675824175824176,19.467215007215007,19.467215007215007,0.0336332429077984,True,True,True
254,259,4.831759385377137,-4.831759385377137,0.5,sensitive,0.0,17.90491452991453,17.90491452991453,0.15249795229856092,False,True,True
255,260,5.877851482920338,-5.877851482920338,0.7,sensitive,0.0,0.0,0.0,0.0,False,False,False
256,261,4.388534591353755,-4.388534591353755,0.35,sensitive,4.343642072213501,4.550843822843823,4.550843822843823,0.14933916114504273,True,True,True
257,262,4.19204921547998,-4.19204921547998,0.45,sensitive,0.0,0.0,0.0,0.0,False,False,False
258,263,5.0699050124628045,-5.0699050124628045,0.55,sensitive,0.0,0.0,0.0,0.0,False,False,False
259,264,5.997726283383518,-5.997726283383518,0.65,sensitive,0.0,14.247857142857143,14.247857142857143,0.004804748986828342,False,True,True
260,265,2.9696184466105953,-2.9696184466105953,0.25,tolerant,0.0,0.0,0.0,0.0,False,False,False
261,266,4.815461825318701,-4.815461825318701,0.65,sensitive,0.0,0.0,0.0,0.0360486034638781,False,False,False
262,267,5.582922766216121,-5.582922766216121,0.65,sensitive,0.0,17.8309811827957,17.8309811827957,0.05527506610285097,False,True,True
263,268,3.4195035921233106,-3.4195035921233106,0.25,sensitive,0.046839080459770116,10.180482365106021,10.180482365106021,0.2983862920670521,True,True,True
264,269,6.0816852417911464,-6.0816852417911464,0.75,sensitive,0.0,17.728712237583206,17.728712237583206,0.03038058405131865,False,True,True
265,270,2.2742444201510663,-2.2742444201510663,0.0,tolerant,2.386781609195402,13.735392314593195,13.735392314593195,0.5243508661234549,True,True,True
266,271,2.3498377762571954,-2.3498377762571954,0.0,tolerant,4.650706436420722,8.131953147862239,8.131953147862239,0.311821501545688,True,True,True
267,272,2.9325461199879967,-2.9325461199879967,0.0,tolerant,38.035321821036106,9.305107526881722,38.035321821036106,0.25071822464904253,True,True,True
268,273,5.389989326284992,-5.389989326284992,0.6,sensitive,37.8160125588697,10.344751660894449,37.8160125588697,0.6833119892885613,True,True,True
269,274,2.58863777241348,-2.58863777241348,0.05,tolerant,12.251149425287355,11.226959394706077,12.251149425287355,0.30430117201148976,True,True,True
270,275,4.389155647117274,-4.389155647117274,0.4,sensitive,67.68793103448276,6.327450262103488,67.68793103448276,0.8017373191194396,True,True,True
271,276,1.6498268187983445,-1.6498268187983445,0.0,tolerant,19.782183908045976,2.498905851685738,19.782183908045976,0.2947623021188073,True,True,True
272,277,1.3571644190706817,-1.3571644190706817,0.0,tolerant,0.42873563218390803,10.786497079770326,10.786497079770326,0.28011719310786504,True,True,True
273,278,6.085149670883081,-6.085149670883081,0.8,sensitive,0.0,13.506114951356889,13.506114951356889,0.03154581930907521,False,True,True
274,279,4.335368959799668,-4.335368959799668,0.55,sensitive,0.0,0.0,0.0,0.017699063229150016,False,False,False
275,280,4.186319506675515,-4.186319506675515,0.4,sensitive,0.0,11.158472996537514,11.158472996537514,0.07679511041962621,False,True,True
276,281,2.8766665296765384,-2.8766665296765384,0.2,tolerant,0.08764367816091954,14.958473558909992,14.958473558909992,0.31658305339873183,True,True,True
277,282,2.3626236315517892,-2.3626236315517892,0.05,tolerant,0.0,1.518181818181818,1.518181818181818,0.09354523181799797,False,True,True
278,283,3.29851638929528,-3.29851638929528,0.3,sensitive,0.0,0.0,0.0,0.013250507209899053,False,False,False
279,284,3.467588709823172,-3.467588709823172,0.1,sensitive,0.6554890219560878,12.745038942427248,12.745038942427248,0.15598531123848916,True,True,True
280,285,2.734813760480693,-2.734813760480693,0.05,tolerant,0.0,21.084800471508252,21.084800471508252,0.3114417071599664,False,True,True
281,286,4.780889929297757,-4.780889929297757,0.7,sensitive,0.0,0.0,0.0,0.0,False,False,False
282,287,5.556544159445348,-5.556544159445348,0.75,sensitive,0.0,0.0,0.0,0.0,False,False,False
283,288,2.802096599363607,-2.802096599363607,0.05,tolerant,19.6063872255489,12.83840095177856,19.6063872255489,0.27979585171558835,True,True,True
284,289,3.7348255615298007,-3.7348255615298007,0.25,tolerant,2.354310344827586,13.871089212811224,13.871089212811224,0.3966357635303377,True,True,True
285,290,5.427951961698577,-5.427951961698577,0.7,sensitive,0.19940119760479044,29.619789073987366,29.619789073987366,0.03849553379866061,True,True,True
286,291,5.0307606660440545,-5.0307606660440545,0.6,sensitive,70.8431137724551,23.640700547081,70.8431137724551,0.4991239999853748,True,True,True
287,292,3.187789706324737,-3.187789706324737,0.0,tolerant,85.82814371257486,10.172653792088683,85.82814371257486,0.6555758552267529,True,True,True
288,293,5.12385440314873,-5.12385440314873,0.65,sensitive,76.22774451097804,5.2722169170698585,76.22774451097804,0.733204166270443,True,True,True
289,294,4.248740568763314,-4.248740568763314,0.5,sensitive,97.07365269461079,34.76111111111111,97.07365269461079,0.09195138700811546,True,True,True
290,295,4.689085905384891,-4.689085905384891,0.5,sensitive,53.60359281437126,10.539235413740276,53.60359281437126,0.2068807556388593,True,True,True
291,296,4.086302450278266,-4.086302450278266,0.3,sensitive,16.8500998003992,7.487372594725536,16.8500998003992,0.5784089534350404,True,True,True
292,297,3.635026156713922,-3.635026156713922,0.2,sensitive,0.0375249500998004,14.76825980392157,14.76825980392157,0.344291989656184,True,True,True
293,298,5.268416175575356,-5.268416175575356,0.7,sensitive,0.0,0.0,0.0,0.0060081005773130166,False,False,False
294,299,4.34265899708298,-4.34265899708298,0.4,sensitive,85.15489021956087,0.9958781362007169,85.15489021956087,0.022440957749895005,True,True,True
295,300,2.212286090644488,-2.212286090644488,0.0,tolerant,0.0,10.400360105580694,10.400360105580694,0.20595209885952062,False,True,True
296,301,5.129168431795298,-5.129168431795298,0.6,sensitive,0.0,18.40448416345705,18.40448416345705,0.1501890083496898,False,True,True
297,302,2.865841850448242,-2.865841850448242,0.2,sensitive,0.0,0.0,0.0,0.053793710188300835,False,False,False
298,303,4.708564126374516,-4.708564126374516,0.5,sensitive,0.0,6.75,6.75,0.02082117613861925,False,True,True
299,304,4.705319324507036,-4.705319324507036,0.6,sensitive,0.0,0.0,0.0,0.028008126886905443,False,False,False
300,305,5.203103779719186,-5.203103779719186,0.65,sensitive,0.0,0.0,0.0,0.006912638864920777,False,False,False
301,306,6.369991045928021,-6.369991045928021,0.9,sensitive,0.0,0.0,0.0,0.04644723907845832,False,False,False
302,307,6.08087888441772,-6.08087888441772,0.8,sensitive,0.0,50.0,50.0,0.0,False,True,True
303,308,4.413204984380622,-4.413204984380622,0.4,sensitive,0.0,0.0,0.0,0.007021094279301839,False,False,False
304,309,5.378035228439241,-5.378035228439241,0.7,sensitive,0.0,0.0,0.0,0.028084377117207356,False,False,False
305,310,4.676049919506013,-4.676049919506013,0.6,sensitive,0.0,10.070178260192966,10.070178260192966,0.20957811431520293,False,True,True
306,311,3.619356198382743,-3.619356198382743,0.2,sensitive,0.0,21.872337962962963,21.872337962962963,0.012739719635609723,False,True,True
307,312,2.8349736127576777,-2.8349736127576777,0.15,tolerant,0.0,17.135361721611723,17.135361721611723,0.4633039067826094,False,True,True
308,313,4.803275532653542,-4.803275532653542,0.55,sensitive,0.0,20.07287774725275,20.07287774725275,0.3080442760892535,False,True,True
309,314,3.9035666055295457,-3.9035666055295457,0.4,sensitive,0.0,24.432812499999997,24.432812499999997,0.03620167250210248,False,True,True
310,315,2.559555859505976,-2.559555859505976,0.15,tolerant,0.0,18.306659226190476,18.306659226190476,0.22379098737699757,False,True,True
311,316,2.9336400967238427,-2.9336400967238427,0.1,tolerant,0.0,18.78192085692086,18.78192085692086,0.522035944483966,False,True,True
312,317,5.559867139668399,-5.559867139668399,0.65,sensitive,0.0,14.260228771228771,14.260228771228771,0.05629298339901391,False,True,True
313,318,4.03592554763313,-4.03592554763313,0.4,sensitive,0.0,0.0,0.0,0.01148925313312839,False,False,False
314,319,2.1888843161499656,-2.1888843161499656,0.05,tolerant,0.0,11.934500846375846,11.934500846375846,0.34354066856714455,False,True,True
315,320,3.9727077168281775,-3.9727077168281775,0.25,sensitive,0.0,9.255674825174825,9.255674825174825,0.3746025495620509,False,True,True
316,321,5.025018204278998,-5.025018204278998,0.55,sensitive,0.0,14.440503385503385,14.440503385503385,0.18738521048630535,False,True,True
317,322,3.898425988715021,-3.898425988715021,0.3,sensitive,0.0,0.0,0.0,0.02452036986883079,False,False,False
318,323,1.7872922579269193,-1.7872922579269193,0.0,tolerant,0.0,4.340581611444989,4.340581611444989,0.4172032121555474,False,True,True
319,324,1.8462950632257313,-1.8462950632257313,0.0,tolerant,0.0,12.741521169988912,12.741521169988912,0.6435849175673425,False,True,True
320,325,3.667196587422166,-3.667196587422166,0.25,sensitive,0.0,16.464153156475263,16.464153156475263,0.3282351009092245,False,True,True
321,326,3.840030949667157,-3.840030949667157,0.4,sensitive,0.0,19.74299967431415,19.74299967431415,0.06644707125970359,False,True,True
322,327,5.113733825256661,-5.113733825256661,0.6,sensitive,53.46806387225549,7.810212639498875,53.46806387225549,0.4826637047713576,True,True,True
323,328,2.3425507772481273,-2.3425507772481273,0.0,tolerant,1.5722554890219562,8.808515716456103,8.808515716456103,0.7538902185993097,True,True,True
324,329,2.6799314730021235,-2.6799314730021235,0.0,tolerant,31.09061876247505,8.367784570128023,31.09061876247505,0.6633170418436571,True,True,True
325,330,3.2957149504677794,-3.2957149504677794,0.0,sensitive,59.69081836327345,2.7537142857142856,59.69081836327345,0.3129488545894462,True,True,True
326,331,3.466614882287357,-3.466614882287357,0.2,sensitive,0.0,8.156752854988149,8.156752854988149,0.6022526299764579,False,True,True
327,332,4.202053374264831,-4.202053374264831,0.55,sensitive,0.0,10.944036630036631,10.944036630036631,0.08479735859622911,False,True,True
328,333,4.058988951191632,-4.058988951191632,0.35,sensitive,0.0,13.715790200695661,13.715790200695661,0.4613908037794616,False,True,True
329,334,4.026716751575977,-4.026716751575977,0.4,sensitive,0.0,14.160042289886041,14.160042289886041,0.1366631715408386,False,True,True
330,335,2.9060278401191977,-2.9060278401191977,0.05,tolerant,0.0,21.2341573873139,21.2341573873139,0.1900328664834386,False,True,True
331,336,3.692663470490899,-3.692663470490899,0.25,sensitive,0.0,19.07504546515576,19.07504546515576,0.3088550879950114,False,True,True
332,337,4.176930211979906,-4.176930211979906,0.25,sensitive,0.0,16.26213872338233,16.26213872338233,0.227137148854542,False,True,True
333,338,4.189454768789608,-4.189454768789608,0.35,sensitive,0.0,17.60489536371748,17.60489536371748,0.6555266989424824,False,True,True
334,339,4.106631399634249,-4.106631399634249,0.4,sensitive,0.0,25.692808943890057,25.692808943890057,0.46699225369094377,False,True,True
335,340,4.184326289172595,-4.184326289172595,0.35,sensitive,0.0,12.466950113378687,12.466950113378687,0.10776236085143939,False,True,True
336,341,4.184622770897785,-4.184622770897785,0.35,sensitive,0.0,16.78552489585578,16.78552489585578,0.1833525058047956,False,True,True
337,342,3.9363140091949615,-3.9363140091949615,0.3,sensitive,0.0,29.443014612021965,29.443014612021965,0.3211497987672044,False,True,True
338,343,3.8968403400475653,-3.8968403400475653,0.35,sensitive,0.0,7.3569677871148444,7.3569677871148444,0.07000489956518968,False,True,True
339,344,4.324000885906092,-4.324000885906092,0.5,sensitive,0.0,0.0,0.0,0.08250212299138966,False,False,False
340,345,5.45098204070566,-5.45098204070566,0.7,sensitive,0.0,15.417023809523808,15.417023809523808,0.004237291986104969,False,True,True
341,346,3.3821367187484723,-3.3821367187484723,0.2,sensitive,0.0,32.37978443796874,32.37978443796874,0.1961629589506463,False,True,True
342,347,5.367154169747499,-5.367154169747499,0.65,sensitive,0.0,35.15957049486462,35.15957049486462,0.0,False,True,True
343,348,5.124918959846731,-5.124918959846731,0.65,sensitive,0.0,0.6625,0.6625,0.0,False,True,True
344,349,4.93887755628239,-4.93887755628239,0.6,sensitive,0.0,45.17959325396825,45.17959325396825,0.062213749784286995,False,True,True
345,350,4.065991815445383,-4.065991815445383,0.4,sensitive,0.01916167664670659,39.23634675883757,39.23634675883757,0.3494152706308387,True,True,True
346,351,4.665430218934422,-4.665430218934422,0.6,sensitive,57.367065868263474,19.124075189516365,57.367065868263474,0.06608910635044318,True,True,True
347,352,3.891060710033416,-3.891060710033416,0.35,sensitive,0.0,4.009642857142857,4.009642857142857,0.11628237470448129,False,True,True
348,353,4.021302084080874,-4.021302084080874,0.4,sensitive,0.0,22.690717769951117,22.690717769951117,0.4289299550138917,False,True,True
349,354,4.716379548075795,-4.716379548075795,0.45,sensitive,22.429940119760477,39.292939827446126,39.292939827446126,0.3417842742402888,True,True,True
350,355,3.2490765887982427,-3.2490765887982427,0.2,sensitive,0.08363273453093813,19.202146599943546,19.202146599943546,0.6793499942693596,True,True,True
351,356,4.089714849428728,-4.089714849428728,0.2,sensitive,30.07644710578842,20.676558423472695,30.07644710578842,0.5241522316808219,True,True,True
352,357,5.516697284224544,-5.516697284224544,0.75,sensitive,87.25449101796407,16.328072653989608,87.25449101796407,0.055349626568496166,True,True,True
353,358,3.2550292459011714,-3.2550292459011714,0.3,tolerant,0.0,8.577915533200459,8.577915533200459,0.4037526288427226,False,True,True
354,359,2.4693584935342634,-2.4693584935342634,0.0,tolerant,1.0165668662674652,12.999028104394439,12.999028104394439,0.6419721995684081,True,True,True
355,360,3.2518586329693853,-3.2518586329693853,0.2,tolerant,28.867265469061877,18.109275856283528,28.867265469061877,0.3802204512791903,True,True,True
356,361,3.6082370047426915,-3.6082370047426915,0.3,tolerant,0.0,19.30852665852666,19.30852665852666,0.09755022180514739,False,True,True
357,362,4.374509505724403,-4.374509505724403,0.6,sensitive,0.0,19.40989010989011,19.40989010989011,0.006130092467207697,False,True,True
358,363,2.6996898768218647,-2.6996898768218647,0.05,tolerant,0.0,26.38388736263736,26.38388736263736,0.31481368951123156,False,True,True
359,364,3.6789691191301253,-3.6789691191301253,0.05,sensitive,0.0,7.559624583152809,7.559624583152809,0.2751569250379931,False,True,True
360,365,2.030504127626397,-2.030504127626397,0.0,tolerant,0.0,11.154420579420579,11.154420579420579,0.5096299421728412,False,True,True
361,366,3.6558956805099263,-3.6558956805099263,0.2,sensitive,0.0,11.152793768731268,11.152793768731268,0.24276019050582806,False,True,True
362,367,4.567972004247201,-4.567972004247201,0.6,sensitive,0.0,18.858510637025027,18.858510637025027,0.09939702914521567,False,True,True
363,368,2.9259867410431544,-2.9259867410431544,0.0,tolerant,0.0,13.327760657329843,13.327760657329843,0.6025805201564367,False,True,True
364,369,4.456476296769861,-4.456476296769861,0.55,sensitive,0.0,8.044597718563326,8.044597718563326,0.5924461070804194,False,True,True
365,370,1.7775685942532458,-1.7775685942532458,0.0,tolerant,0.0,10.97373083872085,10.97373083872085,0.2879261965045959,False,True,True
366,371,5.562128970956662,-5.562128970956662,0.8,sensitive,0.0,21.307729994400617,21.307729994400617,0.22894658539252305,False,True,True
367,372,3.4379539020257477,-3.4379539020257477,0.15,sensitive,0.0,16.01897491300492,16.01897491300492,0.2886155484875272,False,True,True
368,373,2.159206457352754,-2.159206457352754,0.0,tolerant,0.14755747126436783,11.983672904156775,11.983672904156775,0.390995487210211,True,True,True
369,374,4.220397431339798,-4.220397431339798,0.45,sensitive,0.0,16.624369172494173,16.624369172494173,0.030650462336038485,False,True,True
370,375,4.177143029839323,-4.177143029839323,0.6,sensitive,0.0,0.0,0.0,0.0,False,False,False
371,376,4.047814369991062,-4.047814369991062,0.5,sensitive,0.12385057471264369,12.202728180909999,12.202728180909999,0.2832408885595937,True,True,True
372,377,3.1205880175818597,-3.1205880175818597,0.15,tolerant,0.06766467065868263,16.204201386848446,16.204201386848446,0.6584015505780714,True,True,True
373,378,4.1627419535352255,-4.1627419535352255,0.35,sensitive,3.560079840319361,15.663651507222934,15.663651507222934,0.27101699813589225,True,True,True
374,379,4.403768290959079,-4.403768290959079,0.6,sensitive,5.383033932135729,16.74758982031041,16.74758982031041,0.07220591406373843,True,True,True
375,380,4.181734373167773,-4.181734373167773,0.65,sensitive,31.45269461077844,16.25363986153902,31.45269461077844,0.4993343182191552,True,True,True
