Residue,GEMME_mean
1,0.027865883839402757
2,0.08868071225666235
3,0.13326822321536955
4,0.14928679234823344
5,0.011100356046035391
6,0.05275157303034285
7,0.2781370684658407
8,0.5157258973305948
9,0.6798997331009345
10,0.29093509323381556
11,0.6854083795923159
12,0.5110805061214915
13,0.7339516333533253
14,0.6232253110466215
15,0.5280749920057866
16,0.2839131686598375
17,0.2158889332839151
18,0.5377485482924128
19,0.5322779404975704
20,0.751204446457162
21,0.46171625615677114
22,0.48206429472066414
23,0.6259303232154495
24,0.46709504523482553
25,0.3827578678710815
26,0.3111308226620333
27,0.8184985224540906
28,0.38501077772899456
29,0.4067510127523545
30,0.4450643161644696
31,0.5808834649652924
32,0.5709239228068104
33,0.4625618287434458
34,0.5387036824129763
35,0.5500813025089202
36,0.7532209300744709
37,0.32078990707932126
38,0.5784766615352787
39,0.3200770446666383
40,0.17161704377902867
41,0.06998884276900431
42,0.23723671200863808
43,0.22033883799335086
44,0.45528565879224725
45,0.29831349252690137
46,0.5230539140173966
47,0.3020955866521659
48,0.25475788874286903
49,0.1820504618905901
50,0.49226229324184306
51,0.4728799473080621
52,0.20394711980060257
53,0.5956224141866102
54,0.5321567484947008
55,0.7643374255024852
56,0.4488464244607617
57,0.5193258663933753
58,0.6828483898413705
59,0.3945556483239091
60,0.2592027673819686
61,0.5316941139718451
62,0.6012109747264086
63,0.6793042715254094
64,0.44395297518738297
65,0.7091542721329727
66,0.24987114318573256
67,0.5821718188401287
68,0.3409678891584442
69,0.6509993021461111
70,0.8596486769785936
71,0.5711111517792395
72,0.5309506532073519
73,0.5900020652242071
74,0.8137470699190728
75,0.5645805656712312
76,0.6869112377393685
77,0.33373407339792865
78,0.5547566042378773
79,0.8241229379376308
80,0.5914643134347343
81,0.581509690072683
82,0.7237100806820423
83,0.5800415445883951
84,0.4834275069229355
85,0.6150212934136584
86,0.7799127367358205
87,0.3825905990591347
88,0.6905245096226353
89,0.5277054651723629
90,0.6101984609375151
91,0.346766377613952
92,0.506746964591824
93,0.560304638376108
94,0.799095808716007
95,0.5551891483066582
96,0.5205799080129938
97,0.2937569834050209
98,0.7027201171232195
99,0.45046221671570874
100,0.5732714639845359
101,0.37161552678189985
102,0.5413860015602148
103,0.4209516387977038
104,0.6583298868326636
105,0.5312514851663459
106,0.7932896248166794
107,0.7248625634872843
108,0.5824255084033991
109,0.8113641803578999
110,0.42611811378682124
111,0.7920517664014931
112,0.7828799439583153
113,0.6666059943346206
114,0.19029300283941825
115,0.7112963482427773
116,0.7084213384670536
117,0.827249845270846
118,0.6004785320152737
119,0.7592763473465538
120,0.5436553406628133
121,0.5207262873665458
122,0.6955835615554369
123,0.49199035796750606
124,0.8381518778160675
125,0.7557144592557472
126,0.34689022417807924
127,0.8614234353385261
128,0.3488315261431339
129,0.27511415165918485
130,0.8161220792279397
131,0.6256832169169542
132,0.44503048740834206
133,0.7660457189082616
134,0.5979068917173432
135,0.37443339855382046
136,0.6025352380674707
137,0.6070932869942322
138,0.7469804869033868
139,0.6212825896446761
140,0.8457464276258951
141,0.6835351189952557
142,0.8595623685946272
143,0.7657135829746635
144,0.587370580197792
145,0.6158490424881291
146,0.8354155378387325
147,0.6468689741050682
148,0.5953770224366588
149,0.714841020359222
150,0.95766484528205
151,0.40171485565950593
152,0.8088277659129124
153,0.3238583137361066
154,0.7139084052339811
155,0.5792920704826484
156,0.944236742100932
157,0.6466694423653853
158,0.8062433181270502
159,0.700797454631468
160,0.5090478875847753
161,0.6289651634140623
162,0.2661396838718236
163,0.7981846062651791
164,0.959905040388578
165,0.6431963166504957
166,0.6519086509421305
167,0.6790624589154565
168,0.9313925025745194
169,0.5289533944700675
170,0.377904141590387
171,0.6766705242500158
172,0.6081699018357676
173,0.5021199438529981
174,0.6717343962172183
175,0.56178373174816
176,0.05837214459207839
177,0.6408814686642249
178,0.47112048439317966
179,0.48951112722514223
180,0.6740305354854508
181,0.8151910426230851
182,1.0
183,0.5919441116087474
184,0.5865030673343856
185,0.7506921969307422
186,0.7570354661837929
187,0.23450360469639117
188,0.31325454539210834
189,0.5584731265522539
190,0.267394032757029
191,0.4041933922638185
192,0.4445868823755072
193,0.7807092083203951
194,0.21865653789739234
195,0.6009827370428743
196,0.453162964209761
197,0.8041240091638202
198,0.4455493647249212
199,0.13730706155714228
200,0.5902258360003855
201,0.2398916050344936
202,0.6226643283253035
203,0.3868813437115745
204,0.5541795968285748
205,0.6835324567260584
206,0.3275056241032225
207,0.7517340333216987
208,0.6555827888995801
209,0.6376880310320506
210,0.6187762965016966
211,0.6794989277774819
212,0.6379158665147335
213,0.882539509304065
214,0.8270018939023023
215,0.6432140799114844
216,0.5455323841709966
217,0.5919924786118729
218,0.8254612750088617
219,0.5844907600373753
220,0.7635700964948853
221,0.26665959211242024
222,0.7149907897014753
223,0.5118136332207829
224,0.3340915054943307
225,0.13470318094470288
226,0.6209561806520593
227,0.4092408626058648
228,0.0
229,0.1527860695491695
230,0.34629749663454495
231,0.13282307270929003
232,0.05755268679711353
233,0.3421043418499017
234,0.23859960868281985
235,0.12487334904150302
236,0.2001965650519981
237,0.4582414320273006
238,0.4688089096558116
239,0.1860289010329365
240,0.7849980888889351
241,0.5630994270004709
242,0.8333200418192962
243,0.9997665920964174
244,0.7864950796211345
245,0.7995965922224674
246,0.42119372000859095
247,0.3411662212114332
248,0.7076250928463098
249,0.3994618270144131
250,0.5705918509669405
251,0.5609201024698286
252,0.358984626335227
253,0.6182398966566875
254,0.6274885512413236
255,0.8112587112996082
256,0.5496259122530645
257,0.5151087324959114
258,0.6693243132258522
259,0.8323174797577689
260,0.3003606251515464
261,0.6246255096147477
262,0.7594476923636965
263,0.3793933082134718
264,0.8470668037046113
265,0.178202168508044
266,0.19148188181779163
267,0.2938480175014475
268,0.7255544919275136
269,0.23343259879445424
270,0.5497350149958676
271,0.0685088414928659
272,0.017095953309019005
273,0.8476754104326717
274,0.5402861450917977
275,0.5141021772350917
276,0.2840314810037095
277,0.19372801165615652
278,0.3581391206702061
279,0.3878405661526899
280,0.2591117763610167
281,0.6185521601647249
282,0.7548136827963134
283,0.2709315559958383
284,0.4347868714798564
285,0.7322235028134318
286,0.6624477075965344
287,0.33868742965752324
288,0.6788017657223235
289,0.5250678738480606
290,0.602424669852845
291,0.49653187868695464
292,0.4172548084427602
293,0.7041973691491562
294,0.5415668079717979
295,0.16731776152599284
296,0.6797352971936228
297,0.2821298768915712
298,0.6058464677971377
299,0.6052764436473093
300,0.6927237431955068
301,0.8977143555754238
302,0.8469251484680155
303,0.553959834749846
304,0.7234544794337519
305,0.600134598818846
306,0.41450201950821947
307,0.27670716029287523
308,0.6224847067553695
309,0.4644301206135253
310,0.22832369126865937
311,0.29404019970062345
312,0.7553974407741191
313,0.4876820159606424
314,0.16320670108054408
315,0.47657634857930187
316,0.6614389119845884
317,0.46352705292281016
318,0.09265781060416087
319,0.1030230117170607
320,0.4229062852240899
321,0.4532686199438797
322,0.6770238532197094
323,0.19020175268060943
324,0.24947043906577443
325,0.35764698344545104
326,0.3876694909265732
327,0.5168661933021427
328,0.49173363376120593
329,0.4860642789283663
330,0.28918947113884247
331,0.4273801295335136
332,0.5124527314615321
333,0.5146529582054142
334,0.5001031266542606
335,0.5137520226928646
336,0.5138041065334945
337,0.4701829559778495
338,0.46324849722957934
339,0.5382890811966751
340,0.7362692663893408
341,0.3728289566452888
342,0.7215429709708918
343,0.6789887796145442
344,0.6463063240345992
345,0.4929638480872682
346,0.5982690039267751
347,0.4622331721589929
348,0.48511306792641495
349,0.60721942654555
350,0.34945388151016643
351,0.49713134515796226
352,0.7478136618093013
353,0.3504996027723255
354,0.21247844741261096
355,0.3499426116170289
356,0.41254867715934745
357,0.547162083076847
358,0.252941457574544
359,0.4249744014457342
360,0.13538357473880674
361,0.4209210207555564
362,0.5811482248346401
363,0.2926957115798106
364,0.5615614369628614
365,0.09094962522176434
366,0.7557947835117663
367,0.38263452991073804
368,0.1579931019393599
369,0.5200887492441121
370,0.5124901178180302
371,0.4897705613121968
372,0.32688190591303706
373,0.5099602372237395
374,0.5523020622988631
375,0.5132966929755461
