interaction_id,chain,protein,residue_number,ligand_name,contact_area_same_domain,contact_area_other_domain
1036,B,8viz_G,807,CA,22.5,8.5
1050,B,8viz_G,808,CA,25.3,7.7
1187,A,9qfw_E,402,ADP,412.6,0.2
1205,A,9qfw_D,402,ADP,403.4,0.2
125,A,8iai_C,401,ADP,409.9,17.6
1254,A,9qfq_E,402,ADP,407.9,0.2
1271,A,9qfq_D,402,ADP,403.3,1.1
1561,B,5ogw_E,403,9UE,273.9,27.5
1576,A,5ogw_C,403,9UE,271.9,185.1
1615,A,5ogw_A,403,9UE,275.9,27.9
1616,B,5ogw_C,403,9UE,280.4,24.9
1617,A,5ogw_A,403,9UE,268.4,192.5
1618,B,5ogw_E,403,9UE,266.8,193.0
1656,A,6tu4_D,402,9UE,288.5,156.2
1695,B,6tu4_C,402,9UE,290.9,156.2
1696,A,6tu4_B,402,9UE,296.5,31.6
1720,B,6tu4_B,402,9UE,287.9,158.2
1721,B,6tu4_C,402,9UE,299.9,30.4
1722,A,6tu4_A,402,9UE,288.1,163.0
1723,A,6tu4_A,402,9UE,297.2,29.8
1795,A,6tu7_CP1,403,9UE,290.1,161.5
1796,B,6tu7_EP1,403,9UE,296.6,30.0
1814,A,6tu7_BP1,403,9UE,289.4,163.4
1815,A,6tu7_BP1,403,9UE,296.6,30.0
1816,B,6tu7_EP1,403,9UE,289.6,162.9
1859,B,7aln_E,403,9UE,289.6,31.0
1882,A,7aln_C,403,9UE,282.1,180.8
1923,A,7aln_A,403,9UE,283.1,30.7
1924,B,7aln_C,403,9UE,289.7,32.9
1925,A,7aln_A,403,9UE,273.2,191.3
1926,B,7aln_E,403,9UE,280.5,182.5
2068,A,7z7i_C,403,AR6,88.4,149.1
2085,A,7z7i_E,403,AR6,88.6,141.2
2109,B,8cco_F,401,9UE,305.4,167.5
2118,A,7z7i_D,403,AR6,88.6,141.2
2125,B,8cco_E,401,9UE,305.5,167.1
2126,B,8cco_F,401,9UE,310.7,35.4
2148,B,8cco_D,401,9UE,305.5,167.3
2149,B,8cco_E,401,9UE,310.7,35.4
2172,B,8cco_C,401,9UE,305.5,167.1
2173,B,8cco_D,401,9UE,310.7,35.4
2193,B,8cco_B,401,9UE,305.4,167.5
2194,B,8cco_C,401,9UE,310.7,35.5
2230,A,7z7h_D,403,AR6,44.4,371.9
226,A,8iah_J,401,ADP,411.0,18.4
256,A,8iah_I,401,ADP,420.0,10.1
2753,A,7k20_B,803,1T4,227.5,98.1
2763,A,7k20_A,803,1T4,224.8,97.9
28,A,8iai_G,401,ADP,406.3,18.3
2810,A,7k21_B,804,1T4,235.7,84.2
2824,A,7k21_A,804,1T4,224.7,89.8
3092,A,7p1g_E,402,ADP,367.3,10.7
311,A,8iah_G,401,ADP,413.2,14.3
3110,A,7p1g_D,402,ADP,367.3,10.7
3128,A,7p1g_B,402,ADP,367.3,10.7
3144,A,7p1g_A,402,ADP,367.3,10.7
3159,A,7p1g_C,402,ADP,367.3,10.7
331,A,8iah_F,401,ADP,427.9,4.9
3383,A,6t23_B,379,9ZK,254.8,50.5
3383,B,6t23_C,379,9ZK,229.6,349.9
3388,B,7ahn_B,404,RLZ,335.3,92.7
3395,A,6t23_A,379,9ZK,254.8,50.5
3395,B,6t23_B,379,9ZK,229.6,349.9
3401,B,7ahn_D,404,RLZ,336.3,277.6
3414,A,7ahn_A,404,RLZ,301.7,105.2
3414,A,7ahn_A,405,RLZ,345.4,276.7
3425,A,6t23_D,379,9ZK,254.8,50.5
3425,B,6t23_E,379,9ZK,229.6,349.9
3427,A,6t23_D,379,9ZK,229.6,349.9
3427,B,6t23_C,379,9ZK,254.8,50.5
3430,B,7ahn_A,405,RLZ,348.6,83.5
3431,A,7ahn_C,404,RLZ,354.7,80.6
3432,A,7ahn_C,404,RLZ,350.5,274.4
3433,B,7ahn_B,404,RLZ,337.5,278.8
3461,A,6t24_B,379,9ZK,230.8,355.7
3461,B,6t24_A,379,9ZK,255.9,47.3
3467,A,7ahq_D,405,RLZ,290.4,355.0
3467,B,7ahq_E,401,RLZ,156.1,373.0
3480,A,6t24_C,379,9ZK,230.8,355.7
3480,B,6t24_B,379,9ZK,256.0,47.3
3486,B,7ahq_D,401,RLZ,148.9,373.0
3487,B,7ahq_E,401,RLZ,142.8,295.4
3501,A,6t24_D,379,9ZK,230.8,355.7
3501,B,6t24_C,379,9ZK,255.9,47.3
3507,B,7ahq_C,401,RLZ,141.8,372.9
3508,B,7ahq_D,401,RLZ,136.4,294.4
3520,A,6t24_E,379,9ZK,230.8,355.7
3520,B,6t24_D,379,9ZK,255.9,47.3
3525,A,7ahq_A,404,RLZ,372.8,135.7
3526,B,7ahq_C,401,RLZ,130.4,291.5
360,A,8iah_E,401,ADP,413.7,10.4
3981,A,5ood_D,404,9ZK,291.2,192.5
4020,B,5ood_A,405,9ZK,299.1,29.8
4021,A,5ood_C,404,9ZK,291.2,192.5
4022,A,5ood_C,404,9ZK,299.1,29.9
4045,A,5ood_B,404,9ZK,291.2,192.5
4046,B,5ood_A,403,9ZK,209.2,38.4
4046,B,5ood_A,405,9ZK,291.2,192.5
4047,A,5ood_B,404,9ZK,299.1,29.9
407,A,8iah_C,401,ADP,412.3,18.3
4087,B,5ooc_D,403,9ZK,306.0,203.4
4107,A,5ooc_B,403,9ZK,313.4,36.6
4121,B,5ooc_B,403,9ZK,306.0,203.4
4122,A,5ooc_C,403,9ZK,313.4,36.6
4123,A,5ooc_C,403,9ZK,306.0,203.4
4137,A,5ooc_A,404,9ZK,313.4,36.6
4138,A,5ooc_A,402,9ZK,225.2,50.2
4138,A,5ooc_A,404,9ZK,306.0,203.4
4262,A,5yu8_A,402,ADP,404.5,1.1
4289,A,5yu8_C,402,ADP,404.5,1.3
429,A,8iah_B,401,ADP,423.4,21.8
4328,A,5yu8_B,402,ADP,404.5,1.2
4417,A,8p94_J,401,ADP,364.6,36.0
448,A,8iah_A,401,ADP,408.7,1.1
4540,A,8iai_K,401,ADP,424.5,6.3
4563,A,8iai_J,401,ADP,425.2,9.2
4581,A,8iai_I,401,ADP,416.0,13.0
501,A,3tpq_A,1377,ATP,450.7,12.7
68,B,9ug2_B,403,CA,17.4,10.2
78,A,8iai_E,401,ADP,417.1,15.1
910,A,4b1z_C,1376,ATP,464.2,11.0
911,A,4b1z_C,1378,GOL,119.4,0.1
911,A,4b1z_C,1379,GOL,61.1,65.5
922,B,8vkh_G,804,CA,25.2,4.0
926,A,4b1z_B,1376,ATP,453.1,16.6
93,B,9ug2_A,403,CA,19.3,14.1
939,B,8vkh_H,804,CA,25.3,4.1
965,A,4b1z_F,1378,GOL,111.4,34.8
966,A,4b1z_F,1376,ATP,463.0,12.4
966,B,4b1z_N,1529,GOL,63.8,70.2
968,B,4b1z_C,1378,GOL,119.3,0.3
989,A,4b1z_E,1376,ATP,454.7,16.0
991,B,4b1z_F,1376,ATP,470.9,0.2
992,B,4b1z_C,1379,GOL,62.4,15.0
