file,status,producer,sha256,note,automatic_action
data/annotations/entity_annotations.csv,current,structure_annotations,05584af0590e90675af6e3a15cabf906e28206fc33da1458548af0ea0a536966,Locally reproducible from the inputs listed in its build receipt; upstream source limitations still apply.,Rebuilt automatically when its sources or code change
data/annotations/structure_annotations.csv,current,structure_annotations,5bb852a059f8ec77a53de4a8b9bf06aa5fa37ca515268d061422671bb86fd126,Locally reproducible from the inputs listed in its build receipt; upstream source limitations still apply.,Rebuilt automatically when its sources or code change
data/exports/abp_site_domain/abp_interpro.csv,producer recipe found; historical build unverified,script/abp_site_domain/03_interpro.py,6e440a61624a4a7b9da072f55cc45861d4669d5977197f05792f738967ea749f,The producing code is present. No original input/code/output receipt proves how this historical copy was built.,Existing source pipeline; outside the offline result rebuild (historical execution not certified)
data/exports/abp_site_domain/abp_master.csv,current,abp_cross_tables,d34dc0c08af1cfecdb864fadca6126b3417c32b3bbf56bb3cc9596851a20d760,Locally reproducible from the inputs listed in its build receipt; upstream source limitations still apply.,Rebuilt automatically when its sources or code change
data/exports/abp_site_domain/abp_representatives.csv,current,abp_catalog,c19c5fc3837f033858e66072c4bc652e0fa664afbe2864581a4a06594d99ce32,Locally reproducible from the inputs listed in its build receipt; upstream source limitations still apply.,Rebuilt automatically when its sources or code change
data/exports/abp_site_domain/abp_site_table.csv,current,abp_catalog,35ca2deff6b2c8085baab47cc93ded3caf94f31003e3a3e2c857cad8a2179068,Locally reproducible from the inputs listed in its build receipt; upstream source limitations still apply.,Rebuilt automatically when its sources or code change
data/exports/abp_site_domain/actin_footprint_overlap.csv,current,abp_footprints,7d91c05e98c683b0bc75a00188d1cb1baf0b39c40e0ce902e315ef46da8dffb6,Locally reproducible from the inputs listed in its build receipt; upstream source limitations still apply.,Rebuilt automatically when its sources or code change
data/exports/abp_site_domain/actin_residue_determinants.csv,current,abp_determinants,8271c445af80089d85ed4bd64c1310e687863d2b7623565ea633ff606f51de51,Locally reproducible from the inputs listed in its build receipt; upstream source limitations still apply.,Rebuilt automatically when its sources or code change
data/exports/abp_site_domain/convergences_inter_familles.csv,current,abp_families,310a03a1d1fd1656741e0cba51e39e7604da6ecd6625c289521da3ebce7c243c,Locally reproducible from the inputs listed in its build receipt; upstream source limitations still apply.,Rebuilt automatically when its sources or code change
data/exports/abp_site_domain/familles.csv,current,abp_families,327b8421de2b7c2be100d9e7f44df5cce3c6af07bc7552a449871689f85daf5a,Locally reproducible from the inputs listed in its build receipt; upstream source limitations still apply.,Rebuilt automatically when its sources or code change
data/exports/abp_site_domain/folddisco_discovery.csv,producer recipe found; historical build unverified,script/abp_site_domain/14_folddisco_discovery.py,3655ff34fdec481ef3221cbd8c0819a200e476292daff327c8eba729a50f172d,The producing code is present. No original input/code/output receipt proves how this historical copy was built.,Existing source pipeline; outside the offline result rebuild (historical execution not certified)
data/exports/abp_site_domain/folddisco_interface.csv,producer recipe found; historical build unverified,script/abp_site_domain/13_folddisco_interface.py,2be41d3c0882061512a42c60e4fa3e03d306e9b69113f589e2ee497e7dd68836,The producing code is present. No original input/code/output receipt proves how this historical copy was built.,Existing source pipeline; outside the offline result rebuild (historical execution not certified)
data/exports/abp_site_domain/folddisco_names.csv,producer recipe found; historical build unverified,script/abp_site_domain/14b_resolve_names.py,438f7a17c48dac681751c556f81a5ee3dc9bdd9e773c23202623e3b06b128bf8,The producing code is present. No original input/code/output receipt proves how this historical copy was built.,Existing source pipeline; outside the offline result rebuild (historical execution not certified)
data/exports/abp_site_domain/interface_chemistry.csv,current,abp_chemistry,8f557b4f18eb2763391abdcd70f2ec918fd38bcc0c86d1c43d500bf6a6a31f99,Locally reproducible from the inputs listed in its build receipt; upstream source limitations still apply.,Rebuilt automatically when its sources or code change
data/exports/abp_site_domain/interface_domain_by_abp.csv,producer recipe found; historical build unverified,script/abp_site_domain/19_interface_domain_family.py,ef33ac5c1b2b9d1ede12375288a107dcf34c8cc451624ca57a18bb47a0d0ea66,The producing code is present. No original input/code/output receipt proves how this historical copy was built.,Existing source pipeline; outside the offline result rebuild (historical execution not certified)
data/exports/abp_site_domain/interface_family_refined.csv,producer recipe found; historical build unverified,script/abp_site_domain/19_interface_domain_family.py,f1a050595943a1ada51e13ac87866861d1aa61b69c7fa4697cf7627aeacfae2f,The producing code is present. No original input/code/output receipt proves how this historical copy was built.,Existing source pipeline; outside the offline result rebuild (historical execution not certified)
data/exports/abp_site_domain/interface_tm_sweep.csv,producer recipe found; historical build unverified,script/abp_site_domain/08_interface_tm_sweep.py,ee784cc485c5ee4c9d70eda1a5064c37a57702f571021472f0ba9e4672acb2cd,The producing code is present. No original input/code/output receipt proves how this historical copy was built.,Existing source pipeline; outside the offline result rebuild (historical execution not certified)
data/exports/abp_site_domain/site_cluster_summary.csv,current,abp_cross_tables,e81f6f3d5080e5e204cc4372c7ee8d7be3aeb97373edd2eff0368a446cdcdd7f,Locally reproducible from the inputs listed in its build receipt; upstream source limitations still apply.,Rebuilt automatically when its sources or code change
data/exports/folddisco_controls/hits.csv,current,folddisco_controls,c3094bcd274a8add7e135152c8b4a111a83e4094c721e6a15070b5753d2e990e,Locally reproducible from the inputs listed in its build receipt; upstream source limitations still apply.,Rebuilt automatically when its sources or code change
data/exports/folddisco_controls/queries.csv,current,folddisco_controls,7a98a8ec243a87a56ec12b5e06fdf53d0def3df3aa5e7ac4c848d5d841c094c2,Locally reproducible from the inputs listed in its build receipt; upstream source limitations still apply.,Rebuilt automatically when its sources or code change
data/exports/folddisco_controls/shared_site_controls.csv,current,folddisco_controls,4e4b542ac07e6de66ad3dd679c7f877eb0f858bbccec9f11671ac2ca516e7bf6,Locally reproducible from the inputs listed in its build receipt; upstream source limitations still apply.,Rebuilt automatically when its sources or code change
data/exports/interactions_for_mafft.csv,producer recipe found; historical build unverified,script/cluster_interaction_analysis.py,ba111afec367bb760800e4ac4a1d122b0e0a65a4880ce244cbe8f65d03618b69,The producing code is present. No original input/code/output receipt proves how this historical copy was built.,Existing source pipeline; outside the offline result rebuild (historical execution not certified)
data/filtered/actin_filament_positions.csv,producer recipe found; historical build unverified,script/actin_filament_positions.py,484b59d71eeeda5ce43ffaefc1fcbf688e891589bcbd3c32b6eabb6688d7790e,The producing code is present. No original input/code/output receipt proves how this historical copy was built.,Existing source pipeline; outside the offline result rebuild (historical execution not certified)
data/filtered/actin_s1_canon_area_by_cluster.csv,current,figures,e5b22ddb8244974d18ad8c63ba4c84476445b8c4c4108b3ab4bf31d0eaeeaecf,Locally reproducible from the inputs listed in its build receipt; upstream source limitations still apply.,Rebuilt automatically when its sources or code change
data/filtered/binding_site_superclusters.csv,producer recipe found; historical build unverified,script/binding_site_superclusters.py,8cc44077c1e756bc953621a2732dadcfcd44e67980e5f32869ce8b0202ad0c55,The producing code is present. No original input/code/output receipt proves how this historical copy was built.,Existing source pipeline; outside the offline result rebuild (historical execution not certified)
data/filtered/details/1.interactions.csv,producer recipe found; historical build unverified,script/data_extract/get_interaction_details.py; script/mafft_pipeline.py,ea101480359ff3a436093ebf9593004f7af4d8ae242e738fb01f29ee6238a893,The producing code is present. No original input/code/output receipt proves how this historical copy was built.,Existing source pipeline; outside the offline result rebuild (historical execution not certified)
data/filtered/details/2.proteins.csv,producer recipe found; historical build unverified,script/data_extract/get_interaction_details.py; script/mafft_pipeline.py,9258d689983946fdae885e80252d7107fac1dc6ebe2fa29cec13f86f1bf1c6f0,The producing code is present. No original input/code/output receipt proves how this historical copy was built.,Existing source pipeline; outside the offline result rebuild (historical execution not certified)
data/filtered/details/3.interface_residues.csv,producer recipe found; historical build unverified,script/data_extract/get_interaction_details.py; script/mafft_pipeline.py,e403fcda60c6df08b5a6298809c20f9c241991b32674fe2c1efc849531f69581,The producing code is present. No original input/code/output receipt proves how this historical copy was built.,Existing source pipeline; outside the offline result rebuild (historical execution not certified)
data/filtered/details/4.inter-residue_contacts.csv,producer recipe found; historical build unverified,script/data_extract/get_interaction_details.py; script/mafft_pipeline.py,92b71491325131990c45a9f3e3a71af4b30b5926881147f0dfa31589acdb2c97,The producing code is present. No original input/code/output receipt proves how this historical copy was built.,Existing source pipeline; outside the offline result rebuild (historical execution not certified)
data/filtered/details/5.ligands.csv,producer recipe found; historical build unverified,script/data_extract/get_interaction_details.py; script/mafft_pipeline.py,66752617400e126ba2af0b1b4e13eabbf1485c380f9536c4436f8437c56b2147,The producing code is present. No original input/code/output receipt proves how this historical copy was built.,Existing source pipeline; outside the offline result rebuild (historical execution not certified)
data/filtered/details/6.meta_alignement.csv,producer recipe found; historical build unverified,script/data_extract/get_interaction_details.py; script/mafft_pipeline.py,a88bae3b3e5442370ed55975e39ab81aad90d0dbe264d011869a1f6cff2f42ef,The producing code is present. No original input/code/output receipt proves how this historical copy was built.,Existing source pipeline; outside the offline result rebuild (historical execution not certified)
data/filtered/details/7.alignment_sequences.csv,producer recipe found; historical build unverified,script/data_extract/get_interaction_details.py; script/mafft_pipeline.py,5d5d0d93a7494ae06870955cd4811ce19638f37b50b958f49c5fc54307259202,The producing code is present. No original input/code/output receipt proves how this historical copy was built.,Existing source pipeline; outside the offline result rebuild (historical execution not certified)
data/filtered/details/8.structures.csv,producer recipe found; historical build unverified,script/data_extract/get_interaction_details.py; script/mafft_pipeline.py,92324c1bc8dc52c73d56b3b3f64e9a6bd5e99bfff9fca14cdf9bf4cd55eeb007,The producing code is present. No original input/code/output receipt proves how this historical copy was built.,Existing source pipeline; outside the offline result rebuild (historical execution not certified)
data/filtered/filtered_all_data.csv,producer recipe found; historical build unverified,script/graphe_filter.py; script/binding_site_superclusters.py,2cc698166ffe50f9e0793289e6fbef470aaffbe52bbd44a9814789effa497574,The producing code is present. No original input/code/output receipt proves how this historical copy was built.,Existing source pipeline; outside the offline result rebuild (historical execution not certified)
data/filtered/filtered_pdb_entry.csv,producer recipe found; historical build unverified,script/graphe_filter.py,960b0869480338fc0bf5ae7262cc2c7f3eaf05438027dbb9a956cbb95040ae31,The producing code is present. No original input/code/output receipt proves how this historical copy was built.,Existing source pipeline; outside the offline result rebuild (historical execution not certified)
data/filtered/filtered_summary.csv,producer recipe found; historical build unverified,script/graphe_filter.py,692186ee8469766187ad02061729e6acd7827c6f8b9631909877c4f708b93a3d,The producing code is present. No original input/code/output receipt proves how this historical copy was built.,Existing source pipeline; outside the offline result rebuild (historical execution not certified)
data/filtered/patches_infos_cluster_data_70.csv,producer recipe found; historical build unverified,script/cluster_interaction_analysis.py,31039444a48ebb8e91d45cdd532a13723b23621f6c3fa749e58a7d70565f7eeb,The producing code is present. No original input/code/output receipt proves how this historical copy was built.,Existing source pipeline; outside the offline result rebuild (historical execution not certified)
data/filtered/patches_infos_s1_binding_site.csv,producer recipe found; historical build unverified,script/cluster_interaction_analysis.py; script/interface_analysis_s1.py,831fd70d7a3051130e60b5cd90f32e6e16727b1c6d9b9a6bbd82b53505d874f2,The producing code is present. No original input/code/output receipt proves how this historical copy was built.,Existing source pipeline; outside the offline result rebuild (historical execution not certified)
data/filtered/proteins_per_pdb.csv,producer recipe found; historical build unverified,script/graphe_filter.py,be97933d256e64017cba6e06cc93965866b167143727c1841b175f0edb57912f,The producing code is present. No original input/code/output receipt proves how this historical copy was built.,Existing source pipeline; outside the offline result rebuild (historical execution not certified)
data/filtered/s1_cluster_reference.csv,producer recipe found; historical build unverified,script/interface_analysis_s1.py,2358bf5de77883749772ae8ee5dc146eb0dc1ee849797bf80cf27aaae28aa452,The producing code is present. No original input/code/output receipt proves how this historical copy was built.,Existing source pipeline; outside the offline result rebuild (historical execution not certified)
data/human_variants/sources/clinvar_ACTA1.csv,imported snapshot; release date unknown,actin_variants,c64c34483b7c0d107f60dc97686331b0b19ce3807937c300ddd0381e708a6ec9,"An imported database/model result, not a local measurement. Import time is not database release time.",Preserve external snapshot; local summaries use these identified inputs without recreating the model/database
data/human_variants/sources/clinvar_ACTA2.csv,imported snapshot; release date unknown,actin_variants,7feeedb31bb52befa521799d22b953b036bca486bfd8e312b9638a7eaf8e4c15,"An imported database/model result, not a local measurement. Import time is not database release time.",Preserve external snapshot; local summaries use these identified inputs without recreating the model/database
data/human_variants/sources/clinvar_ACTB.csv,imported snapshot; release date unknown,actin_variants,77f025e0d38e1775e40f9492039e496e191f5fbcaeab1c0b9c3af6a6df9be95c,"An imported database/model result, not a local measurement. Import time is not database release time.",Preserve external snapshot; local summaries use these identified inputs without recreating the model/database
data/human_variants/sources/clinvar_ACTC1.csv,imported snapshot; release date unknown,actin_variants,aa8082d5ee80e36da66798f404075964cb8796dc6b8882a5844fe8d2aef52b4e,"An imported database/model result, not a local measurement. Import time is not database release time.",Preserve external snapshot; local summaries use these identified inputs without recreating the model/database
data/human_variants/sources/clinvar_ACTG1.csv,imported snapshot; release date unknown,actin_variants,c59fe2d507e940970772a5213907d88b5496662c576e16b42bb75da09d140097,"An imported database/model result, not a local measurement. Import time is not database release time.",Preserve external snapshot; local summaries use these identified inputs without recreating the model/database
data/human_variants/sources/clinvar_ACTG2.csv,imported snapshot; release date unknown,actin_variants,3e2468a07d9d8611da694fd072740c457efa403c191288241088edfe1a8d8dd7,"An imported database/model result, not a local measurement. Import time is not database release time.",Preserve external snapshot; local summaries use these identified inputs without recreating the model/database
data/human_variants/sources/gnomad_ACTA1.csv,imported snapshot; release date unknown,actin_variants,597a9fb690bfaa63df44bf1795d5e17c93ff33822c80acfbbdba37a62ae2b104,"An imported database/model result, not a local measurement. Import time is not database release time.",Preserve external snapshot; local summaries use these identified inputs without recreating the model/database
data/human_variants/sources/gnomad_ACTA2.csv,imported snapshot; release date unknown,actin_variants,8fbb2b56cb8799a3e7347761b805cbde8d065187315acb72961676b408f6b4c3,"An imported database/model result, not a local measurement. Import time is not database release time.",Preserve external snapshot; local summaries use these identified inputs without recreating the model/database
data/human_variants/sources/gnomad_ACTB.csv,imported snapshot; release date unknown,actin_variants,99308bfd309c7819ec4f64e605e8962b425d04876b8569ad99f14c081baa70f8,"An imported database/model result, not a local measurement. Import time is not database release time.",Preserve external snapshot; local summaries use these identified inputs without recreating the model/database
data/human_variants/sources/gnomad_ACTC1.csv,imported snapshot; release date unknown,actin_variants,8c708de62e1e8b79d5668a1eee51fb5ee88ebc142794f6f6f864b127549f3bde,"An imported database/model result, not a local measurement. Import time is not database release time.",Preserve external snapshot; local summaries use these identified inputs without recreating the model/database
data/human_variants/sources/gnomad_ACTG1.csv,imported snapshot; release date unknown,actin_variants,49fd44b3a355403a4c0b84f367deb583cf272779740237538681310511ec7c4f,"An imported database/model result, not a local measurement. Import time is not database release time.",Preserve external snapshot; local summaries use these identified inputs without recreating the model/database
data/human_variants/sources/gnomad_ACTG2.csv,imported snapshot; release date unknown,actin_variants,ea0dd6858a9d5bb985987957d971d118c40d26533c232652dac8439aab35a0e0,"An imported database/model result, not a local measurement. Import time is not database release time.",Preserve external snapshot; local summaries use these identified inputs without recreating the model/database
data/proteocast/abp/Actin_interacting_protein_1/rsa_values.csv,external bundle; RSA recipe unresolved,ProteoCast bundle,dc25ffffdd101af817c5320f7e9ad2f64c67acc375d856d8f91206a2b3084b61,RSA distributed with the model result. Its calculation must not be confused with the locally documented 7PDZ RSA.,Supplementary imported archive; not read by the current application; no replacement invented
data/proteocast/abp/Actin_related_protein_2/4.query_ProteoCast.csv,external model output; verify job provenance,ProteoCast,e8bbba4a9130fd0c1d40e48bb0b41d5cd7e5ba9c3aad58030a2dd0f26287f6af,Imported/downloaded ProteoCast mutation scores. These are not locally recomputed; query sequence validation remains required.,Preserve external snapshot; local summaries use these identified inputs without recreating the model/database
data/proteocast/abp/Actin_related_protein_2/rsa_values.csv,external bundle; RSA recipe unresolved,ProteoCast bundle,f3fd216dcd55ad342459fad2a57b2136ad971034c46b0712bd85b7105e1cd4aa,RSA distributed with the model result. Its calculation must not be confused with the locally documented 7PDZ RSA.,Supplementary imported archive; not read by the current application; no replacement invented
data/proteocast/abp/Actin_related_protein_2_3_complex_subunit_1/4.query_ProteoCast.csv,external model output; verify job provenance,ProteoCast,2e93a278388e8df125319278d1911db97a10b885911bfdbecac7a1bc3db0eb08,Imported/downloaded ProteoCast mutation scores. These are not locally recomputed; query sequence validation remains required.,Preserve external snapshot; local summaries use these identified inputs without recreating the model/database
data/proteocast/abp/Actin_related_protein_2_3_complex_subunit_1/rsa_values.csv,external bundle; RSA recipe unresolved,ProteoCast bundle,0e532bdb7612905ac4714237e1f450cf2d81dce5a155ad2ca222782ef5ec95a0,RSA distributed with the model result. Its calculation must not be confused with the locally documented 7PDZ RSA.,Supplementary imported archive; not read by the current application; no replacement invented
data/proteocast/abp/Actin_related_protein_2_3_complex_subunit_1B/4.query_ProteoCast.csv,external model output; verify job provenance,ProteoCast,0a62e6f9b4ac33225e6fa71ce0b3277992e63be4ccc3e4bb85f577e25beb6914,Imported/downloaded ProteoCast mutation scores. These are not locally recomputed; query sequence validation remains required.,Preserve external snapshot; local summaries use these identified inputs without recreating the model/database
data/proteocast/abp/Actin_related_protein_2_3_complex_subunit_1B/rsa_values.csv,external bundle; RSA recipe unresolved,ProteoCast bundle,376e34e6c6c4529eaf36279301c9aeccf9846c45cc9b4a8ec57f834c33ee8f5f,RSA distributed with the model result. Its calculation must not be confused with the locally documented 7PDZ RSA.,Supplementary imported archive; not read by the current application; no replacement invented
data/proteocast/abp/Actin_related_protein_2_3_complex_subunit_2/4.query_ProteoCast.csv,external model output; verify job provenance,ProteoCast,d6266210b56eac5caebc8584c46fc9edae683063983317a1c0dec1a80b30ae14,Imported/downloaded ProteoCast mutation scores. These are not locally recomputed; query sequence validation remains required.,Preserve external snapshot; local summaries use these identified inputs without recreating the model/database
data/proteocast/abp/Actin_related_protein_2_3_complex_subunit_2/rsa_values.csv,external bundle; RSA recipe unresolved,ProteoCast bundle,828cb520904ce8859170ada375cfa7acceceac15290b30790edf7d573af52b38,RSA distributed with the model result. Its calculation must not be confused with the locally documented 7PDZ RSA.,Supplementary imported archive; not read by the current application; no replacement invented
data/proteocast/abp/Actin_related_protein_2_3_complex_subunit_3/4.query_ProteoCast.csv,external model output; verify job provenance,ProteoCast,56bd82757771585bb7a85b07b569492ee3ac01d36f3e95f45917601d16faaea5,Imported/downloaded ProteoCast mutation scores. These are not locally recomputed; query sequence validation remains required.,Preserve external snapshot; local summaries use these identified inputs without recreating the model/database
data/proteocast/abp/Actin_related_protein_2_3_complex_subunit_3/rsa_values.csv,external bundle; RSA recipe unresolved,ProteoCast bundle,812b791aee0a3b087e410b57e729d1960c074577fc0f0227392fa1e8bdfb76be,RSA distributed with the model result. Its calculation must not be confused with the locally documented 7PDZ RSA.,Supplementary imported archive; not read by the current application; no replacement invented
data/proteocast/abp/Actin_related_protein_2_3_complex_subunit_4/4.query_ProteoCast.csv,external model output; verify job provenance,ProteoCast,9ecda0044b4830af2114fd2a1d0e6bdf4b79b3d4b608b335d5dc6ff0f4823ec4,Imported/downloaded ProteoCast mutation scores. These are not locally recomputed; query sequence validation remains required.,Preserve external snapshot; local summaries use these identified inputs without recreating the model/database
data/proteocast/abp/Actin_related_protein_2_3_complex_subunit_4/rsa_values.csv,external bundle; RSA recipe unresolved,ProteoCast bundle,ca34fd065efa3f96b9eae9926338366e526d81e929b8abcf66c21a4eadf4a4f9,RSA distributed with the model result. Its calculation must not be confused with the locally documented 7PDZ RSA.,Supplementary imported archive; not read by the current application; no replacement invented
data/proteocast/abp/Actin_related_protein_2_3_complex_subunit_5_like_p/4.query_ProteoCast.csv,external model output; verify job provenance,ProteoCast,d9c713a11a692d70398e9f1fb0b468745f1d96ff582dace790e6186df431f421,Imported/downloaded ProteoCast mutation scores. These are not locally recomputed; query sequence validation remains required.,Preserve external snapshot; local summaries use these identified inputs without recreating the model/database
data/proteocast/abp/Actin_related_protein_2_3_complex_subunit_5_like_p/rsa_values.csv,external bundle; RSA recipe unresolved,ProteoCast bundle,7ef216287d92b0678ae0a386c8a7e8a4ce141fbac07a702de6a233f7d21c8e46,RSA distributed with the model result. Its calculation must not be confused with the locally documented 7PDZ RSA.,Supplementary imported archive; not read by the current application; no replacement invented
data/proteocast/abp/Actin_related_protein_3/4.query_ProteoCast.csv,external model output; verify job provenance,ProteoCast,f686d5fdfd89b0243c208071c17ad2910349a7443f5f49920b0021f430341f3a,Imported/downloaded ProteoCast mutation scores. These are not locally recomputed; query sequence validation remains required.,Preserve external snapshot; local summaries use these identified inputs without recreating the model/database
data/proteocast/abp/Actin_related_protein_3/rsa_values.csv,external bundle; RSA recipe unresolved,ProteoCast bundle,318615f489259bb261db1322cf09f89ff04111b4bdca36307a3f70513dad29dc,RSA distributed with the model result. Its calculation must not be confused with the locally documented 7PDZ RSA.,Supplementary imported archive; not read by the current application; no replacement invented
data/proteocast/abp/Adducin_1/4.query_ProteoCast.csv,external model output; verify job provenance,ProteoCast,5b4cbccd0dd1d7cb273bd384bb5017205118174d8dd7d71fcfc77567d6e2c304,Imported/downloaded ProteoCast mutation scores. These are not locally recomputed; query sequence validation remains required.,Preserve external snapshot; local summaries use these identified inputs without recreating the model/database
data/proteocast/abp/Adducin_1/rsa_values.csv,external bundle; RSA recipe unresolved,ProteoCast bundle,24b6673d916267d11450a753a7bbe9cda8ee1bf9ce3302787f5e2c24b1a4fd3d,RSA distributed with the model result. Its calculation must not be confused with the locally documented 7PDZ RSA.,Supplementary imported archive; not read by the current application; no replacement invented
data/proteocast/abp/Adenylyl_cyclase_associated_protein_1/4.query_ProteoCast.csv,external model output; verify job provenance,ProteoCast,fcbfbc0f65ca86827125c04840699f2d165f220a97a6baab4005e9830ce1fd44,Imported/downloaded ProteoCast mutation scores. These are not locally recomputed; query sequence validation remains required.,Preserve external snapshot; local summaries use these identified inputs without recreating the model/database
data/proteocast/abp/Adenylyl_cyclase_associated_protein_1/rsa_values.csv,external bundle; RSA recipe unresolved,ProteoCast bundle,731a594b6542304ada516a6774414daa8dfc18c01c39092ad1522cd1c0617643,RSA distributed with the model result. Its calculation must not be confused with the locally documented 7PDZ RSA.,Supplementary imported archive; not read by the current application; no replacement invented
data/proteocast/abp/Afadin/4.query_ProteoCast.csv,external model output; verify job provenance,ProteoCast,e58e6c86eae989b45c47fed1a7f2e9e6814d93b556291e6072cada1da1dc0c96,Imported/downloaded ProteoCast mutation scores. These are not locally recomputed; query sequence validation remains required.,Preserve external snapshot; local summaries use these identified inputs without recreating the model/database
data/proteocast/abp/Afadin/rsa_values.csv,external bundle; RSA recipe unresolved,ProteoCast bundle,e7aff7e0031d40b7efe283fd5d60b4f99e434bfa83eb644344864fce6970a6ed,RSA distributed with the model result. Its calculation must not be confused with the locally documented 7PDZ RSA.,Supplementary imported archive; not read by the current application; no replacement invented
data/proteocast/abp/Alpha_catenin_like_protein_hmp_1/4.query_ProteoCast.csv,external model output; verify job provenance,ProteoCast,71a8852a7c8bc9571a9d614eb2a3dee9ee994b2762fdbce081014f9b20ae1add,Imported/downloaded ProteoCast mutation scores. These are not locally recomputed; query sequence validation remains required.,Preserve external snapshot; local summaries use these identified inputs without recreating the model/database
data/proteocast/abp/Alpha_catenin_like_protein_hmp_1/rsa_values.csv,external bundle; RSA recipe unresolved,ProteoCast bundle,5a600ca01ca679f6977145ea3ae6ca4f18546ba492a821ae6176f5d88aca371b,RSA distributed with the model result. Its calculation must not be confused with the locally documented 7PDZ RSA.,Supplementary imported archive; not read by the current application; no replacement invented
data/proteocast/abp/Beta_adducin/4.query_ProteoCast.csv,external model output; verify job provenance,ProteoCast,9480d4b9031cebe7d989a0e93f757a1557941bba84ae19f2ce476da845fe6e82,Imported/downloaded ProteoCast mutation scores. These are not locally recomputed; query sequence validation remains required.,Preserve external snapshot; local summaries use these identified inputs without recreating the model/database
data/proteocast/abp/Beta_adducin/rsa_values.csv,external bundle; RSA recipe unresolved,ProteoCast bundle,2e5bf6ef38ab82233665ec20294ae7a3fc9072835a526141e57dd203b56829b5,RSA distributed with the model result. Its calculation must not be confused with the locally documented 7PDZ RSA.,Supplementary imported archive; not read by the current application; no replacement invented
data/proteocast/abp/Catenin_alpha_1/4.query_ProteoCast.csv,external model output; verify job provenance,ProteoCast,c1de2a77a1cc602e9f9f4dc3d88a09a793114b665744e74dc6d339f1fadf6c0e,Imported/downloaded ProteoCast mutation scores. These are not locally recomputed; query sequence validation remains required.,Preserve external snapshot; local summaries use these identified inputs without recreating the model/database
data/proteocast/abp/Catenin_alpha_1/rsa_values.csv,external bundle; RSA recipe unresolved,ProteoCast bundle,74fd67ed3dda2582b8d2a04da637bd530fa88b59e651626ca012d5ca088e43e6,RSA distributed with the model result. Its calculation must not be confused with the locally documented 7PDZ RSA.,Supplementary imported archive; not read by the current application; no replacement invented
data/proteocast/abp/Cell_invasion_protein_SipA/4.query_ProteoCast.csv,external model output; verify job provenance,ProteoCast,8d203a91e1a51f51242639c1fb2748e9a10cfeea97abf21cee2cafed74da1321,Imported/downloaded ProteoCast mutation scores. These are not locally recomputed; query sequence validation remains required.,Preserve external snapshot; local summaries use these identified inputs without recreating the model/database
data/proteocast/abp/Cell_invasion_protein_SipA/rsa_values.csv,external bundle; RSA recipe unresolved,ProteoCast bundle,48886f23c59421ed39ffae4d8f57ce0a0a2f10a15314d5d4cca71be9bc77e100,RSA distributed with the model result. Its calculation must not be confused with the locally documented 7PDZ RSA.,Supplementary imported archive; not read by the current application; no replacement invented
data/proteocast/abp/Cofilin_1/4.query_ProteoCast.csv,external model output; verify job provenance,ProteoCast,c412e72e8e90d4f5a50fc9e155fe9e57fd5030cddd76449672c3303fc187ae74,Imported/downloaded ProteoCast mutation scores. These are not locally recomputed; query sequence validation remains required.,Preserve external snapshot; local summaries use these identified inputs without recreating the model/database
data/proteocast/abp/Cofilin_1/rsa_values.csv,external bundle; RSA recipe unresolved,ProteoCast bundle,3c32142eaaf5c3807ec2ba1a62da3040b7e0589a4129931db9744fae887677b1,RSA distributed with the model result. Its calculation must not be confused with the locally documented 7PDZ RSA.,Supplementary imported archive; not read by the current application; no replacement invented
data/proteocast/abp/Cofilin_2/4.query_ProteoCast.csv,external model output; verify job provenance,ProteoCast,66773a09b65dcd7aefdcdac4e1b2c0f7d37eb7c2671f40aa744cd79c36e140c0,Imported/downloaded ProteoCast mutation scores. These are not locally recomputed; query sequence validation remains required.,Preserve external snapshot; local summaries use these identified inputs without recreating the model/database
data/proteocast/abp/Cofilin_2/rsa_values.csv,external bundle; RSA recipe unresolved,ProteoCast bundle,82f85a6e731eb07821528989fdb8debf824f9882ecf94aabbcce65b92061f4e7,RSA distributed with the model result. Its calculation must not be confused with the locally documented 7PDZ RSA.,Supplementary imported archive; not read by the current application; no replacement invented
data/proteocast/abp/Coronin_1B_Methylated_DNA_protein_cysteine_methylt/4.query_ProteoCast.csv,external model output; verify job provenance,ProteoCast,7b150f863a3248f037cafd2666d84e0efc78c6d3ef91774761fd4948a2bb4a7b,Imported/downloaded ProteoCast mutation scores. These are not locally recomputed; query sequence validation remains required.,Preserve external snapshot; local summaries use these identified inputs without recreating the model/database
data/proteocast/abp/Dematin_actin_binding_protein/4.query_ProteoCast.csv,external model output; verify job provenance,ProteoCast,3a8ccdd4f2cb1bbfec28c06746345477064a5d6ec2e29a19e159fa2da64d5908,Imported/downloaded ProteoCast mutation scores. These are not locally recomputed; query sequence validation remains required.,Preserve external snapshot; local summaries use these identified inputs without recreating the model/database
data/proteocast/abp/Dematin_actin_binding_protein/rsa_values.csv,external bundle; RSA recipe unresolved,ProteoCast bundle,0ccaf39774ae58bdb6844bd2d8bd8597f687be277805c8eef91df40dfacb9042,RSA distributed with the model result. Its calculation must not be confused with the locally documented 7PDZ RSA.,Supplementary imported archive; not read by the current application; no replacement invented
data/proteocast/abp/Epididymis_secretory_protein_Li_37/4.query_ProteoCast.csv,external model output; verify job provenance,ProteoCast,02ccb74155c79a4051e82c5dd34242279e3f012338fa97b5174b85a9d2b0e96e,Imported/downloaded ProteoCast mutation scores. These are not locally recomputed; query sequence validation remains required.,Preserve external snapshot; local summaries use these identified inputs without recreating the model/database
data/proteocast/abp/Epididymis_secretory_protein_Li_37/rsa_values.csv,external bundle; RSA recipe unresolved,ProteoCast bundle,cad432137f4631c6c518c892b8f3f6ddbbeafc1e46322a75a83b6e8c65fbf62c,RSA distributed with the model result. Its calculation must not be confused with the locally documented 7PDZ RSA.,Supplementary imported archive; not read by the current application; no replacement invented
data/proteocast/abp/F_actin_capping_protein_subunit_alpha_1/4.query_ProteoCast.csv,external model output; verify job provenance,ProteoCast,90168bcb4d954294fdb4d904e0cf544675aeb4e6936af3855a982a1e6dfa63c0,Imported/downloaded ProteoCast mutation scores. These are not locally recomputed; query sequence validation remains required.,Preserve external snapshot; local summaries use these identified inputs without recreating the model/database
data/proteocast/abp/F_actin_capping_protein_subunit_alpha_1/rsa_values.csv,external bundle; RSA recipe unresolved,ProteoCast bundle,494159991222deb712f2d3cf753c36bc079ab8ebcf33bdc1fd950228da6d67d5,RSA distributed with the model result. Its calculation must not be confused with the locally documented 7PDZ RSA.,Supplementary imported archive; not read by the current application; no replacement invented
data/proteocast/abp/F_actin_capping_protein_subunit_beta/4.query_ProteoCast.csv,external model output; verify job provenance,ProteoCast,cd6bbd97d0d2c7297bc9ac773a0a5f9bfe856c17ab691edf38a7daea29ee75f5,Imported/downloaded ProteoCast mutation scores. These are not locally recomputed; query sequence validation remains required.,Preserve external snapshot; local summaries use these identified inputs without recreating the model/database
data/proteocast/abp/F_actin_capping_protein_subunit_beta/rsa_values.csv,external bundle; RSA recipe unresolved,ProteoCast bundle,8fe4f275783169b5549edd9bc80050e612dffc5e37cd21157bc985e2a033b409,RSA distributed with the model result. Its calculation must not be confused with the locally documented 7PDZ RSA.,Supplementary imported archive; not read by the current application; no replacement invented
data/proteocast/abp/Filamin_A/4.query_ProteoCast.csv,external model output; verify job provenance,ProteoCast,4a562dd54e31e39f55088de0d5e926361c8f58845bf3d73293addd03891831ab,Imported/downloaded ProteoCast mutation scores. These are not locally recomputed; query sequence validation remains required.,Preserve external snapshot; local summaries use these identified inputs without recreating the model/database
data/proteocast/abp/Filamin_A/rsa_values.csv,external bundle; RSA recipe unresolved,ProteoCast bundle,13ff5d1d5b120bce4fdafb61ff3e64b244162e1fd42204fe8a74639fdebeceec,RSA distributed with the model result. Its calculation must not be confused with the locally documented 7PDZ RSA.,Supplementary imported archive; not read by the current application; no replacement invented
data/proteocast/abp/Gelsolin/4.query_ProteoCast.csv,external model output; verify job provenance,ProteoCast,70e8eb37eab128956574d36e0b00227a7e4a03aa04c46de570ddf961526467e1,Imported/downloaded ProteoCast mutation scores. These are not locally recomputed; query sequence validation remains required.,Preserve external snapshot; local summaries use these identified inputs without recreating the model/database
data/proteocast/abp/Gelsolin/rsa_values.csv,external bundle; RSA recipe unresolved,ProteoCast bundle,45bc857a019b658ce9683c6e2a30d17cbc55246dc84371c1d4ca711baeb18d8c,RSA distributed with the model result. Its calculation must not be confused with the locally documented 7PDZ RSA.,Supplementary imported archive; not read by the current application; no replacement invented
data/proteocast/abp/Inositol_trisphosphate_3_kinase_A/4.query_ProteoCast.csv,external model output; verify job provenance,ProteoCast,7249c4e7d9571a5022701390c2c299639f9799512ed0904a107752e57d422fd7,Imported/downloaded ProteoCast mutation scores. These are not locally recomputed; query sequence validation remains required.,Preserve external snapshot; local summaries use these identified inputs without recreating the model/database
data/proteocast/abp/Inositol_trisphosphate_3_kinase_A/rsa_values.csv,external bundle; RSA recipe unresolved,ProteoCast bundle,fa2f4f0e9f01574ab5522453db2d4039bd207dfdfda004a1a09a348b8475995e,RSA distributed with the model result. Its calculation must not be confused with the locally documented 7PDZ RSA.,Supplementary imported archive; not read by the current application; no replacement invented
data/proteocast/abp/Inverted_formin_2/4.query_ProteoCast.csv,external model output; verify job provenance,ProteoCast,8a515072a670a5258ebf626669acdfbe2cf06c49da7be70546031b3a606303ce,Imported/downloaded ProteoCast mutation scores. These are not locally recomputed; query sequence validation remains required.,Preserve external snapshot; local summaries use these identified inputs without recreating the model/database
data/proteocast/abp/Inverted_formin_2/rsa_values.csv,external bundle; RSA recipe unresolved,ProteoCast bundle,18135aa327e15ba9ae59be318fdd4d347e87a29a48cddd3011a70d10ea6a5f25,RSA distributed with the model result. Its calculation must not be confused with the locally documented 7PDZ RSA.,Supplementary imported archive; not read by the current application; no replacement invented
data/proteocast/abp/Isoform_2_of_F_actin_capping_protein_subunit_beta/4.query_ProteoCast.csv,external model output; verify job provenance,ProteoCast,0c2dae0c1c183a1910a1d7827e27d8a3f5011d2a0fea1366759ab23bfaa0054f,Imported/downloaded ProteoCast mutation scores. These are not locally recomputed; query sequence validation remains required.,Preserve external snapshot; local summaries use these identified inputs without recreating the model/database
data/proteocast/abp/Isoform_2_of_F_actin_capping_protein_subunit_beta/rsa_values.csv,external bundle; RSA recipe unresolved,ProteoCast bundle,70b9ca41c4273ee0fa41e0f33e24663e817b9bbbfa9bf624604b3dba6265c1ac,RSA distributed with the model result. Its calculation must not be confused with the locally documented 7PDZ RSA.,Supplementary imported archive; not read by the current application; no replacement invented
data/proteocast/abp/Isoform_A2_of_Troponin_T_cardiac_muscle/4.query_ProteoCast.csv,external model output; verify job provenance,ProteoCast,76cda0df54e5a6619a535006cdc5bf6fb5ea3c1afb1bb6c858b2aa087bf7c5d2,Imported/downloaded ProteoCast mutation scores. These are not locally recomputed; query sequence validation remains required.,Preserve external snapshot; local summaries use these identified inputs without recreating the model/database
data/proteocast/abp/Isoform_A2_of_Troponin_T_cardiac_muscle/rsa_values.csv,external bundle; RSA recipe unresolved,ProteoCast bundle,20721da4012dcb78de6e4d5fe9ce1c786b79888987bc8d4bc82beae74dc6debd,RSA distributed with the model result. Its calculation must not be confused with the locally documented 7PDZ RSA.,Supplementary imported archive; not read by the current application; no replacement invented
data/proteocast/abp/Leiomodin_2/4.query_ProteoCast.csv,external model output; verify job provenance,ProteoCast,99e6ad6edceb453fde0db77eac24e9919035573bfc79ac4397b4bb23c83b279f,Imported/downloaded ProteoCast mutation scores. These are not locally recomputed; query sequence validation remains required.,Preserve external snapshot; local summaries use these identified inputs without recreating the model/database
data/proteocast/abp/Leiomodin_2/rsa_values.csv,external bundle; RSA recipe unresolved,ProteoCast bundle,7c6863bdcbf01b873e5de29bc5286daffe2f87f3a853fd2804d2b969c397fbaf,RSA distributed with the model result. Its calculation must not be confused with the locally documented 7PDZ RSA.,Supplementary imported archive; not read by the current application; no replacement invented
data/proteocast/abp/Maltose_maltodextrin_binding_periplasmic_protein_A/4.query_ProteoCast.csv,external model output; verify job provenance,ProteoCast,58398fb312abc11a60e7a1760c7048c7418227954a28d870813cd92913355b8b,Imported/downloaded ProteoCast mutation scores. These are not locally recomputed; query sequence validation remains required.,Preserve external snapshot; local summaries use these identified inputs without recreating the model/database
data/proteocast/abp/Maltose_maltodextrin_binding_periplasmic_protein_T/4.query_ProteoCast.csv,external model output; verify job provenance,ProteoCast,6d0639185ffa6d320b0d5445b16e1711c5d04c66838f5c406fb3929a91dee476,Imported/downloaded ProteoCast mutation scores. These are not locally recomputed; query sequence validation remains required.,Preserve external snapshot; local summaries use these identified inputs without recreating the model/database
data/proteocast/abp/Myosin_14_Alpha_actinin_A/4.query_ProteoCast.csv,external model output; verify job provenance,ProteoCast,12be6f529ec364339ba2eb41ead0f73691455456c5e60261e8a9476b9ee93029,Imported/downloaded ProteoCast mutation scores. These are not locally recomputed; query sequence validation remains required.,Preserve external snapshot; local summaries use these identified inputs without recreating the model/database
data/proteocast/abp/Myosin_6/4.query_ProteoCast.csv,external model output; verify job provenance,ProteoCast,bbc71ff64f637c0c4f47fc5918d860ca7a4dca7e6a75f2646ddf020066aef9a1,Imported/downloaded ProteoCast mutation scores. These are not locally recomputed; query sequence validation remains required.,Preserve external snapshot; local summaries use these identified inputs without recreating the model/database
data/proteocast/abp/Myosin_6/rsa_values.csv,external bundle; RSA recipe unresolved,ProteoCast bundle,128cb9fee11247c53c3bf16699ba532c8fb46e1db98acf61b4d7108def6cb7bf,RSA distributed with the model result. Its calculation must not be confused with the locally documented 7PDZ RSA.,Supplementary imported archive; not read by the current application; no replacement invented
data/proteocast/abp/Myosin_7/4.query_ProteoCast.csv,external model output; verify job provenance,ProteoCast,5dad32de741459271d4b1efbf92875b761f0785051efd327f5b1b25fafdf9e31,Imported/downloaded ProteoCast mutation scores. These are not locally recomputed; query sequence validation remains required.,Preserve external snapshot; local summaries use these identified inputs without recreating the model/database
data/proteocast/abp/Myosin_7/rsa_values.csv,external bundle; RSA recipe unresolved,ProteoCast bundle,5d6b6492d8ef38046e50707a544a55968e6d63add501003ee0325b38867da798,RSA distributed with the model result. Its calculation must not be confused with the locally documented 7PDZ RSA.,Supplementary imported archive; not read by the current application; no replacement invented
data/proteocast/abp/Myosin_A/4.query_ProteoCast.csv,external model output; verify job provenance,ProteoCast,76f0b51e72c672fe285c64298062091d7e9d3a0f6c9e762ff811aa6d868b9b89,Imported/downloaded ProteoCast mutation scores. These are not locally recomputed; query sequence validation remains required.,Preserve external snapshot; local summaries use these identified inputs without recreating the model/database
data/proteocast/abp/Myosin_A/rsa_values.csv,external bundle; RSA recipe unresolved,ProteoCast bundle,46b769631e2f87ce25852aea757cf6ed597e441bca96a4cfd58073e23720c56b,RSA distributed with the model result. Its calculation must not be confused with the locally documented 7PDZ RSA.,Supplementary imported archive; not read by the current application; no replacement invented
data/proteocast/abp/Plastin_3/4.query_ProteoCast.csv,external model output; verify job provenance,ProteoCast,d27300b3b91d92d264bdd2aca0bfb6c9b966fccbf1576652269f507d550bb88e,Imported/downloaded ProteoCast mutation scores. These are not locally recomputed; query sequence validation remains required.,Preserve external snapshot; local summaries use these identified inputs without recreating the model/database
data/proteocast/abp/Plastin_3/rsa_values.csv,external bundle; RSA recipe unresolved,ProteoCast bundle,94dd5c37ae07dc608d42dfe995fd2428a8b918b6b9c4c28d8ef2daff967a7b87,RSA distributed with the model result. Its calculation must not be confused with the locally documented 7PDZ RSA.,Supplementary imported archive; not read by the current application; no replacement invented
data/proteocast/abp/Profilin_1/4.query_ProteoCast.csv,external model output; verify job provenance,ProteoCast,5bf165f80080265a18da350924a4299b64997645800a0c4153fbdd7db78ae112,Imported/downloaded ProteoCast mutation scores. These are not locally recomputed; query sequence validation remains required.,Preserve external snapshot; local summaries use these identified inputs without recreating the model/database
data/proteocast/abp/Profilin_1/rsa_values.csv,external bundle; RSA recipe unresolved,ProteoCast bundle,7cb1506e39302bac5eed5c1f094b1ada7905ff28252c67aac72a9d654675240d,RSA distributed with the model result. Its calculation must not be confused with the locally documented 7PDZ RSA.,Supplementary imported archive; not read by the current application; no replacement invented
data/proteocast/abp/Protein_diaphanous_homolog_1/4.query_ProteoCast.csv,external model output; verify job provenance,ProteoCast,c3dc5411e3bddfa649d36b8240c16cffee6f060dc06cac2c73c29d119274dc7d,Imported/downloaded ProteoCast mutation scores. These are not locally recomputed; query sequence validation remains required.,Preserve external snapshot; local summaries use these identified inputs without recreating the model/database
data/proteocast/abp/Protein_diaphanous_homolog_1/rsa_values.csv,external bundle; RSA recipe unresolved,ProteoCast bundle,2103ff0c1ea93778b9c08c202991d8a68548e6cf96651ad66c1619756b9dc769,RSA distributed with the model result. Its calculation must not be confused with the locally documented 7PDZ RSA.,Supplementary imported archive; not read by the current application; no replacement invented
data/proteocast/abp/Src_substrate_cortactin/4.query_ProteoCast.csv,external model output; verify job provenance,ProteoCast,73e7d7886a23cf4976a8c6d8ddc1b0fe22be116d44db0cc2169739b253680021,Imported/downloaded ProteoCast mutation scores. These are not locally recomputed; query sequence validation remains required.,Preserve external snapshot; local summaries use these identified inputs without recreating the model/database
data/proteocast/abp/Src_substrate_cortactin/rsa_values.csv,external bundle; RSA recipe unresolved,ProteoCast bundle,e394aa84e2d1e688e9b047f36e8a0b3a3ae9be9d031817541dd188661963b85d,RSA distributed with the model result. Its calculation must not be confused with the locally documented 7PDZ RSA.,Supplementary imported archive; not read by the current application; no replacement invented
data/proteocast/abp/Talin_1/4.query_ProteoCast.csv,external model output; verify job provenance,ProteoCast,fd9967f37bed5ff53535c330af5c72a253bd29b96e3b89fec33c07af92e44574,Imported/downloaded ProteoCast mutation scores. These are not locally recomputed; query sequence validation remains required.,Preserve external snapshot; local summaries use these identified inputs without recreating the model/database
data/proteocast/abp/Talin_1/rsa_values.csv,external bundle; RSA recipe unresolved,ProteoCast bundle,aac675908013576613df55a7985a78b6e027c30f395b00b505df0f350e0b0d73,RSA distributed with the model result. Its calculation must not be confused with the locally documented 7PDZ RSA.,Supplementary imported archive; not read by the current application; no replacement invented
data/proteocast/abp/Tropomodulin_1/4.query_ProteoCast.csv,external model output; verify job provenance,ProteoCast,2d570e2220fe439edfb3347990e5b704a54f1e5937de72cdc1ebc65d44d4b5af,Imported/downloaded ProteoCast mutation scores. These are not locally recomputed; query sequence validation remains required.,Preserve external snapshot; local summaries use these identified inputs without recreating the model/database
data/proteocast/abp/Tropomodulin_1/rsa_values.csv,external bundle; RSA recipe unresolved,ProteoCast bundle,6b678016262cbf116a344e5b3e7ca1e2e95165027da28e4f890b3a8591f3552b,RSA distributed with the model result. Its calculation must not be confused with the locally documented 7PDZ RSA.,Supplementary imported archive; not read by the current application; no replacement invented
data/proteocast/abp/Tropomyosin_1_9/4.query_ProteoCast.csv,external model output; verify job provenance,ProteoCast,eca9e24ce6100b4348f67996e5e0266b3507db72453ce91e34063292ec73fc1b,Imported/downloaded ProteoCast mutation scores. These are not locally recomputed; query sequence validation remains required.,Preserve external snapshot; local summaries use these identified inputs without recreating the model/database
data/proteocast/abp/Tropomyosin_1_9/rsa_values.csv,external bundle; RSA recipe unresolved,ProteoCast bundle,e8b6501aded5bbb652bc2301cc6ba5a38f3d2e63ae059f6424e8009d61f4ee8a,RSA distributed with the model result. Its calculation must not be confused with the locally documented 7PDZ RSA.,Supplementary imported archive; not read by the current application; no replacement invented
data/proteocast/abp/Tropomyosin_alpha_1_chain/4.query_ProteoCast.csv,external model output; verify job provenance,ProteoCast,0a821554b0d5a7bd8e1a8c8cb5ef48bdb2869287a924e4ea5a301783f5965523,Imported/downloaded ProteoCast mutation scores. These are not locally recomputed; query sequence validation remains required.,Preserve external snapshot; local summaries use these identified inputs without recreating the model/database
data/proteocast/abp/Tropomyosin_alpha_1_chain/rsa_values.csv,external bundle; RSA recipe unresolved,ProteoCast bundle,2ae35f44ffdbf800ad6912901893b9a0a12af85b21408fb7f0614986883a6126,RSA distributed with the model result. Its calculation must not be confused with the locally documented 7PDZ RSA.,Supplementary imported archive; not read by the current application; no replacement invented
data/proteocast/abp/Tropomyosin_beta_chain/4.query_ProteoCast.csv,external model output; verify job provenance,ProteoCast,15e542aaac1d287b9eb89db4628c02b979d0ec0ff3d4ec8e4ac1f5b72772fc2f,Imported/downloaded ProteoCast mutation scores. These are not locally recomputed; query sequence validation remains required.,Preserve external snapshot; local summaries use these identified inputs without recreating the model/database
data/proteocast/abp/Tropomyosin_beta_chain/rsa_values.csv,external bundle; RSA recipe unresolved,ProteoCast bundle,46887ecdf9bc17247aa3bf7ecd5a43badea0b820545553a00e583b627ad5ae19,RSA distributed with the model result. Its calculation must not be confused with the locally documented 7PDZ RSA.,Supplementary imported archive; not read by the current application; no replacement invented
data/proteocast/abp/Troponin_T2_cardiac_type/4.query_ProteoCast.csv,external model output; verify job provenance,ProteoCast,4e4cbc3ec1161c05cb6c2574277827cc8060285383e7064628240e0ade629a1a,Imported/downloaded ProteoCast mutation scores. These are not locally recomputed; query sequence validation remains required.,Preserve external snapshot; local summaries use these identified inputs without recreating the model/database
data/proteocast/abp/Troponin_T2_cardiac_type/rsa_values.csv,external bundle; RSA recipe unresolved,ProteoCast bundle,9c4583185fcb1bf1701df50c659ddb69326fa0a6caf361211a80a852c167228b,RSA distributed with the model result. Its calculation must not be confused with the locally documented 7PDZ RSA.,Supplementary imported archive; not read by the current application; no replacement invented
data/proteocast/abp/Unconventional_myosin_Ib/4.query_ProteoCast.csv,external model output; verify job provenance,ProteoCast,c67400af48e63481b67b62a0510afdbdd094c92ec04f61a5187f1ebc64fc523a,Imported/downloaded ProteoCast mutation scores. These are not locally recomputed; query sequence validation remains required.,Preserve external snapshot; local summaries use these identified inputs without recreating the model/database
data/proteocast/abp/Unconventional_myosin_Ib/rsa_values.csv,external bundle; RSA recipe unresolved,ProteoCast bundle,c7a6085cf83186a1bf93fc0f0e693c48028356b6cb7b7b74c33d6ae244b37e91,RSA distributed with the model result. Its calculation must not be confused with the locally documented 7PDZ RSA.,Supplementary imported archive; not read by the current application; no replacement invented
data/proteocast/abp/Vinculin/4.query_ProteoCast.csv,external model output; verify job provenance,ProteoCast,99ba70e5c7b475066adcacbddf64e9865e7e0278e828df902169d19fa3b62112,Imported/downloaded ProteoCast mutation scores. These are not locally recomputed; query sequence validation remains required.,Preserve external snapshot; local summaries use these identified inputs without recreating the model/database
data/proteocast/abp/Vinculin/rsa_values.csv,external bundle; RSA recipe unresolved,ProteoCast bundle,4c884d0c1e4234cb895d4630b8dfb8487c55d679a8a41258eb39fbbfde13eea5,RSA distributed with the model result. Its calculation must not be confused with the locally documented 7PDZ RSA.,Supplementary imported archive; not read by the current application; no replacement invented
data/proteocast/abp/WD_repeat_containing_protein_1_Methylated_DNA_prot/4.query_ProteoCast.csv,external model output; verify job provenance,ProteoCast,62c7e5896e9c0f38b49e64a24e95adc8ff25fa06972bdead378ebe6400d3b843,Imported/downloaded ProteoCast mutation scores. These are not locally recomputed; query sequence validation remains required.,Preserve external snapshot; local summaries use these identified inputs without recreating the model/database
data/proteocast/abp/beta_cardiac_myosin_II/4.query_ProteoCast.csv,external model output; verify job provenance,ProteoCast,38733c5a94d10352f8169356f1f73ccfe1cc29f56fbd7d84c05044b81e01b4ce,Imported/downloaded ProteoCast mutation scores. These are not locally recomputed; query sequence validation remains required.,Preserve external snapshot; local summaries use these identified inputs without recreating the model/database
data/proteocast/abp/beta_cardiac_myosin_II/rsa_values.csv,external bundle; RSA recipe unresolved,ProteoCast bundle,ee097bf1ed99c1d698e8c5ece3e3aeba8816b55753e81a9d018aac574b209c4b,RSA distributed with the model result. Its calculation must not be confused with the locally documented 7PDZ RSA.,Supplementary imported archive; not read by the current application; no replacement invented
data/proteocast/abp_inputs/manifest.csv,producer recipe found; historical build unverified,script/proteocast_prep_manifest.py,e2248a7e05836806a02a9750df02e6efb38c61f91175b4fd9f0bc0ef36cf9201,The producing code is present. No original input/code/output receipt proves how this historical copy was built.,Keep reviewed accession choices; do not regenerate ambiguous identities from a protein name
data/proteocast/actin/4.query_ProteoCast.csv,imported snapshot; release date unknown,stage,909024144ba3aa29fe879bbdb4c2c661a74ee30d90d4b993406500e6d81cd4e4,"An imported database/model result, not a local measurement. Import time is not database release time.",Preserve external snapshot; local summaries use these identified inputs without recreating the model/database
data/proteocast/conservation_vs_asa_per_position.csv,unresolved historical provenance,,9e74b08cd8973d457cdd3cf1bf59c72332c02f3557f52b993f1b54e88780074e,Legacy RSA origin unresolved; excluded from current RSA values and sensitivity summaries.,"Archived, excluded from current RSA; replaced by documented local calculation"
data/raw/all_data.csv,producer recipe found; historical build unverified,script/data_extract/get_cluster_table.py,23d6edee482d67f076793d2a5e27ab73dfbcebe8cc0259c854b08cdc839ed51a,The producing code is present. No original input/code/output receipt proves how this historical copy was built.,Existing source pipeline; outside the offline result rebuild (historical execution not certified)
data/raw/pdb_entry_results.csv,producer recipe found; historical build unverified,script/data_extract/get_pdb_entries.py,d52ecda157bd56063984fde0bc7407375dd3a321c422eb0397af4af78dd5f7bc,The producing code is present. No original input/code/output receipt proves how this historical copy was built.,Existing source pipeline; outside the offline result rebuild (historical execution not certified)
data/raw/ppi3d_actin_summary.csv,producer recipe found; historical build unverified,script/data_extract/get_summary_results.py,3f58663c6393ed8d6c83b5688975d879943dcec7389f7023eab863c2bbe010c8,The producing code is present. No original input/code/output receipt proves how this historical copy was built.,Existing source pipeline; outside the offline result rebuild (historical execution not certified)
data/visualisations/actin_s1_abp_p60709.csv,current,figures,c915e781e9d918d7ad5ef9e3c32e322573ad727e30b6124b4da877059cf98fe5,Locally reproducible from the inputs listed in its build receipt; upstream source limitations still apply.,Rebuilt automatically when its sources or code change
data/visualisations/actin_s1_homo_p60709.csv,current,figures,45586fff9b031ecb4570ec62e0ad046a1174bd67ad6cdd657bcbc70b867463b4,Locally reproducible from the inputs listed in its build receipt; upstream source limitations still apply.,Rebuilt automatically when its sources or code change
reports/scientific_audit/all_interface_geometry.csv,current,interface_geometry,80b8f7409fc76cc0381f4bfaa8964fc1ba1c016350697983c2a361c37f56f75e,Locally reproducible from the inputs listed in its build receipt; upstream source limitations still apply.,Rebuilt automatically when its sources or code change
reports/scientific_audit/all_interface_geometry_coverage.csv,current,interface_geometry,e8c27e1844965b948a2b4912e4eda6944df59475afb63c890040f28732ccec7f,Locally reproducible from the inputs listed in its build receipt; upstream source limitations still apply.,Rebuilt automatically when its sources or code change
reports/scientific_audit/all_interface_geometry_summary.csv,current,interface_geometry,fc452ecc2fdf75d10e42b0e9bf4cfd39b9bcfc7bc86e048de67e5411442cce78,Locally reproducible from the inputs listed in its build receipt; upstream source limitations still apply.,Rebuilt automatically when its sources or code change
reports/scientific_audit/conservation_correlations.csv,current,scientific_tables,04860fa01d4b0fa433c42fdf925c2c11ad36a0ecfcebe51f33ee5b735b9856ce,Locally reproducible from the inputs listed in its build receipt; upstream source limitations still apply.,Rebuilt automatically when its sources or code change
reports/scientific_audit/conservation_footprints.csv,current,scientific_tables,0a94202d0f4f2b88c1747c968da1d3d61add8c607cf2cf8b3c96978560c57c1d,Locally reproducible from the inputs listed in its build receipt; upstream source limitations still apply.,Rebuilt automatically when its sources or code change
reports/scientific_audit/conservation_profiles.csv,current,scientific_tables,d1b1aed4aaa684428230dbe7f21eadb4786bf95d0b565fe8b52bc05bde10499d,Locally reproducible from the inputs listed in its build receipt; upstream source limitations still apply.,Rebuilt automatically when its sources or code change
reports/scientific_audit/cross_gene_abp_details.csv,current,scientific_tables,993547143abadd67d55d3f9185d71908e23bd3c91984a2e3c607b299c0a9ee94,Locally reproducible from the inputs listed in its build receipt; upstream source limitations still apply.,Rebuilt automatically when its sources or code change
reports/scientific_audit/cross_gene_abp_summaries.csv,current,scientific_tables,dc6a381b7be26a3b58f32cfcc69581b8ead96551a31a6815cd66cfef79df1686,Locally reproducible from the inputs listed in its build receipt; upstream source limitations still apply.,Rebuilt automatically when its sources or code change
reports/scientific_audit/cross_gene_observations.csv,current,scientific_tables,8b22e2c455505b1732b46e78796c603a3f61b9adfee2942657cd5a42bc5a74a7,Locally reproducible from the inputs listed in its build receipt; upstream source limitations still apply.,Rebuilt automatically when its sources or code change
reports/scientific_audit/cross_gene_pair_counts.csv,current,scientific_tables,e7cf2a742083aec82d9b0a0c2ff826170ec5b7ddbce00b7b7a4ac9d319985241,Locally reproducible from the inputs listed in its build receipt; upstream source limitations still apply.,Rebuilt automatically when its sources or code change
reports/scientific_audit/filament_accessibility_7pdz_I.csv,current,rsa,6b1ce398fe1b997f2708df607c929494cd4f848c3798b9ad2c30e7544e8b73c2,Locally reproducible from the inputs listed in its build receipt; upstream source limitations still apply.,Rebuilt automatically when its sources or code change
reports/scientific_audit/filament_accessibility_convergence.csv,current,rsa,d8effa2179c82567cd5b20c86c8375a373c4e703c50d7b511b6f4817d31eccbc,Locally reproducible from the inputs listed in its build receipt; upstream source limitations still apply.,Rebuilt automatically when its sources or code change
reports/scientific_audit/folddisco_local_queries.csv,current,folddisco_controls,7a98a8ec243a87a56ec12b5e06fdf53d0def3df3aa5e7ac4c848d5d841c094c2,Locally reproducible from the inputs listed in its build receipt; upstream source limitations still apply.,Rebuilt automatically when its sources or code change
reports/scientific_audit/folddisco_shared_site_controls.csv,current,folddisco_controls,4e4b542ac07e6de66ad3dd679c7f877eb0f858bbccec9f11671ac2ca516e7bf6,Locally reproducible from the inputs listed in its build receipt; upstream source limitations still apply.,Rebuilt automatically when its sources or code change
reports/scientific_audit/interface_c70.csv,current,scientific_tables,009b0dfc7c0b44437bb289013639c4de166a1b526ce8e252fc9515c640380281,Locally reproducible from the inputs listed in its build receipt; upstream source limitations still apply.,Rebuilt automatically when its sources or code change
reports/scientific_audit/interface_context.csv,current,scientific_tables,155547ed23d3b8c0f9bfba5080f1f96a9fdd6f9f0b263ad44d66b5aee932d2df,Locally reproducible from the inputs listed in its build receipt; upstream source limitations still apply.,Rebuilt automatically when its sources or code change
reports/scientific_audit/interface_occurrences.csv,current,scientific_tables,9bc236015d6d724d5950a4b76759d4179a9511bdd7662826d123d809018aee6b,Locally reproducible from the inputs listed in its build receipt; upstream source limitations still apply.,Rebuilt automatically when its sources or code change
reports/scientific_audit/interface_sites.csv,current,scientific_tables,d9d99c929251a7aec593ad0572669b60889f3997a4f5aa08798ac64fe1a56a1e,Locally reproducible from the inputs listed in its build receipt; upstream source limitations still apply.,Rebuilt automatically when its sources or code change
reports/scientific_audit/partner_chemistry_per_abp.csv,current,scientific_tables,b6538e5d1c6fc71ec8f5b233f99231fa4cfb06a4eb52bd3c3116f6e9abbe7d14,Locally reproducible from the inputs listed in its build receipt; upstream source limitations still apply.,Rebuilt automatically when its sources or code change
reports/scientific_audit/partner_chemistry_positions.csv,current,scientific_tables,e0073127fe5b7db5711337710759dd700273116ddb7ab03c937ee00c15e13623,Locally reproducible from the inputs listed in its build receipt; upstream source limitations still apply.,Rebuilt automatically when its sources or code change
reports/scientific_audit/proteocast_availability.csv,current,proteocast_availability,a47eb0b948c06314cf3b4e4ef48e1c0fa701bd2fdde8fca48d10c48695cc5b51,Locally reproducible from the inputs listed in its build receipt; upstream source limitations still apply.,Rebuilt automatically when its sources or code change
reports/scientific_audit/representative_geometry.csv,current,representative_geometry,97f77f142f0c9cb2ecfa95adea3740d1c5d0a052f6b99338e8e1893b03e2fa38,Locally reproducible from the inputs listed in its build receipt; upstream source limitations still apply.,Rebuilt automatically when its sources or code change
reports/scientific_audit/representative_geometry_summary.csv,current,representative_geometry,df2c74604cac0313fb5e0903909d0548fb4fac422f013f8a83a2e8711f5a8c01,Locally reproducible from the inputs listed in its build receipt; upstream source limitations still apply.,Rebuilt automatically when its sources or code change
reports/scientific_audit/rigid_filament_proximity.csv,current,filament_proximity,bb95de5fae6b1072aa0ebda21bc4e0635c71644322be56428be15def723845db,Locally reproducible from the inputs listed in its build receipt; upstream source limitations still apply.,Rebuilt automatically when its sources or code change
reports/scientific_audit/variant_exclusions.csv,current,scientific_tables,767946ad5d8e4f4a4a2f807774c4684f84f9037d98a10e903d574f57994b7060,Locally reproducible from the inputs listed in its build receipt; upstream source limitations still apply.,Rebuilt automatically when its sources or code change
reports/scientific_audit/variant_mapping.csv,current,scientific_tables,81dec11602d7f57e570509d8517191e16f216a1c6103963e0c5cbc305f2ee3fb,Locally reproducible from the inputs listed in its build receipt; upstream source limitations still apply.,Rebuilt automatically when its sources or code change
